series,origin,target,h,method,inside,above,below,width_pct,period
Borno | Millet,2021-01-01,2021-02-01,1,All past changes,True,False,False,30.926383564608816,before shock
Borno | Millet,2021-01-01,2021-02-01,1,Last 24 months only,True,False,False,22.626581329805816,before shock
Borno | Oil (palm),2021-01-01,2021-02-01,1,All past changes,False,True,False,16.344925742542728,before shock
Borno | Oil (palm),2021-01-01,2021-02-01,1,Last 24 months only,False,True,False,9.06916959700743,before shock
Borno | Rice (imported),2021-01-01,2021-02-01,1,All past changes,True,False,False,13.090250387761982,before shock
Borno | Rice (imported),2021-01-01,2021-02-01,1,Last 24 months only,True,False,False,9.790135993480408,before shock
Borno | Rice (local),2021-01-01,2021-02-01,1,All past changes,True,False,False,21.748680383043283,before shock
Borno | Rice (local),2021-01-01,2021-02-01,1,Last 24 months only,True,False,False,20.30212530738883,before shock
Borno | Yam,2021-01-01,2021-02-01,1,All past changes,True,False,False,49.01405364889837,before shock
Borno | Yam,2021-01-01,2021-02-01,1,Last 24 months only,True,False,False,24.673052947412266,before shock
Yobe | Millet,2021-01-01,2021-02-01,1,All past changes,True,False,False,30.926383564608816,before shock
Yobe | Millet,2021-01-01,2021-02-01,1,Last 24 months only,True,False,False,22.626581329805816,before shock
Yobe | Oil (palm),2021-01-01,2021-02-01,1,All past changes,True,False,False,16.344925742542728,before shock
Yobe | Oil (palm),2021-01-01,2021-02-01,1,Last 24 months only,True,False,False,9.06916959700743,before shock
Yobe | Rice (imported),2021-01-01,2021-02-01,1,All past changes,True,False,False,13.090250387761982,before shock
Yobe | Rice (imported),2021-01-01,2021-02-01,1,Last 24 months only,True,False,False,9.790135993480408,before shock
Yobe | Rice (local),2021-01-01,2021-02-01,1,All past changes,True,False,False,21.748680383043283,before shock
Yobe | Rice (local),2021-01-01,2021-02-01,1,Last 24 months only,True,False,False,20.30212530738883,before shock
Yobe | Yam,2021-01-01,2021-02-01,1,All past changes,True,False,False,49.01405364889837,before shock
Yobe | Yam,2021-01-01,2021-02-01,1,Last 24 months only,True,False,False,24.673052947412266,before shock
Borno | Millet,2021-02-01,2021-03-01,1,All past changes,False,True,False,30.324165122632397,before shock
Borno | Millet,2021-02-01,2021-03-01,1,Last 24 months only,False,True,False,21.234024040658294,before shock
Borno | Oil (palm),2021-02-01,2021-03-01,1,All past changes,True,False,False,16.517164523673255,before shock
Borno | Oil (palm),2021-02-01,2021-03-01,1,Last 24 months only,True,False,False,9.839904587898573,before shock
Borno | Rice (imported),2021-02-01,2021-03-01,1,All past changes,True,False,False,12.600209669962293,before shock
Borno | Rice (imported),2021-02-01,2021-03-01,1,Last 24 months only,False,True,False,9.790135993480408,before shock
Borno | Rice (local),2021-02-01,2021-03-01,1,All past changes,True,False,False,21.227911761470498,before shock
Borno | Rice (local),2021-02-01,2021-03-01,1,Last 24 months only,True,False,False,17.236326441921957,before shock
Borno | Yam,2021-02-01,2021-03-01,1,All past changes,True,False,False,48.35812759793042,before shock
Borno | Yam,2021-02-01,2021-03-01,1,Last 24 months only,True,False,False,24.673052947412266,before shock
Yobe | Millet,2021-02-01,2021-03-01,1,All past changes,False,True,False,30.324165122632397,before shock
Yobe | Millet,2021-02-01,2021-03-01,1,Last 24 months only,False,True,False,21.234024040658294,before shock
Yobe | Oil (palm),2021-02-01,2021-03-01,1,All past changes,True,False,False,16.517164523673255,before shock
Yobe | Oil (palm),2021-02-01,2021-03-01,1,Last 24 months only,True,False,False,9.839904587898573,before shock
Yobe | Rice (imported),2021-02-01,2021-03-01,1,All past changes,True,False,False,12.600209669962293,before shock
Yobe | Rice (imported),2021-02-01,2021-03-01,1,Last 24 months only,True,False,False,9.790135993480408,before shock
Yobe | Rice (local),2021-02-01,2021-03-01,1,All past changes,False,True,False,21.227911761470498,before shock
Yobe | Rice (local),2021-02-01,2021-03-01,1,Last 24 months only,True,False,False,17.236326441921957,before shock
Yobe | Yam,2021-02-01,2021-03-01,1,All past changes,True,False,False,48.35812759793042,before shock
Yobe | Yam,2021-02-01,2021-03-01,1,Last 24 months only,False,True,False,24.673052947412266,before shock
Borno | Millet,2021-03-01,2021-04-01,1,All past changes,True,False,False,31.146160057953963,before shock
Borno | Millet,2021-03-01,2021-04-01,1,Last 24 months only,True,False,False,23.680705756230946,before shock
Borno | Oil (palm),2021-03-01,2021-04-01,1,All past changes,True,False,False,16.473771098037847,before shock
Borno | Oil (palm),2021-03-01,2021-04-01,1,Last 24 months only,True,False,False,8.70806810937541,before shock
Borno | Rice (imported),2021-03-01,2021-04-01,1,All past changes,True,False,False,12.620965205375722,before shock
Borno | Rice (imported),2021-03-01,2021-04-01,1,Last 24 months only,False,False,True,10.299110504782371,before shock
Borno | Rice (local),2021-03-01,2021-04-01,1,All past changes,True,False,False,21.690575685324376,before shock
Borno | Rice (local),2021-03-01,2021-04-01,1,Last 24 months only,True,False,False,17.420875572252015,before shock
Borno | Yam,2021-03-01,2021-04-01,1,All past changes,True,False,False,47.70329111942292,before shock
Borno | Yam,2021-03-01,2021-04-01,1,Last 24 months only,True,False,False,25.162466055899955,before shock
Yobe | Millet,2021-03-01,2021-04-01,1,All past changes,True,False,False,31.146160057953963,before shock
Yobe | Millet,2021-03-01,2021-04-01,1,Last 24 months only,True,False,False,23.680705756230946,before shock
Yobe | Oil (palm),2021-03-01,2021-04-01,1,All past changes,False,False,True,16.473771098037847,before shock
Yobe | Oil (palm),2021-03-01,2021-04-01,1,Last 24 months only,False,False,True,8.70806810937541,before shock
Yobe | Rice (imported),2021-03-01,2021-04-01,1,All past changes,True,False,False,12.620965205375722,before shock
Yobe | Rice (imported),2021-03-01,2021-04-01,1,Last 24 months only,True,False,False,10.299110504782371,before shock
Yobe | Rice (local),2021-03-01,2021-04-01,1,All past changes,False,False,True,21.690575685324376,before shock
Yobe | Rice (local),2021-03-01,2021-04-01,1,Last 24 months only,False,False,True,17.420875572252015,before shock
Yobe | Yam,2021-03-01,2021-04-01,1,All past changes,False,True,False,47.70329111942292,before shock
Yobe | Yam,2021-03-01,2021-04-01,1,Last 24 months only,False,True,False,25.162466055899955,before shock
Borno | Millet,2021-04-01,2021-05-01,1,All past changes,True,False,False,30.532395306204506,before shock
Borno | Millet,2021-04-01,2021-05-01,1,Last 24 months only,True,False,False,23.680705756230946,before shock
Borno | Oil (palm),2021-04-01,2021-05-01,1,All past changes,True,False,False,16.517613667551522,before shock
Borno | Oil (palm),2021-04-01,2021-05-01,1,Last 24 months only,True,False,False,9.839904587898573,before shock
Borno | Rice (imported),2021-04-01,2021-05-01,1,All past changes,True,False,False,12.277724754358966,before shock
Borno | Rice (imported),2021-04-01,2021-05-01,1,Last 24 months only,True,False,False,10.38407695322795,before shock
Borno | Rice (local),2021-04-01,2021-05-01,1,All past changes,True,False,False,22.778656665890473,before shock
Borno | Rice (local),2021-04-01,2021-05-01,1,Last 24 months only,True,False,False,20.48667443771889,before shock
Borno | Yam,2021-04-01,2021-05-01,1,All past changes,True,False,False,49.32557864091418,before shock
Borno | Yam,2021-04-01,2021-05-01,1,Last 24 months only,True,False,False,29.569224745475786,before shock
Yobe | Millet,2021-04-01,2021-05-01,1,All past changes,True,False,False,30.532395306204506,before shock
Yobe | Millet,2021-04-01,2021-05-01,1,Last 24 months only,True,False,False,23.680705756230946,before shock
Yobe | Oil (palm),2021-04-01,2021-05-01,1,All past changes,False,True,False,16.517613667551522,before shock
Yobe | Oil (palm),2021-04-01,2021-05-01,1,Last 24 months only,False,True,False,9.839904587898573,before shock
Yobe | Rice (imported),2021-04-01,2021-05-01,1,All past changes,True,False,False,12.277724754358966,before shock
Yobe | Rice (imported),2021-04-01,2021-05-01,1,Last 24 months only,True,False,False,10.38407695322795,before shock
Yobe | Rice (local),2021-04-01,2021-05-01,1,All past changes,False,True,False,22.778656665890473,before shock
Yobe | Rice (local),2021-04-01,2021-05-01,1,Last 24 months only,False,True,False,20.48667443771889,before shock
Yobe | Yam,2021-04-01,2021-05-01,1,All past changes,False,False,True,49.32557864091418,before shock
Yobe | Yam,2021-04-01,2021-05-01,1,Last 24 months only,False,False,True,29.569224745475786,before shock
Borno | Millet,2021-05-01,2021-06-01,1,All past changes,True,False,False,30.125869256903325,before shock
Borno | Millet,2021-05-01,2021-06-01,1,Last 24 months only,True,False,False,22.622400985258505,before shock
Borno | Oil (palm),2021-05-01,2021-06-01,1,All past changes,True,False,False,16.603991728886257,before shock
Borno | Oil (palm),2021-05-01,2021-06-01,1,Last 24 months only,True,False,False,10.92973865772019,before shock
Borno | Rice (imported),2021-05-01,2021-06-01,1,All past changes,True,False,False,11.944393611486227,before shock
Borno | Rice (imported),2021-05-01,2021-06-01,1,Last 24 months only,True,False,False,10.38407695322795,before shock
Borno | Rice (local),2021-05-01,2021-06-01,1,All past changes,True,False,False,22.634544912679534,before shock
Borno | Rice (local),2021-05-01,2021-06-01,1,Last 24 months only,True,False,False,23.261981576788436,before shock
Borno | Yam,2021-05-01,2021-06-01,1,All past changes,True,False,False,49.67107581949547,before shock
Borno | Yam,2021-05-01,2021-06-01,1,Last 24 months only,True,False,False,29.918550602087844,before shock
Yobe | Millet,2021-05-01,2021-06-01,1,All past changes,False,True,False,30.125869256903325,before shock
Yobe | Millet,2021-05-01,2021-06-01,1,Last 24 months only,False,True,False,22.622400985258505,before shock
Yobe | Oil (palm),2021-05-01,2021-06-01,1,All past changes,True,False,False,16.603991728886257,before shock
Yobe | Oil (palm),2021-05-01,2021-06-01,1,Last 24 months only,True,False,False,10.92973865772019,before shock
Yobe | Rice (imported),2021-05-01,2021-06-01,1,All past changes,True,False,False,11.944393611486227,before shock
Yobe | Rice (imported),2021-05-01,2021-06-01,1,Last 24 months only,True,False,False,10.38407695322795,before shock
Yobe | Rice (local),2021-05-01,2021-06-01,1,All past changes,True,False,False,22.634544912679534,before shock
Yobe | Rice (local),2021-05-01,2021-06-01,1,Last 24 months only,True,False,False,23.261981576788436,before shock
Yobe | Yam,2021-05-01,2021-06-01,1,All past changes,True,False,False,49.67107581949547,before shock
Yobe | Yam,2021-05-01,2021-06-01,1,Last 24 months only,True,False,False,29.918550602087844,before shock
Borno | Millet,2021-06-01,2021-07-01,1,All past changes,True,False,False,30.87176651445953,before shock
Borno | Millet,2021-06-01,2021-07-01,1,Last 24 months only,True,False,False,24.82417967674123,before shock
Borno | Oil (palm),2021-06-01,2021-07-01,1,All past changes,True,False,False,16.56057139897119,before shock
Borno | Oil (palm),2021-06-01,2021-07-01,1,Last 24 months only,True,False,False,9.74889858232828,before shock
Borno | Rice (imported),2021-06-01,2021-07-01,1,All past changes,True,False,False,11.620256810462415,before shock
Borno | Rice (imported),2021-06-01,2021-07-01,1,Last 24 months only,True,False,False,10.38407695322795,before shock
Borno | Rice (local),2021-06-01,2021-07-01,1,All past changes,True,False,False,22.32062583734923,before shock
Borno | Rice (local),2021-06-01,2021-07-01,1,Last 24 months only,True,False,False,21.58208159991224,before shock
Borno | Yam,2021-06-01,2021-07-01,1,All past changes,True,False,False,49.01405364889837,before shock
Borno | Yam,2021-06-01,2021-07-01,1,Last 24 months only,True,False,False,32.1973935628901,before shock
Yobe | Millet,2021-06-01,2021-07-01,1,All past changes,True,False,False,30.87176651445953,before shock
Yobe | Millet,2021-06-01,2021-07-01,1,Last 24 months only,True,False,False,24.82417967674123,before shock
Yobe | Oil (palm),2021-06-01,2021-07-01,1,All past changes,False,True,False,16.56057139897119,before shock
Yobe | Oil (palm),2021-06-01,2021-07-01,1,Last 24 months only,False,True,False,9.74889858232828,before shock
Yobe | Rice (imported),2021-06-01,2021-07-01,1,All past changes,True,False,False,11.620256810462415,before shock
Yobe | Rice (imported),2021-06-01,2021-07-01,1,Last 24 months only,True,False,False,10.38407695322795,before shock
Yobe | Rice (local),2021-06-01,2021-07-01,1,All past changes,True,False,False,22.32062583734923,before shock
Yobe | Rice (local),2021-06-01,2021-07-01,1,Last 24 months only,True,False,False,21.58208159991224,before shock
Yobe | Yam,2021-06-01,2021-07-01,1,All past changes,True,False,False,49.01405364889837,before shock
Yobe | Yam,2021-06-01,2021-07-01,1,Last 24 months only,True,False,False,32.1973935628901,before shock
Borno | Millet,2021-07-01,2021-08-01,1,All past changes,True,False,False,30.455864404865828,before shock
Borno | Millet,2021-07-01,2021-08-01,1,Last 24 months only,True,False,False,24.82417967674123,before shock
Borno | Oil (palm),2021-07-01,2021-08-01,1,All past changes,False,True,False,16.99258824488664,before shock
Borno | Oil (palm),2021-07-01,2021-08-01,1,Last 24 months only,False,True,False,10.790199280611667,before shock
Borno | Rice (imported),2021-07-01,2021-08-01,1,All past changes,True,False,False,11.29597950425646,before shock
Borno | Rice (imported),2021-07-01,2021-08-01,1,Last 24 months only,True,False,False,10.38407695322795,before shock
Borno | Rice (local),2021-07-01,2021-08-01,1,All past changes,True,False,False,22.00597017004111,before shock
Borno | Rice (local),2021-07-01,2021-08-01,1,Last 24 months only,True,False,False,21.58208159991224,before shock
Borno | Yam,2021-07-01,2021-08-01,1,All past changes,True,False,False,48.35812759793042,before shock
Borno | Yam,2021-07-01,2021-08-01,1,Last 24 months only,True,False,False,32.1973935628901,before shock
Yobe | Millet,2021-07-01,2021-08-01,1,All past changes,True,False,False,30.455864404865828,before shock
Yobe | Millet,2021-07-01,2021-08-01,1,Last 24 months only,True,False,False,24.82417967674123,before shock
Yobe | Oil (palm),2021-07-01,2021-08-01,1,All past changes,True,False,False,16.99258824488664,before shock
Yobe | Oil (palm),2021-07-01,2021-08-01,1,Last 24 months only,True,False,False,10.790199280611667,before shock
Yobe | Rice (imported),2021-07-01,2021-08-01,1,All past changes,True,False,False,11.29597950425646,before shock
Yobe | Rice (imported),2021-07-01,2021-08-01,1,Last 24 months only,True,False,False,10.38407695322795,before shock
Yobe | Rice (local),2021-07-01,2021-08-01,1,All past changes,True,False,False,22.00597017004111,before shock
Yobe | Rice (local),2021-07-01,2021-08-01,1,Last 24 months only,True,False,False,21.58208159991224,before shock
Yobe | Yam,2021-07-01,2021-08-01,1,All past changes,True,False,False,48.35812759793042,before shock
Yobe | Yam,2021-07-01,2021-08-01,1,Last 24 months only,True,False,False,32.1973935628901,before shock
Borno | Millet,2021-08-01,2021-09-01,1,All past changes,True,False,False,30.040211145575235,before shock
Borno | Millet,2021-08-01,2021-09-01,1,Last 24 months only,True,False,False,24.016960545200273,before shock
Borno | Oil (palm),2021-08-01,2021-09-01,1,All past changes,True,False,False,17.790997351745517,before shock
Borno | Oil (palm),2021-08-01,2021-09-01,1,Last 24 months only,True,False,False,10.834612579904501,before shock
Borno | Rice (imported),2021-08-01,2021-09-01,1,All past changes,True,False,False,10.971560799093083,before shock
Borno | Rice (imported),2021-08-01,2021-09-01,1,Last 24 months only,False,False,True,10.299110504782371,before shock
Borno | Rice (local),2021-08-01,2021-09-01,1,All past changes,True,False,False,21.690575685324376,before shock
Borno | Rice (local),2021-08-01,2021-09-01,1,Last 24 months only,True,False,False,19.40692431231482,before shock
Borno | Yam,2021-08-01,2021-09-01,1,All past changes,True,False,False,47.70329111942292,before shock
Borno | Yam,2021-08-01,2021-09-01,1,Last 24 months only,True,False,False,32.1973935628901,before shock
Yobe | Millet,2021-08-01,2021-09-01,1,All past changes,False,False,True,30.040211145575235,before shock
Yobe | Millet,2021-08-01,2021-09-01,1,Last 24 months only,False,False,True,24.016960545200273,before shock
Yobe | Oil (palm),2021-08-01,2021-09-01,1,All past changes,True,False,False,17.790997351745517,before shock
Yobe | Oil (palm),2021-08-01,2021-09-01,1,Last 24 months only,True,False,False,10.834612579904501,before shock
Yobe | Rice (imported),2021-08-01,2021-09-01,1,All past changes,True,False,False,10.971560799093083,before shock
Yobe | Rice (imported),2021-08-01,2021-09-01,1,Last 24 months only,True,False,False,10.299110504782371,before shock
Yobe | Rice (local),2021-08-01,2021-09-01,1,All past changes,True,False,False,21.690575685324376,before shock
Yobe | Rice (local),2021-08-01,2021-09-01,1,Last 24 months only,True,False,False,19.40692431231482,before shock
Yobe | Yam,2021-08-01,2021-09-01,1,All past changes,True,False,False,47.70329111942292,before shock
Yobe | Yam,2021-08-01,2021-09-01,1,Last 24 months only,True,False,False,32.1973935628901,before shock
Borno | Millet,2021-09-01,2021-10-01,1,All past changes,True,False,False,30.532395306204506,before shock
Borno | Millet,2021-09-01,2021-10-01,1,Last 24 months only,True,False,False,24.82417967674123,before shock
Borno | Oil (palm),2021-09-01,2021-10-01,1,All past changes,True,False,False,17.50402849159316,before shock
Borno | Oil (palm),2021-09-01,2021-10-01,1,Last 24 months only,True,False,False,10.834612579904501,before shock
Borno | Rice (imported),2021-09-01,2021-10-01,1,All past changes,True,False,False,10.64699980037107,before shock
Borno | Rice (imported),2021-09-01,2021-10-01,1,Last 24 months only,True,False,False,10.38407695322795,before shock
Borno | Rice (local),2021-09-01,2021-10-01,1,All past changes,True,False,False,21.37444015133155,before shock
Borno | Rice (local),2021-09-01,2021-10-01,1,Last 24 months only,True,False,False,19.40692431231482,before shock
Borno | Yam,2021-09-01,2021-10-01,1,All past changes,True,False,False,47.04953768207041,before shock
Borno | Yam,2021-09-01,2021-10-01,1,Last 24 months only,True,False,False,32.1973935628901,before shock
Yobe | Millet,2021-09-01,2021-10-01,1,All past changes,True,False,False,30.532395306204506,before shock
Yobe | Millet,2021-09-01,2021-10-01,1,Last 24 months only,False,False,True,24.82417967674123,before shock
Yobe | Oil (palm),2021-09-01,2021-10-01,1,All past changes,True,False,False,17.50402849159316,before shock
Yobe | Oil (palm),2021-09-01,2021-10-01,1,Last 24 months only,True,False,False,10.834612579904501,before shock
Yobe | Rice (imported),2021-09-01,2021-10-01,1,All past changes,True,False,False,10.64699980037107,before shock
Yobe | Rice (imported),2021-09-01,2021-10-01,1,Last 24 months only,True,False,False,10.38407695322795,before shock
Yobe | Rice (local),2021-09-01,2021-10-01,1,All past changes,True,False,False,21.37444015133155,before shock
Yobe | Rice (local),2021-09-01,2021-10-01,1,Last 24 months only,True,False,False,19.40692431231482,before shock
Yobe | Yam,2021-09-01,2021-10-01,1,All past changes,True,False,False,47.04953768207041,before shock
Yobe | Yam,2021-09-01,2021-10-01,1,Last 24 months only,True,False,False,32.1973935628901,before shock
Borno | Millet,2021-10-01,2021-11-01,1,All past changes,True,False,False,30.125869256903325,before shock
Borno | Millet,2021-10-01,2021-11-01,1,Last 24 months only,True,False,False,25.010713925596882,before shock
Borno | Oil (palm),2021-10-01,2021-11-01,1,All past changes,True,False,False,17.184684000909712,before shock
Borno | Oil (palm),2021-10-01,2021-11-01,1,Last 24 months only,True,False,False,10.834612579904501,before shock
Borno | Rice (imported),2021-10-01,2021-11-01,1,All past changes,True,False,False,10.481383244911935,before shock
Borno | Rice (imported),2021-10-01,2021-11-01,1,Last 24 months only,True,False,False,9.43586422866992,before shock
Borno | Rice (local),2021-10-01,2021-11-01,1,All past changes,True,False,False,20.906462910634538,before shock
Borno | Rice (local),2021-10-01,2021-11-01,1,Last 24 months only,True,False,False,16.63161717324527,before shock
Borno | Yam,2021-10-01,2021-11-01,1,All past changes,True,False,False,46.03838901506677,before shock
Borno | Yam,2021-10-01,2021-11-01,1,Last 24 months only,True,False,False,31.848067706278037,before shock
Yobe | Millet,2021-10-01,2021-11-01,1,All past changes,True,False,False,30.125869256903325,before shock
Yobe | Millet,2021-10-01,2021-11-01,1,Last 24 months only,True,False,False,25.010713925596882,before shock
Yobe | Oil (palm),2021-10-01,2021-11-01,1,All past changes,True,False,False,17.184684000909712,before shock
Yobe | Oil (palm),2021-10-01,2021-11-01,1,Last 24 months only,True,False,False,10.834612579904501,before shock
Yobe | Rice (imported),2021-10-01,2021-11-01,1,All past changes,True,False,False,10.481383244911935,before shock
Yobe | Rice (imported),2021-10-01,2021-11-01,1,Last 24 months only,True,False,False,9.43586422866992,before shock
Yobe | Rice (local),2021-10-01,2021-11-01,1,All past changes,True,False,False,20.906462910634538,before shock
Yobe | Rice (local),2021-10-01,2021-11-01,1,Last 24 months only,True,False,False,16.63161717324527,before shock
Yobe | Yam,2021-10-01,2021-11-01,1,All past changes,True,False,False,46.03838901506677,before shock
Yobe | Yam,2021-10-01,2021-11-01,1,Last 24 months only,True,False,False,31.848067706278037,before shock
Borno | Millet,2021-11-01,2021-12-01,1,All past changes,True,False,False,29.927080676825145,before shock
Borno | Millet,2021-11-01,2021-12-01,1,Last 24 months only,True,False,False,25.010713925596882,before shock
Borno | Oil (palm),2021-11-01,2021-12-01,1,All past changes,True,False,False,16.83224172985508,before shock
Borno | Oil (palm),2021-11-01,2021-12-01,1,Last 24 months only,True,False,False,10.834612579904501,before shock
Borno | Rice (imported),2021-11-01,2021-12-01,1,All past changes,True,False,False,10.451396042450078,before shock
Borno | Rice (imported),2021-11-01,2021-12-01,1,Last 24 months only,False,False,True,9.43586422866992,before shock
Borno | Rice (local),2021-11-01,2021-12-01,1,All past changes,True,False,False,20.286584318889478,before shock
Borno | Rice (local),2021-11-01,2021-12-01,1,Last 24 months only,True,False,False,16.63161717324527,before shock
Borno | Yam,2021-11-01,2021-12-01,1,All past changes,True,False,False,44.675225300172336,before shock
Borno | Yam,2021-11-01,2021-12-01,1,Last 24 months only,True,False,False,27.31407526462717,before shock
Yobe | Millet,2021-11-01,2021-12-01,1,All past changes,True,False,False,29.927080676825145,before shock
Yobe | Millet,2021-11-01,2021-12-01,1,Last 24 months only,True,False,False,25.010713925596882,before shock
Yobe | Oil (palm),2021-11-01,2021-12-01,1,All past changes,True,False,False,16.83224172985508,before shock
Yobe | Oil (palm),2021-11-01,2021-12-01,1,Last 24 months only,True,False,False,10.834612579904501,before shock
Yobe | Rice (imported),2021-11-01,2021-12-01,1,All past changes,True,False,False,10.451396042450078,before shock
Yobe | Rice (imported),2021-11-01,2021-12-01,1,Last 24 months only,True,False,False,9.43586422866992,before shock
Yobe | Rice (local),2021-11-01,2021-12-01,1,All past changes,True,False,False,20.286584318889478,before shock
Yobe | Rice (local),2021-11-01,2021-12-01,1,Last 24 months only,False,False,True,16.63161717324527,before shock
Yobe | Yam,2021-11-01,2021-12-01,1,All past changes,True,False,False,44.675225300172336,before shock
Yobe | Yam,2021-11-01,2021-12-01,1,Last 24 months only,True,False,False,27.31407526462717,before shock
Borno | Millet,2021-12-01,2022-01-01,1,All past changes,True,False,False,29.728007570498892,before shock
Borno | Millet,2021-12-01,2022-01-01,1,Last 24 months only,True,False,False,25.010713925596882,before shock
Borno | Oil (palm),2021-12-01,2022-01-01,1,All past changes,True,False,False,16.47957245295052,before shock
Borno | Oil (palm),2021-12-01,2022-01-01,1,Last 24 months only,True,False,False,10.834612579904501,before shock
Borno | Rice (imported),2021-12-01,2022-01-01,1,All past changes,True,False,False,10.421400960437454,before shock
Borno | Rice (imported),2021-12-01,2022-01-01,1,Last 24 months only,True,False,False,9.561583748252755,before shock
Borno | Rice (local),2021-12-01,2022-01-01,1,All past changes,True,False,False,19.797458121291488,before shock
Borno | Rice (local),2021-12-01,2022-01-01,1,Last 24 months only,True,False,False,16.63161717324527,before shock
Borno | Yam,2021-12-01,2022-01-01,1,All past changes,True,False,False,43.32024679665596,before shock
Borno | Yam,2021-12-01,2022-01-01,1,Last 24 months only,True,False,False,24.47635639468303,before shock
Yobe | Millet,2021-12-01,2022-01-01,1,All past changes,True,False,False,29.728007570498892,before shock
Yobe | Millet,2021-12-01,2022-01-01,1,Last 24 months only,True,False,False,25.010713925596882,before shock
Yobe | Oil (palm),2021-12-01,2022-01-01,1,All past changes,True,False,False,16.47957245295052,before shock
Yobe | Oil (palm),2021-12-01,2022-01-01,1,Last 24 months only,True,False,False,10.834612579904501,before shock
Yobe | Rice (imported),2021-12-01,2022-01-01,1,All past changes,True,False,False,10.421400960437454,before shock
Yobe | Rice (imported),2021-12-01,2022-01-01,1,Last 24 months only,True,False,False,9.561583748252755,before shock
Yobe | Rice (local),2021-12-01,2022-01-01,1,All past changes,True,False,False,19.797458121291488,before shock
Yobe | Rice (local),2021-12-01,2022-01-01,1,Last 24 months only,True,False,False,16.63161717324527,before shock
Yobe | Yam,2021-12-01,2022-01-01,1,All past changes,True,False,False,43.32024679665596,before shock
Yobe | Yam,2021-12-01,2022-01-01,1,Last 24 months only,True,False,False,24.47635639468303,before shock
Borno | Millet,2022-01-01,2022-02-01,1,All past changes,True,False,False,29.528649388292305,before shock
Borno | Millet,2022-01-01,2022-02-01,1,Last 24 months only,True,False,False,25.010713925596882,before shock
Borno | Oil (palm),2022-01-01,2022-02-01,1,All past changes,True,False,False,16.126674877352787,before shock
Borno | Oil (palm),2022-01-01,2022-02-01,1,Last 24 months only,False,False,True,10.60685485319378,before shock
Borno | Rice (imported),2022-01-01,2022-02-01,1,All past changes,True,False,False,10.391397996597762,before shock
Borno | Rice (imported),2022-01-01,2022-02-01,1,Last 24 months only,True,False,False,9.561583748252755,before shock
Borno | Rice (local),2022-01-01,2022-02-01,1,All past changes,True,False,False,19.229223661089623,before shock
Borno | Rice (local),2022-01-01,2022-02-01,1,Last 24 months only,False,False,True,15.91344482817062,before shock
Borno | Yam,2022-01-01,2022-02-01,1,All past changes,True,False,False,41.97337488395113,before shock
Borno | Yam,2022-01-01,2022-02-01,1,Last 24 months only,True,False,False,24.47635639468303,before shock
Yobe | Millet,2022-01-01,2022-02-01,1,All past changes,True,False,False,29.528649388292305,before shock
Yobe | Millet,2022-01-01,2022-02-01,1,Last 24 months only,True,False,False,25.010713925596882,before shock
Yobe | Oil (palm),2022-01-01,2022-02-01,1,All past changes,True,False,False,16.126674877352787,before shock
Yobe | Oil (palm),2022-01-01,2022-02-01,1,Last 24 months only,True,False,False,10.60685485319378,before shock
Yobe | Rice (imported),2022-01-01,2022-02-01,1,All past changes,True,False,False,10.391397996597762,before shock
Yobe | Rice (imported),2022-01-01,2022-02-01,1,Last 24 months only,True,False,False,9.561583748252755,before shock
Yobe | Rice (local),2022-01-01,2022-02-01,1,All past changes,True,False,False,19.229223661089623,before shock
Yobe | Rice (local),2022-01-01,2022-02-01,1,Last 24 months only,True,False,False,15.91344482817062,before shock
Yobe | Yam,2022-01-01,2022-02-01,1,All past changes,True,False,False,41.97337488395113,before shock
Yobe | Yam,2022-01-01,2022-02-01,1,Last 24 months only,True,False,False,24.47635639468303,before shock
Borno | Millet,2022-02-01,2022-03-01,1,All past changes,True,False,False,29.329005579569888,before shock
Borno | Millet,2022-02-01,2022-03-01,1,Last 24 months only,True,False,False,24.811314339765524,before shock
Borno | Oil (palm),2022-02-01,2022-03-01,1,All past changes,True,False,False,15.773547708471058,before shock
Borno | Oil (palm),2022-02-01,2022-03-01,1,Last 24 months only,True,False,False,11.447529794206012,before shock
Borno | Rice (imported),2022-02-01,2022-03-01,1,All past changes,True,False,False,10.361387148654021,before shock
Borno | Rice (imported),2022-02-01,2022-03-01,1,Last 24 months only,True,False,False,9.302806515389195,before shock
Borno | Rice (local),2022-02-01,2022-03-01,1,All past changes,True,False,False,18.660536015098828,before shock
Borno | Rice (local),2022-02-01,2022-03-01,1,Last 24 months only,True,False,False,16.74935580233814,before shock
Borno | Yam,2022-02-01,2022-03-01,1,All past changes,True,False,False,40.63453156354608,before shock
Borno | Yam,2022-02-01,2022-03-01,1,Last 24 months only,True,False,False,23.025894863474406,before shock
Yobe | Millet,2022-02-01,2022-03-01,1,All past changes,True,False,False,29.329005579569888,before shock
Yobe | Millet,2022-02-01,2022-03-01,1,Last 24 months only,True,False,False,24.811314339765524,before shock
Yobe | Oil (palm),2022-02-01,2022-03-01,1,All past changes,True,False,False,15.773547708471058,before shock
Yobe | Oil (palm),2022-02-01,2022-03-01,1,Last 24 months only,True,False,False,11.447529794206012,before shock
Yobe | Rice (imported),2022-02-01,2022-03-01,1,All past changes,True,False,False,10.361387148654021,before shock
Yobe | Rice (imported),2022-02-01,2022-03-01,1,Last 24 months only,True,False,False,9.302806515389195,before shock
Yobe | Rice (local),2022-02-01,2022-03-01,1,All past changes,True,False,False,18.660536015098828,before shock
Yobe | Rice (local),2022-02-01,2022-03-01,1,Last 24 months only,True,False,False,16.74935580233814,before shock
Yobe | Yam,2022-02-01,2022-03-01,1,All past changes,True,False,False,40.63453156354608,before shock
Yobe | Yam,2022-02-01,2022-03-01,1,Last 24 months only,False,True,False,23.025894863474406,before shock
Borno | Millet,2022-03-01,2022-04-01,1,All past changes,True,False,False,29.012716103183543,before shock
Borno | Millet,2022-03-01,2022-04-01,1,Last 24 months only,False,False,True,24.811314339765524,before shock
Borno | Oil (palm),2022-03-01,2022-04-01,1,All past changes,False,False,True,15.51575343411814,before shock
Borno | Oil (palm),2022-03-01,2022-04-01,1,Last 24 months only,False,False,True,10.340258394840674,before shock
Borno | Rice (imported),2022-03-01,2022-04-01,1,All past changes,True,False,False,10.323831843284658,before shock
Borno | Rice (imported),2022-03-01,2022-04-01,1,Last 24 months only,True,False,False,9.302806515389195,before shock
Borno | Rice (local),2022-03-01,2022-04-01,1,All past changes,True,False,False,18.28573857037046,before shock
Borno | Rice (local),2022-03-01,2022-04-01,1,Last 24 months only,True,False,False,16.053337646565325,before shock
Borno | Yam,2022-03-01,2022-04-01,1,All past changes,False,False,True,39.889564581476,before shock
Borno | Yam,2022-03-01,2022-04-01,1,Last 24 months only,False,False,True,23.025894863474406,before shock
Yobe | Millet,2022-03-01,2022-04-01,1,All past changes,True,False,False,29.012716103183543,before shock
Yobe | Millet,2022-03-01,2022-04-01,1,Last 24 months only,True,False,False,24.811314339765524,before shock
Yobe | Oil (palm),2022-03-01,2022-04-01,1,All past changes,False,True,False,15.51575343411814,before shock
Yobe | Oil (palm),2022-03-01,2022-04-01,1,Last 24 months only,False,True,False,10.340258394840674,before shock
Yobe | Rice (imported),2022-03-01,2022-04-01,1,All past changes,True,False,False,10.323831843284658,before shock
Yobe | Rice (imported),2022-03-01,2022-04-01,1,Last 24 months only,True,False,False,9.302806515389195,before shock
Yobe | Rice (local),2022-03-01,2022-04-01,1,All past changes,True,False,False,18.28573857037046,before shock
Yobe | Rice (local),2022-03-01,2022-04-01,1,Last 24 months only,True,False,False,16.053337646565325,before shock
Yobe | Yam,2022-03-01,2022-04-01,1,All past changes,True,False,False,39.889564581476,before shock
Yobe | Yam,2022-03-01,2022-04-01,1,Last 24 months only,True,False,False,23.025894863474406,before shock
Borno | Millet,2022-04-01,2022-05-01,1,All past changes,True,False,False,28.58008336294362,before shock
Borno | Millet,2022-04-01,2022-05-01,1,Last 24 months only,False,False,True,25.096824551424636,before shock
Borno | Oil (palm),2022-04-01,2022-05-01,1,All past changes,False,True,False,16.83224172985508,before shock
Borno | Oil (palm),2022-04-01,2022-05-01,1,Last 24 months only,False,True,False,11.521994616565944,before shock
Borno | Rice (imported),2022-04-01,2022-05-01,1,All past changes,True,False,False,10.278729630818217,before shock
Borno | Rice (imported),2022-04-01,2022-05-01,1,Last 24 months only,True,False,False,9.302806515389195,before shock
Borno | Rice (local),2022-04-01,2022-05-01,1,All past changes,True,False,False,18.219313993775998,before shock
Borno | Rice (local),2022-04-01,2022-05-01,1,Last 24 months only,True,False,False,16.053337646565325,before shock
Borno | Yam,2022-04-01,2022-05-01,1,All past changes,False,True,False,40.73139859951424,before shock
Borno | Yam,2022-04-01,2022-05-01,1,Last 24 months only,False,True,False,24.47635639468303,before shock
Yobe | Millet,2022-04-01,2022-05-01,1,All past changes,True,False,False,28.58008336294362,before shock
Yobe | Millet,2022-04-01,2022-05-01,1,Last 24 months only,True,False,False,25.096824551424636,before shock
Yobe | Oil (palm),2022-04-01,2022-05-01,1,All past changes,True,False,False,16.83224172985508,before shock
Yobe | Oil (palm),2022-04-01,2022-05-01,1,Last 24 months only,True,False,False,11.521994616565944,before shock
Yobe | Rice (imported),2022-04-01,2022-05-01,1,All past changes,True,False,False,10.278729630818217,before shock
Yobe | Rice (imported),2022-04-01,2022-05-01,1,Last 24 months only,True,False,False,9.302806515389195,before shock
Yobe | Rice (local),2022-04-01,2022-05-01,1,All past changes,True,False,False,18.219313993775998,before shock
Yobe | Rice (local),2022-04-01,2022-05-01,1,Last 24 months only,True,False,False,16.053337646565325,before shock
Yobe | Yam,2022-04-01,2022-05-01,1,All past changes,True,False,False,40.73139859951424,before shock
Yobe | Yam,2022-04-01,2022-05-01,1,Last 24 months only,True,False,False,24.47635639468303,before shock
Borno | Millet,2022-05-01,2022-06-01,1,All past changes,False,False,True,28.147566147561285,before shock
Borno | Millet,2022-05-01,2022-06-01,1,Last 24 months only,False,False,True,25.699345485414348,before shock
Borno | Oil (palm),2022-05-01,2022-06-01,1,All past changes,False,False,True,17.56568896711205,before shock
Borno | Oil (palm),2022-05-01,2022-06-01,1,Last 24 months only,False,False,True,14.071212137387413,before shock
Borno | Rice (imported),2022-05-01,2022-06-01,1,All past changes,False,False,True,10.233616262401302,before shock
Borno | Rice (imported),2022-05-01,2022-06-01,1,Last 24 months only,False,False,True,9.302806515389195,before shock
Borno | Rice (local),2022-05-01,2022-06-01,1,All past changes,False,False,True,18.114834618062158,before shock
Borno | Rice (local),2022-05-01,2022-06-01,1,Last 24 months only,False,False,True,13.987945550376201,before shock
Borno | Yam,2022-05-01,2022-06-01,1,All past changes,False,True,False,43.32024679665596,before shock
Borno | Yam,2022-05-01,2022-06-01,1,Last 24 months only,False,True,False,26.716463593776073,before shock
Yobe | Millet,2022-05-01,2022-06-01,1,All past changes,True,False,False,28.147566147561285,before shock
Yobe | Millet,2022-05-01,2022-06-01,1,Last 24 months only,True,False,False,25.699345485414348,before shock
Yobe | Oil (palm),2022-05-01,2022-06-01,1,All past changes,False,False,True,17.56568896711205,before shock
Yobe | Oil (palm),2022-05-01,2022-06-01,1,Last 24 months only,False,False,True,14.071212137387413,before shock
Yobe | Rice (imported),2022-05-01,2022-06-01,1,All past changes,False,False,True,10.233616262401302,before shock
Yobe | Rice (imported),2022-05-01,2022-06-01,1,Last 24 months only,False,False,True,9.302806515389195,before shock
Yobe | Rice (local),2022-05-01,2022-06-01,1,All past changes,True,False,False,18.114834618062158,before shock
Yobe | Rice (local),2022-05-01,2022-06-01,1,Last 24 months only,False,False,True,13.987945550376201,before shock
Yobe | Yam,2022-05-01,2022-06-01,1,All past changes,True,False,False,43.32024679665596,before shock
Yobe | Yam,2022-05-01,2022-06-01,1,Last 24 months only,False,True,False,26.716463593776073,before shock
Borno | Millet,2022-06-01,2022-07-01,1,All past changes,True,False,False,28.615027633569834,before shock
Borno | Millet,2022-06-01,2022-07-01,1,Last 24 months only,True,False,False,27.245436052245932,before shock
Borno | Oil (palm),2022-06-01,2022-07-01,1,All past changes,True,False,False,18.001114431828235,before shock
Borno | Oil (palm),2022-06-01,2022-07-01,1,Last 24 months only,True,False,False,25.77593852878216,before shock
Borno | Rice (imported),2022-06-01,2022-07-01,1,All past changes,False,True,False,10.7174847015174,before shock
Borno | Rice (imported),2022-06-01,2022-07-01,1,Last 24 months only,False,True,False,8.903237083476212,before shock
Borno | Rice (local),2022-06-01,2022-07-01,1,All past changes,True,False,False,18.663692251490417,before shock
Borno | Rice (local),2022-06-01,2022-07-01,1,Last 24 months only,True,False,False,16.852046809094634,before shock
Borno | Yam,2022-06-01,2022-07-01,1,All past changes,True,False,False,46.4380716006375,before shock
Borno | Yam,2022-06-01,2022-07-01,1,Last 24 months only,True,False,False,32.315774427421275,before shock
Yobe | Millet,2022-06-01,2022-07-01,1,All past changes,True,False,False,28.615027633569834,before shock
Yobe | Millet,2022-06-01,2022-07-01,1,Last 24 months only,True,False,False,27.245436052245932,before shock
Yobe | Oil (palm),2022-06-01,2022-07-01,1,All past changes,True,False,False,18.001114431828235,before shock
Yobe | Oil (palm),2022-06-01,2022-07-01,1,Last 24 months only,True,False,False,25.77593852878216,before shock
Yobe | Rice (imported),2022-06-01,2022-07-01,1,All past changes,True,False,False,10.7174847015174,before shock
Yobe | Rice (imported),2022-06-01,2022-07-01,1,Last 24 months only,True,False,False,8.903237083476212,before shock
Yobe | Rice (local),2022-06-01,2022-07-01,1,All past changes,True,False,False,18.663692251490417,before shock
Yobe | Rice (local),2022-06-01,2022-07-01,1,Last 24 months only,True,False,False,16.852046809094634,before shock
Yobe | Yam,2022-06-01,2022-07-01,1,All past changes,True,False,False,46.4380716006375,before shock
Yobe | Yam,2022-06-01,2022-07-01,1,Last 24 months only,True,False,False,32.315774427421275,before shock
Borno | Millet,2022-07-01,2022-08-01,1,All past changes,True,False,False,28.209220336244968,before shock
Borno | Millet,2022-07-01,2022-08-01,1,Last 24 months only,True,False,False,23.637582081610898,before shock
Borno | Oil (palm),2022-07-01,2022-08-01,1,All past changes,False,True,False,17.59125104203253,before shock
Borno | Oil (palm),2022-07-01,2022-08-01,1,Last 24 months only,False,True,False,25.77593852878216,before shock
Borno | Rice (imported),2022-07-01,2022-08-01,1,All past changes,True,False,False,10.576055189056532,before shock
Borno | Rice (imported),2022-07-01,2022-08-01,1,Last 24 months only,True,False,False,9.836224256595171,before shock
Borno | Rice (local),2022-07-01,2022-08-01,1,All past changes,True,False,False,18.300946044760135,before shock
Borno | Rice (local),2022-07-01,2022-08-01,1,Last 24 months only,True,False,False,16.852046809094634,before shock
Borno | Yam,2022-07-01,2022-08-01,1,All past changes,False,False,True,45.70784846976679,before shock
Borno | Yam,2022-07-01,2022-08-01,1,Last 24 months only,False,False,True,32.315774427421275,before shock
Yobe | Millet,2022-07-01,2022-08-01,1,All past changes,True,False,False,28.209220336244968,before shock
Yobe | Millet,2022-07-01,2022-08-01,1,Last 24 months only,True,False,False,23.637582081610898,before shock
Yobe | Oil (palm),2022-07-01,2022-08-01,1,All past changes,True,False,False,17.59125104203253,before shock
Yobe | Oil (palm),2022-07-01,2022-08-01,1,Last 24 months only,True,False,False,25.77593852878216,before shock
Yobe | Rice (imported),2022-07-01,2022-08-01,1,All past changes,False,True,False,10.576055189056532,before shock
Yobe | Rice (imported),2022-07-01,2022-08-01,1,Last 24 months only,False,True,False,9.836224256595171,before shock
Yobe | Rice (local),2022-07-01,2022-08-01,1,All past changes,True,False,False,18.300946044760135,before shock
Yobe | Rice (local),2022-07-01,2022-08-01,1,Last 24 months only,True,False,False,16.852046809094634,before shock
Yobe | Yam,2022-07-01,2022-08-01,1,All past changes,True,False,False,45.70784846976679,before shock
Yobe | Yam,2022-07-01,2022-08-01,1,Last 24 months only,True,False,False,32.315774427421275,before shock
Borno | Millet,2022-08-01,2022-09-01,1,All past changes,True,False,False,27.81560785203432,before shock
Borno | Millet,2022-08-01,2022-09-01,1,Last 24 months only,True,False,False,23.637582081610898,before shock
Borno | Oil (palm),2022-08-01,2022-09-01,1,All past changes,True,False,False,18.6563429680641,before shock
Borno | Oil (palm),2022-08-01,2022-09-01,1,Last 24 months only,True,False,False,30.71229027755583,before shock
Borno | Rice (imported),2022-08-01,2022-09-01,1,All past changes,False,True,False,10.481383244911935,before shock
Borno | Rice (imported),2022-08-01,2022-09-01,1,Last 24 months only,False,True,False,9.836224256595171,before shock
Borno | Rice (local),2022-08-01,2022-09-01,1,All past changes,False,False,True,18.05469466135716,before shock
Borno | Rice (local),2022-08-01,2022-09-01,1,Last 24 months only,False,False,True,15.123470943468742,before shock
Borno | Yam,2022-08-01,2022-09-01,1,All past changes,True,False,False,46.03838901506677,before shock
Borno | Yam,2022-08-01,2022-09-01,1,Last 24 months only,True,False,False,33.7662359586299,before shock
Yobe | Millet,2022-08-01,2022-09-01,1,All past changes,True,False,False,27.81560785203432,before shock
Yobe | Millet,2022-08-01,2022-09-01,1,Last 24 months only,True,False,False,23.637582081610898,before shock
Yobe | Oil (palm),2022-08-01,2022-09-01,1,All past changes,True,False,False,18.6563429680641,before shock
Yobe | Oil (palm),2022-08-01,2022-09-01,1,Last 24 months only,True,False,False,30.71229027755583,before shock
Yobe | Rice (imported),2022-08-01,2022-09-01,1,All past changes,False,True,False,10.481383244911935,before shock
Yobe | Rice (imported),2022-08-01,2022-09-01,1,Last 24 months only,False,True,False,9.836224256595171,before shock
Yobe | Rice (local),2022-08-01,2022-09-01,1,All past changes,True,False,False,18.05469466135716,before shock
Yobe | Rice (local),2022-08-01,2022-09-01,1,Last 24 months only,True,False,False,15.123470943468742,before shock
Yobe | Yam,2022-08-01,2022-09-01,1,All past changes,True,False,False,46.03838901506677,before shock
Yobe | Yam,2022-08-01,2022-09-01,1,Last 24 months only,True,False,False,33.7662359586299,before shock
Borno | Millet,2022-09-01,2022-10-01,1,All past changes,True,False,False,27.433978368670473,before shock
Borno | Millet,2022-09-01,2022-10-01,1,Last 24 months only,True,False,False,22.333033738728336,before shock
Borno | Oil (palm),2022-09-01,2022-10-01,1,All past changes,True,False,False,18.367152650471564,before shock
Borno | Oil (palm),2022-09-01,2022-10-01,1,Last 24 months only,True,False,False,30.71229027755583,before shock
Borno | Rice (imported),2022-09-01,2022-10-01,1,All past changes,False,True,False,11.46326597984576,before shock
Borno | Rice (imported),2022-09-01,2022-10-01,1,Last 24 months only,False,True,False,11.211375473286022,before shock
Borno | Rice (local),2022-09-01,2022-10-01,1,All past changes,True,False,False,18.021311472279944,before shock
Borno | Rice (local),2022-09-01,2022-10-01,1,Last 24 months only,True,False,False,16.93720129855928,before shock
Borno | Yam,2022-09-01,2022-10-01,1,All past changes,True,False,False,44.675225300172336,before shock
Borno | Yam,2022-09-01,2022-10-01,1,Last 24 months only,True,False,False,33.933980824436446,before shock
Yobe | Millet,2022-09-01,2022-10-01,1,All past changes,True,False,False,27.433978368670473,before shock
Yobe | Millet,2022-09-01,2022-10-01,1,Last 24 months only,True,False,False,22.333033738728336,before shock
Yobe | Oil (palm),2022-09-01,2022-10-01,1,All past changes,True,False,False,18.367152650471564,before shock
Yobe | Oil (palm),2022-09-01,2022-10-01,1,Last 24 months only,True,False,False,30.71229027755583,before shock
Yobe | Rice (imported),2022-09-01,2022-10-01,1,All past changes,True,False,False,11.46326597984576,before shock
Yobe | Rice (imported),2022-09-01,2022-10-01,1,Last 24 months only,True,False,False,11.211375473286022,before shock
Yobe | Rice (local),2022-09-01,2022-10-01,1,All past changes,True,False,False,18.021311472279944,before shock
Yobe | Rice (local),2022-09-01,2022-10-01,1,Last 24 months only,True,False,False,16.93720129855928,before shock
Yobe | Yam,2022-09-01,2022-10-01,1,All past changes,True,False,False,44.675225300172336,before shock
Yobe | Yam,2022-09-01,2022-10-01,1,Last 24 months only,True,False,False,33.933980824436446,before shock
Borno | Millet,2022-10-01,2022-11-01,1,All past changes,True,False,False,27.052276737415724,before shock
Borno | Millet,2022-10-01,2022-11-01,1,Last 24 months only,True,False,False,21.4889705807896,before shock
Borno | Oil (palm),2022-10-01,2022-11-01,1,All past changes,True,False,False,18.07870475904817,before shock
Borno | Oil (palm),2022-10-01,2022-11-01,1,Last 24 months only,True,False,False,17.900292486795742,before shock
Borno | Rice (imported),2022-10-01,2022-11-01,1,All past changes,False,False,True,12.102555632066247,before shock
Borno | Rice (imported),2022-10-01,2022-11-01,1,Last 24 months only,False,False,True,11.973222055181697,before shock
Borno | Rice (local),2022-10-01,2022-11-01,1,All past changes,False,True,False,17.940895799781508,before shock
Borno | Rice (local),2022-10-01,2022-11-01,1,Last 24 months only,False,True,False,13.597821795392772,before shock
Borno | Yam,2022-10-01,2022-11-01,1,All past changes,True,False,False,43.32024679665596,before shock
Borno | Yam,2022-10-01,2022-11-01,1,Last 24 months only,True,False,False,32.50803573569316,before shock
Yobe | Millet,2022-10-01,2022-11-01,1,All past changes,True,False,False,27.052276737415724,before shock
Yobe | Millet,2022-10-01,2022-11-01,1,Last 24 months only,True,False,False,21.4889705807896,before shock
Yobe | Oil (palm),2022-10-01,2022-11-01,1,All past changes,True,False,False,18.07870475904817,before shock
Yobe | Oil (palm),2022-10-01,2022-11-01,1,Last 24 months only,True,False,False,17.900292486795742,before shock
Yobe | Rice (imported),2022-10-01,2022-11-01,1,All past changes,True,False,False,12.102555632066247,before shock
Yobe | Rice (imported),2022-10-01,2022-11-01,1,Last 24 months only,True,False,False,11.973222055181697,before shock
Yobe | Rice (local),2022-10-01,2022-11-01,1,All past changes,True,False,False,17.940895799781508,before shock
Yobe | Rice (local),2022-10-01,2022-11-01,1,Last 24 months only,True,False,False,13.597821795392772,before shock
Yobe | Yam,2022-10-01,2022-11-01,1,All past changes,True,False,False,43.32024679665596,before shock
Yobe | Yam,2022-10-01,2022-11-01,1,Last 24 months only,True,False,False,32.50803573569316,before shock
Borno | Millet,2022-11-01,2022-12-01,1,All past changes,True,False,False,26.67050157349512,before shock
Borno | Millet,2022-11-01,2022-12-01,1,Last 24 months only,True,False,False,13.998295127989579,before shock
Borno | Oil (palm),2022-11-01,2022-12-01,1,All past changes,True,False,False,17.790997351745517,before shock
Borno | Oil (palm),2022-11-01,2022-12-01,1,Last 24 months only,True,False,False,10.414723217200606,before shock
Borno | Rice (imported),2022-11-01,2022-12-01,1,All past changes,True,False,False,12.207571413697583,before shock
Borno | Rice (imported),2022-11-01,2022-12-01,1,Last 24 months only,True,False,False,10.187292030019336,before shock
Borno | Rice (local),2022-11-01,2022-12-01,1,All past changes,True,False,False,18.170002025345898,before shock
Borno | Rice (local),2022-11-01,2022-12-01,1,Last 24 months only,True,False,False,12.885867124085127,before shock
Borno | Yam,2022-11-01,2022-12-01,1,All past changes,True,False,False,41.97337488395113,before shock
Borno | Yam,2022-11-01,2022-12-01,1,Last 24 months only,True,False,False,29.07987838346481,before shock
Yobe | Millet,2022-11-01,2022-12-01,1,All past changes,True,False,False,26.67050157349512,before shock
Yobe | Millet,2022-11-01,2022-12-01,1,Last 24 months only,True,False,False,13.998295127989579,before shock
Yobe | Oil (palm),2022-11-01,2022-12-01,1,All past changes,True,False,False,17.790997351745517,before shock
Yobe | Oil (palm),2022-11-01,2022-12-01,1,Last 24 months only,True,False,False,10.414723217200606,before shock
Yobe | Rice (imported),2022-11-01,2022-12-01,1,All past changes,True,False,False,12.207571413697583,before shock
Yobe | Rice (imported),2022-11-01,2022-12-01,1,Last 24 months only,True,False,False,10.187292030019336,before shock
Yobe | Rice (local),2022-11-01,2022-12-01,1,All past changes,True,False,False,18.170002025345898,before shock
Yobe | Rice (local),2022-11-01,2022-12-01,1,Last 24 months only,True,False,False,12.885867124085127,before shock
Yobe | Yam,2022-11-01,2022-12-01,1,All past changes,True,False,False,41.97337488395113,before shock
Yobe | Yam,2022-11-01,2022-12-01,1,Last 24 months only,True,False,False,29.07987838346481,before shock
Borno | Millet,2022-12-01,2023-01-01,1,All past changes,True,False,False,26.28865149125852,before shock
Borno | Millet,2022-12-01,2023-01-01,1,Last 24 months only,True,False,False,13.998295127989579,before shock
Borno | Oil (palm),2022-12-01,2023-01-01,1,All past changes,True,False,False,17.50402849159316,before shock
Borno | Oil (palm),2022-12-01,2023-01-01,1,Last 24 months only,True,False,False,10.414723217200606,before shock
Borno | Rice (imported),2022-12-01,2023-01-01,1,All past changes,True,False,False,11.823920553479129,before shock
Borno | Rice (imported),2022-12-01,2023-01-01,1,Last 24 months only,True,False,False,10.187292030019336,before shock
Borno | Rice (local),2022-12-01,2023-01-01,1,All past changes,True,False,False,18.136123760726207,before shock
Borno | Rice (local),2022-12-01,2023-01-01,1,Last 24 months only,False,False,True,12.885867124085127,before shock
Borno | Yam,2022-12-01,2023-01-01,1,All past changes,True,False,False,40.63453156354608,before shock
Borno | Yam,2022-12-01,2023-01-01,1,Last 24 months only,True,False,False,29.07987838346481,before shock
Yobe | Millet,2022-12-01,2023-01-01,1,All past changes,True,False,False,26.28865149125852,before shock
Yobe | Millet,2022-12-01,2023-01-01,1,Last 24 months only,True,False,False,13.998295127989579,before shock
Yobe | Oil (palm),2022-12-01,2023-01-01,1,All past changes,True,False,False,17.50402849159316,before shock
Yobe | Oil (palm),2022-12-01,2023-01-01,1,Last 24 months only,True,False,False,10.414723217200606,before shock
Yobe | Rice (imported),2022-12-01,2023-01-01,1,All past changes,True,False,False,11.823920553479129,before shock
Yobe | Rice (imported),2022-12-01,2023-01-01,1,Last 24 months only,True,False,False,10.187292030019336,before shock
Yobe | Rice (local),2022-12-01,2023-01-01,1,All past changes,True,False,False,18.136123760726207,before shock
Yobe | Rice (local),2022-12-01,2023-01-01,1,Last 24 months only,True,False,False,12.885867124085127,before shock
Yobe | Yam,2022-12-01,2023-01-01,1,All past changes,True,False,False,40.63453156354608,before shock
Yobe | Yam,2022-12-01,2023-01-01,1,Last 24 months only,True,False,False,29.07987838346481,before shock
Borno | Millet,2023-01-01,2023-02-01,1,All past changes,False,True,False,26.01252097170751,before shock
Borno | Millet,2023-01-01,2023-02-01,1,Last 24 months only,False,True,False,13.998295127989579,before shock
Borno | Oil (palm),2023-01-01,2023-02-01,1,All past changes,True,False,False,17.184684000909712,before shock
Borno | Oil (palm),2023-01-01,2023-02-01,1,Last 24 months only,False,False,True,10.414723217200606,before shock
Borno | Rice (imported),2023-01-01,2023-02-01,1,All past changes,False,True,False,11.575838086087453,before shock
Borno | Rice (imported),2023-01-01,2023-02-01,1,Last 24 months only,False,True,False,10.187292030019336,before shock
Borno | Rice (local),2023-01-01,2023-02-01,1,All past changes,False,True,False,18.05469466135716,before shock
Borno | Rice (local),2023-01-01,2023-02-01,1,Last 24 months only,False,True,False,13.534101772201124,before shock
Borno | Yam,2023-01-01,2023-02-01,1,All past changes,False,False,True,39.889564581476,before shock
Borno | Yam,2023-01-01,2023-02-01,1,Last 24 months only,False,False,True,29.07987838346481,before shock
Yobe | Millet,2023-01-01,2023-02-01,1,All past changes,False,False,True,26.01252097170751,before shock
Yobe | Millet,2023-01-01,2023-02-01,1,Last 24 months only,False,False,True,13.998295127989579,before shock
Yobe | Oil (palm),2023-01-01,2023-02-01,1,All past changes,False,True,False,17.184684000909712,before shock
Yobe | Oil (palm),2023-01-01,2023-02-01,1,Last 24 months only,False,True,False,10.414723217200606,before shock
Yobe | Rice (imported),2023-01-01,2023-02-01,1,All past changes,False,True,False,11.575838086087453,before shock
Yobe | Rice (imported),2023-01-01,2023-02-01,1,Last 24 months only,False,True,False,10.187292030019336,before shock
Yobe | Rice (local),2023-01-01,2023-02-01,1,All past changes,False,True,False,18.05469466135716,before shock
Yobe | Rice (local),2023-01-01,2023-02-01,1,Last 24 months only,False,True,False,13.534101772201124,before shock
Yobe | Yam,2023-01-01,2023-02-01,1,All past changes,True,False,False,39.889564581476,before shock
Yobe | Yam,2023-01-01,2023-02-01,1,Last 24 months only,True,False,False,29.07987838346481,before shock
Borno | Millet,2023-02-01,2023-03-01,1,All past changes,True,False,False,27.433978368670473,before shock
Borno | Millet,2023-02-01,2023-03-01,1,Last 24 months only,True,False,False,16.585574168010574,before shock
Borno | Oil (palm),2023-02-01,2023-03-01,1,All past changes,True,False,False,18.04939286507282,before shock
Borno | Oil (palm),2023-02-01,2023-03-01,1,Last 24 months only,True,False,False,11.400889802113012,before shock
Borno | Rice (imported),2023-02-01,2023-03-01,1,All past changes,True,False,False,12.975736211825472,before shock
Borno | Rice (imported),2023-02-01,2023-03-01,1,Last 24 months only,True,False,False,12.391367313904178,before shock
Borno | Rice (local),2023-02-01,2023-03-01,1,All past changes,True,False,False,18.263345912370234,before shock
Borno | Rice (local),2023-02-01,2023-03-01,1,Last 24 months only,True,False,False,15.47885717029539,before shock
Borno | Yam,2023-02-01,2023-03-01,1,All past changes,True,False,False,40.731398599514264,before shock
Borno | Yam,2023-02-01,2023-03-01,1,Last 24 months only,True,False,False,29.272139691736697,before shock
Yobe | Millet,2023-02-01,2023-03-01,1,All past changes,True,False,False,27.433978368670473,before shock
Yobe | Millet,2023-02-01,2023-03-01,1,Last 24 months only,False,True,False,16.585574168010574,before shock
Yobe | Oil (palm),2023-02-01,2023-03-01,1,All past changes,True,False,False,18.04939286507282,before shock
Yobe | Oil (palm),2023-02-01,2023-03-01,1,Last 24 months only,True,False,False,11.400889802113012,before shock
Yobe | Rice (imported),2023-02-01,2023-03-01,1,All past changes,True,False,False,12.975736211825472,before shock
Yobe | Rice (imported),2023-02-01,2023-03-01,1,Last 24 months only,True,False,False,12.391367313904178,before shock
Yobe | Rice (local),2023-02-01,2023-03-01,1,All past changes,True,False,False,18.263345912370234,before shock
Yobe | Rice (local),2023-02-01,2023-03-01,1,Last 24 months only,True,False,False,15.47885717029539,before shock
Yobe | Yam,2023-02-01,2023-03-01,1,All past changes,True,False,False,40.731398599514264,before shock
Yobe | Yam,2023-02-01,2023-03-01,1,Last 24 months only,True,False,False,29.272139691736697,before shock
Borno | Millet,2023-03-01,2023-04-01,1,All past changes,True,False,False,27.052276737415724,before shock
Borno | Millet,2023-03-01,2023-04-01,1,Last 24 months only,False,True,False,14.332782470743954,before shock
Borno | Oil (palm),2023-03-01,2023-04-01,1,All past changes,True,False,False,17.56568896711205,before shock
Borno | Oil (palm),2023-03-01,2023-04-01,1,Last 24 months only,True,False,False,11.400889802113012,before shock
Borno | Rice (imported),2023-03-01,2023-04-01,1,All past changes,True,False,False,12.861338704033464,before shock
Borno | Rice (imported),2023-03-01,2023-04-01,1,Last 24 months only,True,False,False,12.391367313904178,before shock
Borno | Rice (local),2023-03-01,2023-04-01,1,All past changes,True,False,False,18.188196862459737,before shock
Borno | Rice (local),2023-03-01,2023-04-01,1,Last 24 months only,True,False,False,14.24605644350877,before shock
Borno | Yam,2023-03-01,2023-04-01,1,All past changes,True,False,False,40.3192821722085,before shock
Borno | Yam,2023-03-01,2023-04-01,1,Last 24 months only,True,False,False,26.013147020286276,before shock
Yobe | Millet,2023-03-01,2023-04-01,1,All past changes,False,True,False,27.052276737415724,before shock
Yobe | Millet,2023-03-01,2023-04-01,1,Last 24 months only,False,True,False,14.332782470743954,before shock
Yobe | Oil (palm),2023-03-01,2023-04-01,1,All past changes,True,False,False,17.56568896711205,before shock
Yobe | Oil (palm),2023-03-01,2023-04-01,1,Last 24 months only,True,False,False,11.400889802113012,before shock
Yobe | Rice (imported),2023-03-01,2023-04-01,1,All past changes,True,False,False,12.861338704033464,before shock
Yobe | Rice (imported),2023-03-01,2023-04-01,1,Last 24 months only,True,False,False,12.391367313904178,before shock
Yobe | Rice (local),2023-03-01,2023-04-01,1,All past changes,True,False,False,18.188196862459737,before shock
Yobe | Rice (local),2023-03-01,2023-04-01,1,Last 24 months only,True,False,False,14.24605644350877,before shock
Yobe | Yam,2023-03-01,2023-04-01,1,All past changes,True,False,False,40.3192821722085,before shock
Yobe | Yam,2023-03-01,2023-04-01,1,Last 24 months only,True,False,False,26.013147020286276,before shock
Borno | Millet,2023-04-01,2023-05-01,1,All past changes,True,False,False,27.715162544507045,before shock
Borno | Millet,2023-04-01,2023-05-01,1,Last 24 months only,True,False,False,17.142903257702525,before shock
Borno | Oil (palm),2023-04-01,2023-05-01,1,All past changes,True,False,False,17.08228111654947,before shock
Borno | Oil (palm),2023-04-01,2023-05-01,1,Last 24 months only,True,False,False,10.742264760589936,before shock
Borno | Rice (imported),2023-04-01,2023-05-01,1,All past changes,True,False,False,12.747002061929113,before shock
Borno | Rice (imported),2023-04-01,2023-05-01,1,Last 24 months only,False,False,True,11.989746118569089,before shock
Borno | Rice (local),2023-04-01,2023-05-01,1,All past changes,True,False,False,18.1130217768666,before shock
Borno | Rice (local),2023-04-01,2023-05-01,1,Last 24 months only,True,False,False,13.557973023261184,before shock
Borno | Yam,2023-04-01,2023-05-01,1,All past changes,True,False,False,39.90641829614764,before shock
Borno | Yam,2023-04-01,2023-05-01,1,Last 24 months only,True,False,False,24.461803443461427,before shock
Yobe | Millet,2023-04-01,2023-05-01,1,All past changes,True,False,False,27.715162544507045,before shock
Yobe | Millet,2023-04-01,2023-05-01,1,Last 24 months only,True,False,False,17.142903257702525,before shock
Yobe | Oil (palm),2023-04-01,2023-05-01,1,All past changes,True,False,False,17.08228111654947,before shock
Yobe | Oil (palm),2023-04-01,2023-05-01,1,Last 24 months only,True,False,False,10.742264760589936,before shock
Yobe | Rice (imported),2023-04-01,2023-05-01,1,All past changes,True,False,False,12.747002061929113,before shock
Yobe | Rice (imported),2023-04-01,2023-05-01,1,Last 24 months only,True,False,False,11.989746118569089,before shock
Yobe | Rice (local),2023-04-01,2023-05-01,1,All past changes,True,False,False,18.1130217768666,before shock
Yobe | Rice (local),2023-04-01,2023-05-01,1,Last 24 months only,True,False,False,13.557973023261184,before shock
Yobe | Yam,2023-04-01,2023-05-01,1,All past changes,True,False,False,39.90641829614764,before shock
Yobe | Yam,2023-04-01,2023-05-01,1,Last 24 months only,True,False,False,24.461803443461427,before shock
Borno | Millet,2023-05-01,2023-06-01,1,All past changes,True,False,False,27.282870641705603,shock year
Borno | Millet,2023-05-01,2023-06-01,1,Last 24 months only,True,False,False,17.142903257702525,shock year
Borno | Oil (palm),2023-05-01,2023-06-01,1,All past changes,True,False,False,16.599166389465747,shock year
Borno | Oil (palm),2023-05-01,2023-06-01,1,Last 24 months only,True,False,False,10.21824621179509,shock year
Borno | Rice (imported),2023-05-01,2023-06-01,1,All past changes,False,False,True,12.638893129221618,shock year
Borno | Rice (imported),2023-05-01,2023-06-01,1,Last 24 months only,False,False,True,12.666007822246595,shock year
Borno | Rice (local),2023-05-01,2023-06-01,1,All past changes,True,False,False,18.037820637297607,shock year
Borno | Rice (local),2023-05-01,2023-06-01,1,Last 24 months only,True,False,False,12.01071901335693,shock year
Borno | Yam,2023-05-01,2023-06-01,1,All past changes,False,True,False,39.49280389595582,shock year
Borno | Yam,2023-05-01,2023-06-01,1,Last 24 months only,False,True,False,24.225680582549302,shock year
Yobe | Millet,2023-05-01,2023-06-01,1,All past changes,False,True,False,27.282870641705603,shock year
Yobe | Millet,2023-05-01,2023-06-01,1,Last 24 months only,False,True,False,17.142903257702525,shock year
Yobe | Oil (palm),2023-05-01,2023-06-01,1,All past changes,True,False,False,16.599166389465747,shock year
Yobe | Oil (palm),2023-05-01,2023-06-01,1,Last 24 months only,False,False,True,10.21824621179509,shock year
Yobe | Rice (imported),2023-05-01,2023-06-01,1,All past changes,True,False,False,12.638893129221618,shock year
Yobe | Rice (imported),2023-05-01,2023-06-01,1,Last 24 months only,True,False,False,12.666007822246595,shock year
Yobe | Rice (local),2023-05-01,2023-06-01,1,All past changes,True,False,False,18.037820637297607,shock year
Yobe | Rice (local),2023-05-01,2023-06-01,1,Last 24 months only,True,False,False,12.01071901335693,shock year
Yobe | Yam,2023-05-01,2023-06-01,1,All past changes,True,False,False,39.49280389595582,shock year
Yobe | Yam,2023-05-01,2023-06-01,1,Last 24 months only,False,True,False,24.225680582549302,shock year
Borno | Millet,2023-06-01,2023-07-01,1,All past changes,True,False,False,28.081425174494246,shock year
Borno | Millet,2023-06-01,2023-07-01,1,Last 24 months only,True,False,False,17.142903257702525,shock year
Borno | Oil (palm),2023-06-01,2023-07-01,1,All past changes,True,False,False,16.228112351531177,shock year
Borno | Oil (palm),2023-06-01,2023-07-01,1,Last 24 months only,True,False,False,10.425291686925132,shock year
Borno | Rice (imported),2023-06-01,2023-07-01,1,All past changes,True,False,False,12.684478775922036,shock year
Borno | Rice (imported),2023-06-01,2023-07-01,1,Last 24 months only,True,False,False,13.282622166546842,shock year
Borno | Rice (local),2023-06-01,2023-07-01,1,All past changes,True,False,False,17.961567597324933,shock year
Borno | Rice (local),2023-06-01,2023-07-01,1,Last 24 months only,True,False,False,12.01071901335693,shock year
Borno | Yam,2023-06-01,2023-07-01,1,All past changes,True,False,False,39.889564581476,shock year
Borno | Yam,2023-06-01,2023-07-01,1,Last 24 months only,False,True,False,24.719715295318046,shock year
Yobe | Millet,2023-06-01,2023-07-01,1,All past changes,False,True,False,28.081425174494246,shock year
Yobe | Millet,2023-06-01,2023-07-01,1,Last 24 months only,False,True,False,17.142903257702525,shock year
Yobe | Oil (palm),2023-06-01,2023-07-01,1,All past changes,True,False,False,16.228112351531177,shock year
Yobe | Oil (palm),2023-06-01,2023-07-01,1,Last 24 months only,True,False,False,10.425291686925132,shock year
Yobe | Rice (imported),2023-06-01,2023-07-01,1,All past changes,False,False,True,12.684478775922036,shock year
Yobe | Rice (imported),2023-06-01,2023-07-01,1,Last 24 months only,False,False,True,13.282622166546842,shock year
Yobe | Rice (local),2023-06-01,2023-07-01,1,All past changes,True,False,False,17.961567597324933,shock year
Yobe | Rice (local),2023-06-01,2023-07-01,1,Last 24 months only,True,False,False,12.01071901335693,shock year
Yobe | Yam,2023-06-01,2023-07-01,1,All past changes,False,True,False,39.889564581476,shock year
Yobe | Yam,2023-06-01,2023-07-01,1,Last 24 months only,False,True,False,24.719715295318046,shock year
Borno | Millet,2023-07-01,2023-08-01,1,All past changes,False,True,False,28.16532234444491,shock year
Borno | Millet,2023-07-01,2023-08-01,1,Last 24 months only,False,True,False,20.038293858862545,shock year
Borno | Oil (palm),2023-07-01,2023-08-01,1,All past changes,True,False,False,15.968901929652136,shock year
Borno | Oil (palm),2023-07-01,2023-08-01,1,Last 24 months only,True,False,False,8.884134677053412,shock year
Borno | Rice (imported),2023-07-01,2023-08-01,1,All past changes,True,False,False,12.969461489439782,shock year
Borno | Rice (imported),2023-07-01,2023-08-01,1,Last 24 months only,True,False,False,13.577871933245456,shock year
Borno | Rice (local),2023-07-01,2023-08-01,1,All past changes,True,False,False,17.884269466481495,shock year
Borno | Rice (local),2023-07-01,2023-08-01,1,Last 24 months only,False,True,False,12.01071901335693,shock year
Borno | Yam,2023-07-01,2023-08-01,1,All past changes,True,False,False,43.676435690066825,shock year
Borno | Yam,2023-07-01,2023-08-01,1,Last 24 months only,False,True,False,30.42893297034095,shock year
Yobe | Millet,2023-07-01,2023-08-01,1,All past changes,True,False,False,28.16532234444491,shock year
Yobe | Millet,2023-07-01,2023-08-01,1,Last 24 months only,True,False,False,20.038293858862545,shock year
Yobe | Oil (palm),2023-07-01,2023-08-01,1,All past changes,True,False,False,15.968901929652136,shock year
Yobe | Oil (palm),2023-07-01,2023-08-01,1,Last 24 months only,True,False,False,8.884134677053412,shock year
Yobe | Rice (imported),2023-07-01,2023-08-01,1,All past changes,True,False,False,12.969461489439782,shock year
Yobe | Rice (imported),2023-07-01,2023-08-01,1,Last 24 months only,True,False,False,13.577871933245456,shock year
Yobe | Rice (local),2023-07-01,2023-08-01,1,All past changes,False,True,False,17.884269466481495,shock year
Yobe | Rice (local),2023-07-01,2023-08-01,1,Last 24 months only,False,True,False,12.01071901335693,shock year
Yobe | Yam,2023-07-01,2023-08-01,1,All past changes,True,False,False,43.676435690066825,shock year
Yobe | Yam,2023-07-01,2023-08-01,1,Last 24 months only,True,False,False,30.42893297034095,shock year
Borno | Millet,2023-08-01,2023-09-01,1,All past changes,True,False,False,28.684625872905777,shock year
Borno | Millet,2023-08-01,2023-09-01,1,Last 24 months only,True,False,False,22.137945496092527,shock year
Borno | Oil (palm),2023-08-01,2023-09-01,1,All past changes,True,False,False,15.709692395373997,shock year
Borno | Oil (palm),2023-08-01,2023-09-01,1,Last 24 months only,False,False,True,7.8352846314429065,shock year
Borno | Rice (imported),2023-08-01,2023-09-01,1,All past changes,True,False,False,12.850035302141883,shock year
Borno | Rice (imported),2023-08-01,2023-09-01,1,Last 24 months only,True,False,False,13.577871933245456,shock year
Borno | Rice (local),2023-08-01,2023-09-01,1,All past changes,True,False,False,17.93538151614056,shock year
Borno | Rice (local),2023-08-01,2023-09-01,1,Last 24 months only,True,False,False,14.755857844655896,shock year
Borno | Yam,2023-08-01,2023-09-01,1,All past changes,True,False,False,44.27839507676208,shock year
Borno | Yam,2023-08-01,2023-09-01,1,Last 24 months only,True,False,False,32.63779275061174,shock year
Yobe | Millet,2023-08-01,2023-09-01,1,All past changes,False,False,True,28.684625872905777,shock year
Yobe | Millet,2023-08-01,2023-09-01,1,Last 24 months only,False,False,True,22.137945496092527,shock year
Yobe | Oil (palm),2023-08-01,2023-09-01,1,All past changes,True,False,False,15.709692395373997,shock year
Yobe | Oil (palm),2023-08-01,2023-09-01,1,Last 24 months only,True,False,False,7.8352846314429065,shock year
Yobe | Rice (imported),2023-08-01,2023-09-01,1,All past changes,True,False,False,12.850035302141883,shock year
Yobe | Rice (imported),2023-08-01,2023-09-01,1,Last 24 months only,True,False,False,13.577871933245456,shock year
Yobe | Rice (local),2023-08-01,2023-09-01,1,All past changes,True,False,False,17.93538151614056,shock year
Yobe | Rice (local),2023-08-01,2023-09-01,1,Last 24 months only,True,False,False,14.755857844655896,shock year
Yobe | Yam,2023-08-01,2023-09-01,1,All past changes,True,False,False,44.27839507676208,shock year
Yobe | Yam,2023-08-01,2023-09-01,1,Last 24 months only,True,False,False,32.63779275061174,shock year
Borno | Millet,2023-09-01,2023-10-01,1,All past changes,False,False,True,29.140346056512424,shock year
Borno | Millet,2023-09-01,2023-10-01,1,Last 24 months only,False,False,True,22.137945496092527,shock year
Borno | Oil (palm),2023-09-01,2023-10-01,1,All past changes,True,False,False,15.45048330395703,shock year
Borno | Oil (palm),2023-09-01,2023-10-01,1,Last 24 months only,False,True,False,8.286864197835941,shock year
Borno | Rice (imported),2023-09-01,2023-10-01,1,All past changes,False,True,False,12.730540255532553,shock year
Borno | Rice (imported),2023-09-01,2023-10-01,1,Last 24 months only,False,True,False,13.577871933245456,shock year
Borno | Rice (local),2023-09-01,2023-10-01,1,All past changes,True,False,False,17.86532227669323,shock year
Borno | Rice (local),2023-09-01,2023-10-01,1,Last 24 months only,True,False,False,14.755857844655896,shock year
Borno | Yam,2023-09-01,2023-10-01,1,All past changes,True,False,False,43.854751405465564,shock year
Borno | Yam,2023-09-01,2023-10-01,1,Last 24 months only,True,False,False,32.63779275061174,shock year
Yobe | Millet,2023-09-01,2023-10-01,1,All past changes,True,False,False,29.140346056512424,shock year
Yobe | Millet,2023-09-01,2023-10-01,1,Last 24 months only,True,False,False,22.137945496092527,shock year
Yobe | Oil (palm),2023-09-01,2023-10-01,1,All past changes,True,False,False,15.45048330395703,shock year
Yobe | Oil (palm),2023-09-01,2023-10-01,1,Last 24 months only,False,False,True,8.286864197835941,shock year
Yobe | Rice (imported),2023-09-01,2023-10-01,1,All past changes,False,True,False,12.730540255532553,shock year
Yobe | Rice (imported),2023-09-01,2023-10-01,1,Last 24 months only,False,True,False,13.577871933245456,shock year
Yobe | Rice (local),2023-09-01,2023-10-01,1,All past changes,True,False,False,17.86532227669323,shock year
Yobe | Rice (local),2023-09-01,2023-10-01,1,Last 24 months only,False,False,True,14.755857844655896,shock year
Yobe | Yam,2023-09-01,2023-10-01,1,All past changes,True,False,False,43.854751405465564,shock year
Yobe | Yam,2023-09-01,2023-10-01,1,Last 24 months only,True,False,False,32.63779275061174,shock year
Borno | Millet,2023-10-01,2023-11-01,1,All past changes,True,False,False,29.62480501839667,shock year
Borno | Millet,2023-10-01,2023-11-01,1,Last 24 months only,True,False,False,22.647521311276886,shock year
Borno | Oil (palm),2023-10-01,2023-11-01,1,All past changes,False,True,False,15.191274210616722,shock year
Borno | Oil (palm),2023-10-01,2023-11-01,1,Last 24 months only,False,True,False,9.254793030923924,shock year
Borno | Rice (imported),2023-10-01,2023-11-01,1,All past changes,True,False,False,13.204582539576304,shock year
Borno | Rice (imported),2023-10-01,2023-11-01,1,Last 24 months only,True,False,False,14.945910233827108,shock year
Borno | Rice (local),2023-10-01,2023-11-01,1,All past changes,True,False,False,17.79524262945391,shock year
Borno | Rice (local),2023-10-01,2023-11-01,1,Last 24 months only,True,False,False,15.443941264903483,shock year
Borno | Yam,2023-10-01,2023-11-01,1,All past changes,True,False,False,43.432354172262656,shock year
Borno | Yam,2023-10-01,2023-11-01,1,Last 24 months only,True,False,False,31.490314711771283,shock year
Borno | Millet,2023-11-01,2023-12-01,1,All past changes,True,False,False,29.417194092826993,shock year
Borno | Millet,2023-11-01,2023-12-01,1,Last 24 months only,True,False,False,23.30749656145088,shock year
Borno | Oil (palm),2023-11-01,2023-12-01,1,All past changes,True,False,False,15.73582041278032,shock year
Borno | Oil (palm),2023-11-01,2023-12-01,1,Last 24 months only,True,False,False,10.135646708292024,shock year
Borno | Rice (imported),2023-11-01,2023-12-01,1,All past changes,True,False,False,13.147446721124423,shock year
Borno | Rice (imported),2023-11-01,2023-12-01,1,Last 24 months only,True,False,False,15.012181236123634,shock year
Borno | Rice (local),2023-11-01,2023-12-01,1,All past changes,True,False,False,17.76019514864161,shock year
Borno | Rice (local),2023-11-01,2023-12-01,1,Last 24 months only,True,False,False,15.460145858477203,shock year
Borno | Yam,2023-11-01,2023-12-01,1,All past changes,False,True,False,43.221621756263794,shock year
Borno | Yam,2023-11-01,2023-12-01,1,Last 24 months only,False,True,False,31.759113915838533,shock year
Yobe | Millet,2023-11-01,2023-12-01,1,All past changes,True,False,False,29.417194092826993,shock year
Yobe | Millet,2023-11-01,2023-12-01,1,Last 24 months only,True,False,False,23.30749656145088,shock year
Yobe | Oil (palm),2023-11-01,2023-12-01,1,All past changes,True,False,False,15.73582041278032,shock year
Yobe | Oil (palm),2023-11-01,2023-12-01,1,Last 24 months only,True,False,False,10.135646708292024,shock year
Yobe | Rice (imported),2023-11-01,2023-12-01,1,All past changes,True,False,False,13.147446721124423,shock year
Yobe | Rice (imported),2023-11-01,2023-12-01,1,Last 24 months only,True,False,False,15.012181236123634,shock year
Yobe | Rice (local),2023-11-01,2023-12-01,1,All past changes,True,False,False,17.76019514864161,shock year
Yobe | Rice (local),2023-11-01,2023-12-01,1,Last 24 months only,True,False,False,15.460145858477203,shock year
Yobe | Yam,2023-11-01,2023-12-01,1,All past changes,True,False,False,43.221621756263794,shock year
Yobe | Yam,2023-11-01,2023-12-01,1,Last 24 months only,True,False,False,31.759113915838533,shock year
Borno | Millet,2023-12-01,2024-01-01,1,All past changes,False,True,False,29.192415403415005,shock year
Borno | Millet,2023-12-01,2024-01-01,1,Last 24 months only,False,True,False,23.30749656145088,shock year
Borno | Oil (palm),2023-12-01,2024-01-01,1,All past changes,True,False,False,15.3661342316333,shock year
Borno | Oil (palm),2023-12-01,2024-01-01,1,Last 24 months only,True,False,False,10.135646708292024,shock year
Borno | Rice (imported),2023-12-01,2024-01-01,1,All past changes,False,True,False,13.034326889391757,shock year
Borno | Rice (imported),2023-12-01,2024-01-01,1,Last 24 months only,False,True,False,15.012181236123634,shock year
Borno | Rice (local),2023-12-01,2024-01-01,1,All past changes,False,True,False,17.7019219129141,shock year
Borno | Rice (local),2023-12-01,2024-01-01,1,Last 24 months only,False,True,False,15.224496715794078,shock year
Borno | Yam,2023-12-01,2024-01-01,1,All past changes,True,False,False,44.73134965684632,shock year
Borno | Yam,2023-12-01,2024-01-01,1,Last 24 months only,False,False,True,47.73868313595672,shock year
Yobe | Millet,2023-12-01,2024-01-01,1,All past changes,False,True,False,29.192415403415005,shock year
Yobe | Millet,2023-12-01,2024-01-01,1,Last 24 months only,False,True,False,23.30749656145088,shock year
Yobe | Oil (palm),2023-12-01,2024-01-01,1,All past changes,False,True,False,15.3661342316333,shock year
Yobe | Oil (palm),2023-12-01,2024-01-01,1,Last 24 months only,False,True,False,10.135646708292024,shock year
Yobe | Rice (imported),2023-12-01,2024-01-01,1,All past changes,True,False,False,13.034326889391757,shock year
Yobe | Rice (imported),2023-12-01,2024-01-01,1,Last 24 months only,True,False,False,15.012181236123634,shock year
Yobe | Rice (local),2023-12-01,2024-01-01,1,All past changes,True,False,False,17.7019219129141,shock year
Yobe | Rice (local),2023-12-01,2024-01-01,1,Last 24 months only,True,False,False,15.224496715794078,shock year
Yobe | Yam,2023-12-01,2024-01-01,1,All past changes,True,False,False,44.73134965684632,shock year
Yobe | Yam,2023-12-01,2024-01-01,1,Last 24 months only,True,False,False,47.73868313595672,shock year
Borno | Millet,2024-01-01,2024-02-01,1,All past changes,True,False,False,30.138168134671073,shock year
Borno | Millet,2024-01-01,2024-02-01,1,Last 24 months only,True,False,False,27.37436568996474,shock year
Borno | Oil (palm),2024-01-01,2024-02-01,1,All past changes,True,False,False,15.859654815727453,shock year
Borno | Oil (palm),2024-01-01,2024-02-01,1,Last 24 months only,False,False,True,11.678397086822711,shock year
Borno | Rice (imported),2024-01-01,2024-02-01,1,All past changes,True,False,False,13.176459883247983,shock year
Borno | Rice (imported),2024-01-01,2024-02-01,1,Last 24 months only,True,False,False,16.577035190358657,shock year
Borno | Rice (local),2024-01-01,2024-02-01,1,All past changes,True,False,False,17.756360598703136,shock year
Borno | Rice (local),2024-01-01,2024-02-01,1,Last 24 months only,True,False,False,15.289154625561741,shock year
Borno | Yam,2024-01-01,2024-02-01,1,All past changes,False,False,True,44.22216887363124,shock year
Borno | Yam,2024-01-01,2024-02-01,1,Last 24 months only,False,False,True,47.888757662616364,shock year
Yobe | Millet,2024-01-01,2024-02-01,1,All past changes,True,False,False,30.138168134671073,shock year
Yobe | Millet,2024-01-01,2024-02-01,1,Last 24 months only,True,False,False,27.37436568996474,shock year
Yobe | Oil (palm),2024-01-01,2024-02-01,1,All past changes,True,False,False,15.859654815727453,shock year
Yobe | Oil (palm),2024-01-01,2024-02-01,1,Last 24 months only,True,False,False,11.678397086822711,shock year
Yobe | Rice (imported),2024-01-01,2024-02-01,1,All past changes,False,True,False,13.176459883247983,shock year
Yobe | Rice (imported),2024-01-01,2024-02-01,1,Last 24 months only,False,True,False,16.577035190358657,shock year
Yobe | Rice (local),2024-01-01,2024-02-01,1,All past changes,False,True,False,17.756360598703136,shock year
Yobe | Rice (local),2024-01-01,2024-02-01,1,Last 24 months only,False,True,False,15.289154625561741,shock year
Yobe | Yam,2024-01-01,2024-02-01,1,All past changes,True,False,False,44.22216887363124,shock year
Yobe | Yam,2024-01-01,2024-02-01,1,Last 24 months only,True,False,False,47.888757662616364,shock year
Borno | Millet,2024-02-01,2024-03-01,1,All past changes,False,True,False,29.86268975707629,shock year
Borno | Millet,2024-02-01,2024-03-01,1,Last 24 months only,False,True,False,27.37436568996474,shock year
Borno | Oil (palm),2024-02-01,2024-03-01,1,All past changes,True,False,False,15.425750841283858,shock year
Borno | Oil (palm),2024-02-01,2024-03-01,1,Last 24 months only,True,False,False,13.060870197245467,shock year
Borno | Rice (imported),2024-02-01,2024-03-01,1,All past changes,True,False,False,13.349893736588381,shock year
Borno | Rice (imported),2024-02-01,2024-03-01,1,Last 24 months only,True,False,False,18.15406847961042,shock year
Borno | Rice (local),2024-02-01,2024-03-01,1,All past changes,True,False,False,18.155562944663362,shock year
Borno | Rice (local),2024-02-01,2024-03-01,1,Last 24 months only,True,False,False,15.792983146774986,shock year
Borno | Yam,2024-02-01,2024-03-01,1,All past changes,True,False,False,44.06641719323845,shock year
Borno | Yam,2024-02-01,2024-03-01,1,Last 24 months only,True,False,False,51.14248284965671,shock year
Yobe | Millet,2024-02-01,2024-03-01,1,All past changes,True,False,False,29.86268975707629,shock year
Yobe | Millet,2024-02-01,2024-03-01,1,Last 24 months only,True,False,False,27.37436568996474,shock year
Yobe | Oil (palm),2024-02-01,2024-03-01,1,All past changes,False,True,False,15.425750841283858,shock year
Yobe | Oil (palm),2024-02-01,2024-03-01,1,Last 24 months only,False,True,False,13.060870197245467,shock year
Yobe | Rice (imported),2024-02-01,2024-03-01,1,All past changes,True,False,False,13.349893736588381,shock year
Yobe | Rice (imported),2024-02-01,2024-03-01,1,Last 24 months only,True,False,False,18.15406847961042,shock year
Yobe | Rice (local),2024-02-01,2024-03-01,1,All past changes,False,True,False,18.155562944663362,shock year
Yobe | Rice (local),2024-02-01,2024-03-01,1,Last 24 months only,False,True,False,15.792983146774986,shock year
Yobe | Yam,2024-02-01,2024-03-01,1,All past changes,True,False,False,44.06641719323845,shock year
Yobe | Yam,2024-02-01,2024-03-01,1,Last 24 months only,True,False,False,51.14248284965671,shock year
Borno | Millet,2024-03-01,2024-04-01,1,All past changes,False,False,True,30.14923022771353,shock year
Borno | Millet,2024-03-01,2024-04-01,1,Last 24 months only,False,False,True,28.39367563189379,shock year
Borno | Oil (palm),2024-03-01,2024-04-01,1,All past changes,False,False,True,15.869700366977224,shock year
Borno | Oil (palm),2024-03-01,2024-04-01,1,Last 24 months only,False,False,True,14.176629859735957,shock year
Borno | Rice (imported),2024-03-01,2024-04-01,1,All past changes,False,False,True,13.345341528695343,shock year
Borno | Rice (imported),2024-03-01,2024-04-01,1,Last 24 months only,False,False,True,18.15406847961042,shock year
Borno | Rice (local),2024-03-01,2024-04-01,1,All past changes,False,False,True,18.73282795456386,shock year
Borno | Rice (local),2024-03-01,2024-04-01,1,Last 24 months only,False,False,True,16.496210488383024,shock year
Borno | Yam,2024-03-01,2024-04-01,1,All past changes,False,False,True,43.64339722702739,shock year
Borno | Yam,2024-03-01,2024-04-01,1,Last 24 months only,False,False,True,51.14248284965671,shock year
Yobe | Millet,2024-03-01,2024-04-01,1,All past changes,True,False,False,30.14923022771353,shock year
Yobe | Millet,2024-03-01,2024-04-01,1,Last 24 months only,True,False,False,28.39367563189379,shock year
Yobe | Oil (palm),2024-03-01,2024-04-01,1,All past changes,True,False,False,15.869700366977224,shock year
Yobe | Oil (palm),2024-03-01,2024-04-01,1,Last 24 months only,True,False,False,14.176629859735957,shock year
Yobe | Rice (imported),2024-03-01,2024-04-01,1,All past changes,True,False,False,13.345341528695343,shock year
Yobe | Rice (imported),2024-03-01,2024-04-01,1,Last 24 months only,True,False,False,18.15406847961042,shock year
Yobe | Rice (local),2024-03-01,2024-04-01,1,All past changes,True,False,False,18.73282795456386,shock year
Yobe | Rice (local),2024-03-01,2024-04-01,1,Last 24 months only,True,False,False,16.496210488383024,shock year
Yobe | Yam,2024-03-01,2024-04-01,1,All past changes,True,False,False,43.64339722702739,shock year
Yobe | Yam,2024-03-01,2024-04-01,1,Last 24 months only,True,False,False,51.14248284965671,shock year
Borno | Millet,2024-04-01,2024-05-01,1,All past changes,False,True,False,30.68812710718114,shock year
Borno | Millet,2024-04-01,2024-05-01,1,Last 24 months only,False,True,False,31.33454170224462,shock year
Borno | Oil (palm),2024-04-01,2024-05-01,1,All past changes,False,True,False,16.72675313136567,shock year
Borno | Oil (palm),2024-04-01,2024-05-01,1,Last 24 months only,False,True,False,13.060870197245467,shock year
Borno | Rice (imported),2024-04-01,2024-05-01,1,All past changes,True,False,False,13.40138302828251,shock year
Borno | Rice (imported),2024-04-01,2024-05-01,1,Last 24 months only,True,False,False,18.654664589579518,shock year
Borno | Rice (local),2024-04-01,2024-05-01,1,All past changes,False,True,False,18.8482388253428,shock year
Borno | Rice (local),2024-04-01,2024-05-01,1,Last 24 months only,False,True,False,16.731859631066147,shock year
Borno | Yam,2024-04-01,2024-05-01,1,All past changes,False,True,False,43.32293887885751,shock year
Borno | Yam,2024-04-01,2024-05-01,1,Last 24 months only,False,True,False,51.14248284965671,shock year
Yobe | Millet,2024-04-01,2024-05-01,1,All past changes,True,False,False,30.68812710718114,shock year
Yobe | Millet,2024-04-01,2024-05-01,1,Last 24 months only,True,False,False,31.33454170224462,shock year
Yobe | Oil (palm),2024-04-01,2024-05-01,1,All past changes,True,False,False,16.72675313136567,shock year
Yobe | Oil (palm),2024-04-01,2024-05-01,1,Last 24 months only,True,False,False,13.060870197245467,shock year
Yobe | Rice (imported),2024-04-01,2024-05-01,1,All past changes,False,False,True,13.40138302828251,shock year
Yobe | Rice (imported),2024-04-01,2024-05-01,1,Last 24 months only,False,False,True,18.654664589579518,shock year
Yobe | Rice (local),2024-04-01,2024-05-01,1,All past changes,True,False,False,18.8482388253428,shock year
Yobe | Rice (local),2024-04-01,2024-05-01,1,Last 24 months only,True,False,False,16.731859631066147,shock year
Yobe | Yam,2024-04-01,2024-05-01,1,All past changes,True,False,False,43.32293887885751,shock year
Yobe | Yam,2024-04-01,2024-05-01,1,Last 24 months only,True,False,False,51.14248284965671,shock year
Borno | Millet,2024-05-01,2024-06-01,1,All past changes,True,False,False,31.351307448648836,shock year
Borno | Millet,2024-05-01,2024-06-01,1,Last 24 months only,True,False,False,31.662597475256483,shock year
Borno | Oil (palm),2024-05-01,2024-06-01,1,All past changes,True,False,False,16.831110347277633,shock year
Borno | Oil (palm),2024-05-01,2024-06-01,1,Last 24 months only,True,False,False,13.060870197245467,shock year
Borno | Rice (imported),2024-05-01,2024-06-01,1,All past changes,True,False,False,13.725596915042114,shock year
Borno | Rice (imported),2024-05-01,2024-06-01,1,Last 24 months only,True,False,False,19.491336678738346,shock year
Borno | Rice (local),2024-05-01,2024-06-01,1,All past changes,True,False,False,18.91154058550758,shock year
Borno | Rice (local),2024-05-01,2024-06-01,1,Last 24 months only,True,False,False,18.149134417491762,shock year
Borno | Yam,2024-05-01,2024-06-01,1,All past changes,True,False,False,44.916206177343135,shock year
Borno | Yam,2024-05-01,2024-06-01,1,Last 24 months only,True,False,False,51.14248284965671,shock year
Yobe | Millet,2024-05-01,2024-06-01,1,All past changes,False,True,False,31.351307448648836,shock year
Yobe | Millet,2024-05-01,2024-06-01,1,Last 24 months only,False,True,False,31.662597475256483,shock year
Yobe | Oil (palm),2024-05-01,2024-06-01,1,All past changes,True,False,False,16.831110347277633,shock year
Yobe | Oil (palm),2024-05-01,2024-06-01,1,Last 24 months only,True,False,False,13.060870197245467,shock year
Yobe | Rice (imported),2024-05-01,2024-06-01,1,All past changes,True,False,False,13.725596915042114,shock year
Yobe | Rice (imported),2024-05-01,2024-06-01,1,Last 24 months only,True,False,False,19.491336678738346,shock year
Yobe | Rice (local),2024-05-01,2024-06-01,1,All past changes,True,False,False,18.91154058550758,shock year
Yobe | Rice (local),2024-05-01,2024-06-01,1,Last 24 months only,True,False,False,18.149134417491762,shock year
Yobe | Yam,2024-05-01,2024-06-01,1,All past changes,True,False,False,44.916206177343135,shock year
Yobe | Yam,2024-05-01,2024-06-01,1,Last 24 months only,True,False,False,51.14248284965671,shock year
Yobe | Millet,2024-06-01,2024-07-01,1,All past changes,True,False,False,31.38791722047256,after
Yobe | Millet,2024-06-01,2024-07-01,1,Last 24 months only,True,False,False,27.058571974352375,after
Yobe | Oil (palm),2024-06-01,2024-07-01,1,All past changes,True,False,False,16.511176481500524,after
Yobe | Oil (palm),2024-06-01,2024-07-01,1,Last 24 months only,True,False,False,11.627208716147774,after
Yobe | Rice (imported),2024-06-01,2024-07-01,1,All past changes,False,True,False,13.615163575964772,after
Yobe | Rice (imported),2024-06-01,2024-07-01,1,Last 24 months only,False,True,False,18.15406847961042,after
Yobe | Rice (local),2024-06-01,2024-07-01,1,All past changes,False,True,False,18.851977459747182,after
Yobe | Rice (local),2024-06-01,2024-07-01,1,Last 24 months only,False,True,False,16.904692938161915,after
Yobe | Yam,2024-06-01,2024-07-01,1,All past changes,True,False,False,44.49068554320833,after
Yobe | Yam,2024-06-01,2024-07-01,1,Last 24 months only,True,False,False,35.16291362953853,after
Borno | Millet,2024-07-01,2024-08-01,1,All past changes,True,False,False,31.29223568229378,after
Borno | Millet,2024-07-01,2024-08-01,1,Last 24 months only,True,False,False,27.17354016224046,after
Borno | Oil (palm),2024-07-01,2024-08-01,1,All past changes,True,False,False,16.351008799136636,after
Borno | Oil (palm),2024-07-01,2024-08-01,1,Last 24 months only,True,False,False,11.826964671052941,after
Borno | Rice (imported),2024-07-01,2024-08-01,1,All past changes,False,True,False,13.741684734440994,after
Borno | Rice (imported),2024-07-01,2024-08-01,1,Last 24 months only,False,True,False,18.789889927825378,after
Borno | Rice (local),2024-07-01,2024-08-01,1,All past changes,False,True,False,18.978682044405115,after
Borno | Rice (local),2024-07-01,2024-08-01,1,Last 24 months only,True,False,False,20.893456517357723,after
Borno | Yam,2024-07-01,2024-08-01,1,All past changes,True,False,False,44.27839507676208,after
Borno | Yam,2024-07-01,2024-08-01,1,Last 24 months only,True,False,False,35.96715134963334,after
Yobe | Millet,2024-07-01,2024-08-01,1,All past changes,True,False,False,31.29223568229378,after
Yobe | Millet,2024-07-01,2024-08-01,1,Last 24 months only,True,False,False,27.17354016224046,after
Yobe | Oil (palm),2024-07-01,2024-08-01,1,All past changes,True,False,False,16.351008799136636,after
Yobe | Oil (palm),2024-07-01,2024-08-01,1,Last 24 months only,True,False,False,11.826964671052941,after
Yobe | Rice (imported),2024-07-01,2024-08-01,1,All past changes,True,False,False,13.741684734440994,after
Yobe | Rice (imported),2024-07-01,2024-08-01,1,Last 24 months only,True,False,False,18.789889927825378,after
Yobe | Rice (local),2024-07-01,2024-08-01,1,All past changes,True,False,False,18.978682044405115,after
Yobe | Rice (local),2024-07-01,2024-08-01,1,Last 24 months only,True,False,False,20.893456517357723,after
Yobe | Yam,2024-07-01,2024-08-01,1,All past changes,True,False,False,44.27839507676208,after
Yobe | Yam,2024-07-01,2024-08-01,1,Last 24 months only,True,False,False,35.96715134963334,after
Borno | Millet,2024-08-01,2024-09-01,1,All past changes,True,False,False,31.100574167564144,after
Borno | Millet,2024-08-01,2024-09-01,1,Last 24 months only,False,False,True,26.374296084685934,after
Borno | Oil (palm),2024-08-01,2024-09-01,1,All past changes,True,False,False,16.030270941110057,after
Borno | Oil (palm),2024-08-01,2024-09-01,1,Last 24 months only,True,False,False,10.31501933897464,after
Borno | Rice (imported),2024-08-01,2024-09-01,1,All past changes,True,False,False,14.020471928199484,after
Borno | Rice (imported),2024-08-01,2024-09-01,1,Last 24 months only,True,False,False,18.98963356343215,after
Borno | Rice (local),2024-08-01,2024-09-01,1,All past changes,True,False,False,19.117246100268638,after
Borno | Rice (local),2024-08-01,2024-09-01,1,Last 24 months only,True,False,False,20.893456517357723,after
Borno | Yam,2024-08-01,2024-09-01,1,All past changes,False,False,True,43.854751405465564,after
Borno | Yam,2024-08-01,2024-09-01,1,Last 24 months only,False,False,True,34.02321531849854,after
Yobe | Millet,2024-08-01,2024-09-01,1,All past changes,False,False,True,31.100574167564144,after
Yobe | Millet,2024-08-01,2024-09-01,1,Last 24 months only,False,False,True,26.374296084685934,after
Yobe | Oil (palm),2024-08-01,2024-09-01,1,All past changes,False,True,False,16.030270941110057,after
Yobe | Oil (palm),2024-08-01,2024-09-01,1,Last 24 months only,False,True,False,10.31501933897464,after
Yobe | Rice (imported),2024-08-01,2024-09-01,1,All past changes,True,False,False,14.020471928199484,after
Yobe | Rice (imported),2024-08-01,2024-09-01,1,Last 24 months only,True,False,False,18.98963356343215,after
Yobe | Rice (local),2024-08-01,2024-09-01,1,All past changes,True,False,False,19.117246100268638,after
Yobe | Rice (local),2024-08-01,2024-09-01,1,Last 24 months only,True,False,False,20.893456517357723,after
Yobe | Yam,2024-08-01,2024-09-01,1,All past changes,True,False,False,43.854751405465564,after
Yobe | Yam,2024-08-01,2024-09-01,1,Last 24 months only,True,False,False,34.02321531849854,after
Borno | Millet,2024-09-01,2024-10-01,1,All past changes,False,False,True,31.8348637266049,after
Borno | Millet,2024-09-01,2024-10-01,1,Last 24 months only,False,False,True,33.18002494008958,after
Borno | Oil (palm),2024-09-01,2024-10-01,1,All past changes,True,False,False,16.09679164278677,after
Borno | Oil (palm),2024-09-01,2024-10-01,1,Last 24 months only,False,False,True,11.826964671052941,after
Borno | Rice (imported),2024-09-01,2024-10-01,1,All past changes,True,False,False,13.771490044246582,after
Borno | Rice (imported),2024-09-01,2024-10-01,1,Last 24 months only,True,False,False,18.84678724387041,after
Borno | Rice (local),2024-09-01,2024-10-01,1,All past changes,True,False,False,19.029923615155873,after
Borno | Rice (local),2024-09-01,2024-10-01,1,Last 24 months only,True,False,False,19.647138572920177,after
Borno | Yam,2024-09-01,2024-10-01,1,All past changes,True,False,False,43.6038624829577,after
Borno | Yam,2024-09-01,2024-10-01,1,Last 24 months only,True,False,False,34.76324456036721,after
Yobe | Millet,2024-09-01,2024-10-01,1,All past changes,False,False,True,31.8348637266049,after
Yobe | Millet,2024-09-01,2024-10-01,1,Last 24 months only,False,False,True,33.18002494008958,after
Yobe | Oil (palm),2024-09-01,2024-10-01,1,All past changes,True,False,False,16.09679164278677,after
Yobe | Oil (palm),2024-09-01,2024-10-01,1,Last 24 months only,True,False,False,11.826964671052941,after
Yobe | Rice (imported),2024-09-01,2024-10-01,1,All past changes,True,False,False,13.771490044246582,after
Yobe | Rice (imported),2024-09-01,2024-10-01,1,Last 24 months only,True,False,False,18.84678724387041,after
Yobe | Rice (local),2024-09-01,2024-10-01,1,All past changes,False,False,True,19.029923615155873,after
Yobe | Rice (local),2024-09-01,2024-10-01,1,Last 24 months only,False,False,True,19.647138572920177,after
Yobe | Yam,2024-09-01,2024-10-01,1,All past changes,True,False,False,43.6038624829577,after
Yobe | Yam,2024-09-01,2024-10-01,1,Last 24 months only,True,False,False,34.76324456036721,after
Borno | Millet,2024-10-01,2024-11-01,1,All past changes,True,False,False,33.041121012898124,after
Borno | Millet,2024-10-01,2024-11-01,1,Last 24 months only,True,False,False,37.96548443225941,after
Borno | Oil (palm),2024-10-01,2024-11-01,1,All past changes,False,True,False,15.915597715282958,after
Borno | Oil (palm),2024-10-01,2024-11-01,1,Last 24 months only,False,True,False,12.222169200923139,after
Borno | Rice (imported),2024-10-01,2024-11-01,1,All past changes,True,False,False,13.609331196295626,after
Borno | Rice (imported),2024-10-01,2024-11-01,1,Last 24 months only,True,False,False,18.188671424475224,after
Borno | Rice (local),2024-10-01,2024-11-01,1,All past changes,False,False,True,19.12474759295949,after
Borno | Rice (local),2024-10-01,2024-11-01,1,Last 24 months only,False,False,True,20.893456517357723,after
Borno | Yam,2024-10-01,2024-11-01,1,All past changes,True,False,False,42.97333741384658,after
Borno | Yam,2024-10-01,2024-11-01,1,Last 24 months only,True,False,False,34.76324456036721,after
Yobe | Millet,2024-10-01,2024-11-01,1,All past changes,True,False,False,33.041121012898124,after
Yobe | Millet,2024-10-01,2024-11-01,1,Last 24 months only,True,False,False,37.96548443225941,after
Yobe | Oil (palm),2024-10-01,2024-11-01,1,All past changes,False,True,False,15.915597715282958,after
Yobe | Oil (palm),2024-10-01,2024-11-01,1,Last 24 months only,False,True,False,12.222169200923139,after
Yobe | Rice (imported),2024-10-01,2024-11-01,1,All past changes,True,False,False,13.609331196295626,after
Yobe | Rice (imported),2024-10-01,2024-11-01,1,Last 24 months only,True,False,False,18.188671424475224,after
Yobe | Rice (local),2024-10-01,2024-11-01,1,All past changes,True,False,False,19.12474759295949,after
Yobe | Rice (local),2024-10-01,2024-11-01,1,Last 24 months only,False,False,True,20.893456517357723,after
Yobe | Yam,2024-10-01,2024-11-01,1,All past changes,False,False,True,42.97333741384658,after
Yobe | Yam,2024-10-01,2024-11-01,1,Last 24 months only,False,False,True,34.76324456036721,after
Borno | Millet,2024-11-01,2024-12-01,1,All past changes,True,False,False,32.69746019333336,after
Borno | Millet,2024-11-01,2024-12-01,1,Last 24 months only,True,False,False,37.96548443225941,after
Borno | Oil (palm),2024-11-01,2024-12-01,1,All past changes,False,True,False,16.06389972138096,after
Borno | Oil (palm),2024-11-01,2024-12-01,1,Last 24 months only,False,True,False,14.49529608036444,after
Borno | Rice (imported),2024-11-01,2024-12-01,1,All past changes,True,False,False,13.533887062375227,after
Borno | Rice (imported),2024-11-01,2024-12-01,1,Last 24 months only,True,False,False,17.760432128034797,after
Borno | Rice (local),2024-11-01,2024-12-01,1,All past changes,True,False,False,19.272255248858627,after
Borno | Rice (local),2024-11-01,2024-12-01,1,Last 24 months only,True,False,False,21.973532235828607,after
Borno | Yam,2024-11-01,2024-12-01,1,All past changes,True,False,False,42.86791000300829,after
Borno | Yam,2024-11-01,2024-12-01,1,Last 24 months only,True,False,False,38.75829464063614,after
Yobe | Millet,2024-11-01,2024-12-01,1,All past changes,True,False,False,32.69746019333336,after
Yobe | Millet,2024-11-01,2024-12-01,1,Last 24 months only,True,False,False,37.96548443225941,after
Yobe | Oil (palm),2024-11-01,2024-12-01,1,All past changes,False,True,False,16.06389972138096,after
Yobe | Oil (palm),2024-11-01,2024-12-01,1,Last 24 months only,True,False,False,14.49529608036444,after
Yobe | Rice (imported),2024-11-01,2024-12-01,1,All past changes,True,False,False,13.533887062375227,after
Yobe | Rice (imported),2024-11-01,2024-12-01,1,Last 24 months only,True,False,False,17.760432128034797,after
Yobe | Rice (local),2024-11-01,2024-12-01,1,All past changes,True,False,False,19.272255248858627,after
Yobe | Rice (local),2024-11-01,2024-12-01,1,Last 24 months only,True,False,False,21.973532235828607,after
Yobe | Yam,2024-11-01,2024-12-01,1,All past changes,True,False,False,42.86791000300829,after
Yobe | Yam,2024-11-01,2024-12-01,1,Last 24 months only,True,False,False,38.75829464063614,after
Borno | Millet,2024-12-01,2025-01-01,1,All past changes,True,False,False,32.35398338164956,after
Borno | Millet,2024-12-01,2025-01-01,1,Last 24 months only,True,False,False,37.96548443225941,after
Borno | Oil (palm),2024-12-01,2025-01-01,1,All past changes,True,False,False,17.210255395152373,after
Borno | Oil (palm),2024-12-01,2025-01-01,1,Last 24 months only,True,False,False,15.841792082232509,after
Borno | Rice (imported),2024-12-01,2025-01-01,1,All past changes,True,False,False,13.458457746030117,after
Borno | Rice (imported),2024-12-01,2025-01-01,1,Last 24 months only,True,False,False,17.760432128034797,after
Borno | Rice (local),2024-12-01,2025-01-01,1,All past changes,True,False,False,19.186224603029835,after
Borno | Rice (local),2024-12-01,2025-01-01,1,Last 24 months only,True,False,False,21.973532235828607,after
Borno | Yam,2024-12-01,2025-01-01,1,All past changes,True,False,False,42.035360075542506,after
Borno | Yam,2024-12-01,2025-01-01,1,Last 24 months only,True,False,False,38.75829464063614,after
Yobe | Millet,2024-12-01,2025-01-01,1,All past changes,True,False,False,32.35398338164956,after
Yobe | Millet,2024-12-01,2025-01-01,1,Last 24 months only,True,False,False,37.96548443225941,after
Yobe | Oil (palm),2024-12-01,2025-01-01,1,All past changes,True,False,False,17.210255395152373,after
Yobe | Oil (palm),2024-12-01,2025-01-01,1,Last 24 months only,True,False,False,15.841792082232509,after
Yobe | Rice (imported),2024-12-01,2025-01-01,1,All past changes,True,False,False,13.458457746030117,after
Yobe | Rice (imported),2024-12-01,2025-01-01,1,Last 24 months only,True,False,False,17.760432128034797,after
Yobe | Rice (local),2024-12-01,2025-01-01,1,All past changes,True,False,False,19.186224603029835,after
Yobe | Rice (local),2024-12-01,2025-01-01,1,Last 24 months only,True,False,False,21.973532235828607,after
Yobe | Yam,2024-12-01,2025-01-01,1,All past changes,True,False,False,42.035360075542506,after
Yobe | Yam,2024-12-01,2025-01-01,1,Last 24 months only,True,False,False,38.75829464063614,after
Borno | Millet,2025-01-01,2025-02-01,1,All past changes,True,False,False,32.010689609717026,after
Borno | Millet,2025-01-01,2025-02-01,1,Last 24 months only,True,False,False,37.96548443225941,after
Borno | Oil (palm),2025-01-01,2025-02-01,1,All past changes,True,False,False,17.032406316941362,after
Borno | Oil (palm),2025-01-01,2025-02-01,1,Last 24 months only,True,False,False,15.841792082232509,after
Borno | Rice (imported),2025-01-01,2025-02-01,1,All past changes,True,False,False,13.383043235478908,after
Borno | Rice (imported),2025-01-01,2025-02-01,1,Last 24 months only,True,False,False,17.760432128034797,after
Borno | Rice (local),2025-01-01,2025-02-01,1,All past changes,True,False,False,19.100182075436678,after
Borno | Rice (local),2025-01-01,2025-02-01,1,Last 24 months only,True,False,False,21.82121528363782,after
Borno | Yam,2025-01-01,2025-02-01,1,All past changes,True,False,False,41.206045119896196,after
Borno | Yam,2025-01-01,2025-02-01,1,Last 24 months only,True,False,False,38.75829464063614,after
Yobe | Millet,2025-01-01,2025-02-01,1,All past changes,True,False,False,32.010689609717026,after
Yobe | Millet,2025-01-01,2025-02-01,1,Last 24 months only,True,False,False,37.96548443225941,after
Yobe | Oil (palm),2025-01-01,2025-02-01,1,All past changes,True,False,False,17.032406316941362,after
Yobe | Oil (palm),2025-01-01,2025-02-01,1,Last 24 months only,True,False,False,15.841792082232509,after
Yobe | Rice (imported),2025-01-01,2025-02-01,1,All past changes,False,False,True,13.383043235478908,after
Yobe | Rice (imported),2025-01-01,2025-02-01,1,Last 24 months only,False,False,True,17.760432128034797,after
Yobe | Rice (local),2025-01-01,2025-02-01,1,All past changes,True,False,False,19.100182075436678,after
Yobe | Rice (local),2025-01-01,2025-02-01,1,Last 24 months only,True,False,False,21.82121528363782,after
Yobe | Yam,2025-01-01,2025-02-01,1,All past changes,True,False,False,41.206045119896196,after
Yobe | Yam,2025-01-01,2025-02-01,1,Last 24 months only,True,False,False,38.75829464063614,after
Borno | Millet,2025-02-01,2025-03-01,1,All past changes,False,False,True,31.667577910166855,after
Borno | Millet,2025-02-01,2025-03-01,1,Last 24 months only,False,False,True,35.92508435962717,after
Borno | Oil (palm),2025-02-01,2025-03-01,1,All past changes,False,False,True,16.85475360477219,after
Borno | Oil (palm),2025-02-01,2025-03-01,1,Last 24 months only,False,False,True,15.841792082232509,after
Borno | Rice (imported),2025-02-01,2025-03-01,1,All past changes,False,False,True,13.469471733190197,after
Borno | Rice (imported),2025-02-01,2025-03-01,1,Last 24 months only,False,False,True,15.078419749150207,after
Borno | Rice (local),2025-02-01,2025-03-01,1,All past changes,False,False,True,19.01412764891923,after
Borno | Rice (local),2025-02-01,2025-03-01,1,Last 24 months only,False,False,True,17.693548125671555,after
Borno | Yam,2025-02-01,2025-03-01,1,All past changes,True,False,False,40.37994599764926,after
Borno | Yam,2025-02-01,2025-03-01,1,Last 24 months only,True,False,False,34.76324456036721,after
Yobe | Millet,2025-02-01,2025-03-01,1,All past changes,True,False,False,31.667577910166855,after
Yobe | Millet,2025-02-01,2025-03-01,1,Last 24 months only,True,False,False,35.92508435962717,after
Yobe | Oil (palm),2025-02-01,2025-03-01,1,All past changes,False,False,True,16.85475360477219,after
Yobe | Oil (palm),2025-02-01,2025-03-01,1,Last 24 months only,False,False,True,15.841792082232509,after
Yobe | Rice (imported),2025-02-01,2025-03-01,1,All past changes,False,False,True,13.469471733190197,after
Yobe | Rice (imported),2025-02-01,2025-03-01,1,Last 24 months only,False,False,True,15.078419749150207,after
Yobe | Rice (local),2025-02-01,2025-03-01,1,All past changes,True,False,False,19.01412764891923,after
Yobe | Rice (local),2025-02-01,2025-03-01,1,Last 24 months only,False,False,True,17.693548125671555,after
Yobe | Yam,2025-02-01,2025-03-01,1,All past changes,True,False,False,40.37994599764926,after
Yobe | Yam,2025-02-01,2025-03-01,1,Last 24 months only,True,False,False,34.76324456036721,after
Borno | Millet,2025-03-01,2025-04-01,1,All past changes,True,False,False,32.040244987179975,after
Borno | Millet,2025-03-01,2025-04-01,1,Last 24 months only,True,False,False,36.771047278842204,after
Borno | Oil (palm),2025-03-01,2025-04-01,1,All past changes,True,False,False,17.652371978111848,after
Borno | Oil (palm),2025-03-01,2025-04-01,1,Last 24 months only,True,False,False,17.356850112234245,after
Borno | Rice (imported),2025-03-01,2025-04-01,1,All past changes,True,False,False,14.186903504812276,after
Borno | Rice (imported),2025-03-01,2025-04-01,1,Last 24 months only,True,False,False,18.40040517107312,after
Borno | Rice (local),2025-03-01,2025-04-01,1,All past changes,True,False,False,19.174845681473684,after
Borno | Rice (local),2025-03-01,2025-04-01,1,Last 24 months only,True,False,False,19.618621127026092,after
Borno | Yam,2025-03-01,2025-04-01,1,All past changes,False,False,True,39.889564581476,after
Borno | Yam,2025-03-01,2025-04-01,1,Last 24 months only,False,False,True,34.76324456036721,after
Yobe | Millet,2025-03-01,2025-04-01,1,All past changes,True,False,False,32.040244987179975,after
Yobe | Millet,2025-03-01,2025-04-01,1,Last 24 months only,True,False,False,36.771047278842204,after
Yobe | Oil (palm),2025-03-01,2025-04-01,1,All past changes,True,False,False,17.652371978111848,after
Yobe | Oil (palm),2025-03-01,2025-04-01,1,Last 24 months only,True,False,False,17.356850112234245,after
Yobe | Rice (imported),2025-03-01,2025-04-01,1,All past changes,True,False,False,14.186903504812276,after
Yobe | Rice (imported),2025-03-01,2025-04-01,1,Last 24 months only,True,False,False,18.40040517107312,after
Yobe | Rice (local),2025-03-01,2025-04-01,1,All past changes,True,False,False,19.174845681473684,after
Yobe | Rice (local),2025-03-01,2025-04-01,1,Last 24 months only,True,False,False,19.618621127026092,after
Yobe | Yam,2025-03-01,2025-04-01,1,All past changes,True,False,False,39.889564581476,after
Yobe | Yam,2025-03-01,2025-04-01,1,Last 24 months only,True,False,False,34.76324456036721,after
Borno | Millet,2025-04-01,2025-05-01,1,All past changes,True,False,False,31.822269768427315,after
Borno | Millet,2025-04-01,2025-05-01,1,Last 24 months only,True,False,False,36.771047278842204,after
Borno | Oil (palm),2025-04-01,2025-05-01,1,All past changes,True,False,False,17.315564319716703,after
Borno | Oil (palm),2025-04-01,2025-05-01,1,Last 24 months only,True,False,False,17.356850112234245,after
Borno | Rice (imported),2025-04-01,2025-05-01,1,All past changes,True,False,False,14.082811760382707,after
Borno | Rice (imported),2025-04-01,2025-05-01,1,Last 24 months only,True,False,False,18.40040517107312,after
Borno | Rice (local),2025-04-01,2025-05-01,1,All past changes,True,False,False,19.10230030179063,after
Borno | Rice (local),2025-04-01,2025-05-01,1,Last 24 months only,True,False,False,19.618621127026092,after
Borno | Yam,2025-04-01,2025-05-01,1,All past changes,False,True,False,40.323711142113304,after
Borno | Yam,2025-04-01,2025-05-01,1,Last 24 months only,False,True,False,38.75829464063614,after
Yobe | Millet,2025-04-01,2025-05-01,1,All past changes,True,False,False,31.822269768427315,after
Yobe | Millet,2025-04-01,2025-05-01,1,Last 24 months only,True,False,False,36.771047278842204,after
Yobe | Oil (palm),2025-04-01,2025-05-01,1,All past changes,False,True,False,17.315564319716703,after
Yobe | Oil (palm),2025-04-01,2025-05-01,1,Last 24 months only,False,True,False,17.356850112234245,after
Yobe | Rice (imported),2025-04-01,2025-05-01,1,All past changes,False,False,True,14.082811760382707,after
Yobe | Rice (imported),2025-04-01,2025-05-01,1,Last 24 months only,False,False,True,18.40040517107312,after
Yobe | Rice (local),2025-04-01,2025-05-01,1,All past changes,True,False,False,19.10230030179063,after
Yobe | Rice (local),2025-04-01,2025-05-01,1,Last 24 months only,True,False,False,19.618621127026092,after
Yobe | Yam,2025-04-01,2025-05-01,1,All past changes,True,False,False,40.323711142113304,after
Yobe | Yam,2025-04-01,2025-05-01,1,Last 24 months only,True,False,False,38.75829464063614,after
Borno | Millet,2025-05-01,2025-06-01,1,All past changes,True,False,False,31.604163682647535,after
Borno | Millet,2025-05-01,2025-06-01,1,Last 24 months only,True,False,False,36.771047278842204,after
Borno | Oil (palm),2025-05-01,2025-06-01,1,All past changes,True,False,False,17.73872551708042,after
Borno | Oil (palm),2025-05-01,2025-06-01,1,Last 24 months only,True,False,False,17.774592620917918,after
Borno | Rice (imported),2025-05-01,2025-06-01,1,All past changes,False,False,True,14.210361018648697,after
Borno | Rice (imported),2025-05-01,2025-06-01,1,Last 24 months only,True,False,False,19.753038287816405,after
Borno | Rice (local),2025-05-01,2025-06-01,1,All past changes,True,False,False,19.02973554993055,after
Borno | Rice (local),2025-05-01,2025-06-01,1,Last 24 months only,True,False,False,19.618621127026092,after
Borno | Yam,2025-05-01,2025-06-01,1,All past changes,True,False,False,40.44391771100114,after
Borno | Yam,2025-05-01,2025-06-01,1,Last 24 months only,False,False,True,40.49148916676288,after
Yobe | Millet,2025-05-01,2025-06-01,1,All past changes,True,False,False,31.604163682647535,after
Yobe | Millet,2025-05-01,2025-06-01,1,Last 24 months only,True,False,False,36.771047278842204,after
Yobe | Oil (palm),2025-05-01,2025-06-01,1,All past changes,True,False,False,17.73872551708042,after
Yobe | Oil (palm),2025-05-01,2025-06-01,1,Last 24 months only,True,False,False,17.774592620917918,after
Yobe | Rice (imported),2025-05-01,2025-06-01,1,All past changes,True,False,False,14.210361018648697,after
Yobe | Rice (imported),2025-05-01,2025-06-01,1,Last 24 months only,True,False,False,19.753038287816405,after
Yobe | Rice (local),2025-05-01,2025-06-01,1,All past changes,True,False,False,19.02973554993055,after
Yobe | Rice (local),2025-05-01,2025-06-01,1,Last 24 months only,True,False,False,19.618621127026092,after
Yobe | Yam,2025-05-01,2025-06-01,1,All past changes,True,False,False,40.44391771100114,after
Yobe | Yam,2025-05-01,2025-06-01,1,Last 24 months only,True,False,False,40.49148916676288,after
Borno | Millet,2025-06-01,2025-07-01,1,All past changes,True,False,False,31.385926389085416,after
Borno | Millet,2025-06-01,2025-07-01,1,Last 24 months only,True,False,False,36.771047278842204,after
Borno | Oil (palm),2025-06-01,2025-07-01,1,All past changes,True,False,False,17.40524911037429,after
Borno | Oil (palm),2025-06-01,2025-07-01,1,Last 24 months only,True,False,False,17.774592620917918,after
Borno | Rice (imported),2025-06-01,2025-07-01,1,All past changes,False,False,True,14.282179701214526,after
Borno | Rice (imported),2025-06-01,2025-07-01,1,Last 24 months only,True,False,False,18.40040517107312,after
Borno | Rice (local),2025-06-01,2025-07-01,1,All past changes,False,False,True,18.95715141192814,after
Borno | Rice (local),2025-06-01,2025-07-01,1,Last 24 months only,False,False,True,19.618621127026092,after
Borno | Yam,2025-06-01,2025-07-01,1,All past changes,True,False,False,40.253809324662015,after
Borno | Yam,2025-06-01,2025-07-01,1,Last 24 months only,True,False,False,38.22099606492758,after
Yobe | Millet,2025-06-01,2025-07-01,1,All past changes,True,False,False,31.385926389085416,after
Yobe | Millet,2025-06-01,2025-07-01,1,Last 24 months only,True,False,False,36.771047278842204,after
Yobe | Oil (palm),2025-06-01,2025-07-01,1,All past changes,True,False,False,17.40524911037429,after
Yobe | Oil (palm),2025-06-01,2025-07-01,1,Last 24 months only,True,False,False,17.774592620917918,after
Yobe | Rice (imported),2025-06-01,2025-07-01,1,All past changes,True,False,False,14.282179701214526,after
Yobe | Rice (imported),2025-06-01,2025-07-01,1,Last 24 months only,True,False,False,18.40040517107312,after
Yobe | Rice (local),2025-06-01,2025-07-01,1,All past changes,False,False,True,18.95715141192814,after
Yobe | Rice (local),2025-06-01,2025-07-01,1,Last 24 months only,False,False,True,19.618621127026092,after
Yobe | Yam,2025-06-01,2025-07-01,1,All past changes,True,False,False,40.253809324662015,after
Yobe | Yam,2025-06-01,2025-07-01,1,Last 24 months only,True,False,False,38.22099606492758,after
Borno | Millet,2025-07-01,2025-08-01,1,All past changes,True,False,False,31.167557546581115,after
Borno | Millet,2025-07-01,2025-08-01,1,Last 24 months only,True,False,False,34.30393281251326,after
Borno | Oil (palm),2025-07-01,2025-08-01,1,All past changes,True,False,False,17.07161320780791,after
Borno | Oil (palm),2025-07-01,2025-08-01,1,Last 24 months only,True,False,False,18.03995311554968,after
Borno | Rice (imported),2025-07-01,2025-08-01,1,All past changes,True,False,False,14.460303176113321,after
Borno | Rice (imported),2025-07-01,2025-08-01,1,Last 24 months only,True,False,False,18.556180489792318,after
Borno | Rice (local),2025-07-01,2025-08-01,1,All past changes,False,False,True,19.24874830217691,after
Borno | Rice (local),2025-07-01,2025-08-01,1,Last 24 months only,False,False,True,20.52266481222774,after
Borno | Yam,2025-07-01,2025-08-01,1,All past changes,True,False,False,40.063407525704356,after
Borno | Yam,2025-07-01,2025-08-01,1,Last 24 months only,True,False,False,34.22266862406374,after
Yobe | Millet,2025-07-01,2025-08-01,1,All past changes,False,False,True,31.167557546581115,after
Yobe | Millet,2025-07-01,2025-08-01,1,Last 24 months only,False,False,True,34.30393281251326,after
Yobe | Oil (palm),2025-07-01,2025-08-01,1,All past changes,True,False,False,17.07161320780791,after
Yobe | Oil (palm),2025-07-01,2025-08-01,1,Last 24 months only,False,False,True,18.03995311554968,after
Yobe | Rice (imported),2025-07-01,2025-08-01,1,All past changes,True,False,False,14.460303176113321,after
Yobe | Rice (imported),2025-07-01,2025-08-01,1,Last 24 months only,True,False,False,18.556180489792318,after
Yobe | Rice (local),2025-07-01,2025-08-01,1,All past changes,True,False,False,19.24874830217691,after
Yobe | Rice (local),2025-07-01,2025-08-01,1,Last 24 months only,True,False,False,20.52266481222774,after
Yobe | Yam,2025-07-01,2025-08-01,1,All past changes,False,False,True,40.063407525704356,after
Yobe | Yam,2025-07-01,2025-08-01,1,Last 24 months only,False,False,True,34.22266862406374,after
Borno | Millet,2025-08-01,2025-09-01,1,All past changes,True,False,False,31.562746563912082,after
Borno | Millet,2025-08-01,2025-09-01,1,Last 24 months only,True,False,False,31.07356509677356,after
Borno | Oil (palm),2025-08-01,2025-09-01,1,All past changes,True,False,False,16.81371190941062,after
Borno | Oil (palm),2025-08-01,2025-09-01,1,Last 24 months only,True,False,False,18.723409530557234,after
Borno | Rice (imported),2025-08-01,2025-09-01,1,All past changes,True,False,False,14.363040312989316,after
Borno | Rice (imported),2025-08-01,2025-09-01,1,Last 24 months only,True,False,False,18.556180489792318,after
Borno | Rice (local),2025-08-01,2025-09-01,1,All past changes,True,False,False,19.2384286056532,after
Borno | Rice (local),2025-08-01,2025-09-01,1,Last 24 months only,True,False,False,20.58547681717219,after
Borno | Yam,2025-08-01,2025-09-01,1,All past changes,True,False,False,40.619941305412055,after
Borno | Yam,2025-08-01,2025-09-01,1,Last 24 months only,True,False,False,34.06720433203099,after
Yobe | Millet,2025-08-01,2025-09-01,1,All past changes,False,False,True,31.562746563912082,after
Yobe | Millet,2025-08-01,2025-09-01,1,Last 24 months only,True,False,False,31.07356509677356,after
Yobe | Oil (palm),2025-08-01,2025-09-01,1,All past changes,True,False,False,16.81371190941062,after
Yobe | Oil (palm),2025-08-01,2025-09-01,1,Last 24 months only,True,False,False,18.723409530557234,after
Yobe | Rice (imported),2025-08-01,2025-09-01,1,All past changes,False,False,True,14.363040312989316,after
Yobe | Rice (imported),2025-08-01,2025-09-01,1,Last 24 months only,True,False,False,18.556180489792318,after
Yobe | Rice (local),2025-08-01,2025-09-01,1,All past changes,True,False,False,19.2384286056532,after
Yobe | Rice (local),2025-08-01,2025-09-01,1,Last 24 months only,True,False,False,20.58547681717219,after
Yobe | Yam,2025-08-01,2025-09-01,1,All past changes,True,False,False,40.619941305412055,after
Yobe | Yam,2025-08-01,2025-09-01,1,Last 24 months only,True,False,False,34.06720433203099,after
Borno | Millet,2025-09-01,2025-10-01,1,All past changes,False,False,True,31.575485748313547,after
Borno | Millet,2025-09-01,2025-10-01,1,Last 24 months only,False,False,True,29.930595430931074,after
Borno | Oil (palm),2025-09-01,2025-10-01,1,All past changes,True,False,False,16.631822011965937,after
Borno | Oil (palm),2025-09-01,2025-10-01,1,Last 24 months only,True,False,False,18.19696893134104,after
Borno | Rice (imported),2025-09-01,2025-10-01,1,All past changes,False,False,True,14.708612791655796,after
Borno | Rice (imported),2025-09-01,2025-10-01,1,Last 24 months only,False,False,True,18.556180489792318,after
Borno | Rice (local),2025-09-01,2025-10-01,1,All past changes,False,False,True,19.01721264918389,after
Borno | Rice (local),2025-09-01,2025-10-01,1,Last 24 months only,False,False,True,20.58547681717219,after
Borno | Yam,2025-09-01,2025-10-01,1,All past changes,True,False,False,40.323711142113304,after
Borno | Yam,2025-09-01,2025-10-01,1,Last 24 months only,True,False,False,34.06720433203099,after
Yobe | Millet,2025-09-01,2025-10-01,1,All past changes,True,False,False,31.575485748313547,after
Yobe | Millet,2025-09-01,2025-10-01,1,Last 24 months only,True,False,False,29.930595430931074,after
Yobe | Oil (palm),2025-09-01,2025-10-01,1,All past changes,True,False,False,16.631822011965937,after
Yobe | Oil (palm),2025-09-01,2025-10-01,1,Last 24 months only,True,False,False,18.19696893134104,after
Yobe | Rice (imported),2025-09-01,2025-10-01,1,All past changes,False,False,True,14.708612791655796,after
Yobe | Rice (imported),2025-09-01,2025-10-01,1,Last 24 months only,False,False,True,18.556180489792318,after
Yobe | Rice (local),2025-09-01,2025-10-01,1,All past changes,False,False,True,19.01721264918389,after
Yobe | Rice (local),2025-09-01,2025-10-01,1,Last 24 months only,False,False,True,20.58547681717219,after
Yobe | Yam,2025-09-01,2025-10-01,1,All past changes,True,False,False,40.323711142113304,after
Yobe | Yam,2025-09-01,2025-10-01,1,Last 24 months only,True,False,False,34.06720433203099,after
Borno | Millet,2025-10-01,2025-11-01,1,All past changes,True,False,False,31.467269718852197,after
Borno | Millet,2025-10-01,2025-11-01,1,Last 24 months only,True,False,False,31.07356509677356,after
Borno | Oil (palm),2025-10-01,2025-11-01,1,All past changes,True,False,False,16.450140589617803,after
Borno | Oil (palm),2025-10-01,2025-11-01,1,Last 24 months only,True,False,False,18.19696893134104,after
Borno | Rice (imported),2025-10-01,2025-11-01,1,All past changes,False,False,True,14.873900418450159,after
Borno | Rice (imported),2025-10-01,2025-11-01,1,Last 24 months only,False,False,True,17.877984662328515,after
Borno | Rice (local),2025-10-01,2025-11-01,1,All past changes,True,False,False,18.87527853063411,after
Borno | Rice (local),2025-10-01,2025-11-01,1,Last 24 months only,True,False,False,21.916323291100415,after
Borno | Yam,2025-10-01,2025-11-01,1,All past changes,True,False,False,40.02733030808695,after
Borno | Yam,2025-10-01,2025-11-01,1,Last 24 months only,True,False,False,34.06720433203099,after
Yobe | Millet,2025-10-01,2025-11-01,1,All past changes,True,False,False,31.467269718852197,after
Yobe | Millet,2025-10-01,2025-11-01,1,Last 24 months only,True,False,False,31.07356509677356,after
Yobe | Oil (palm),2025-10-01,2025-11-01,1,All past changes,True,False,False,16.450140589617803,after
Yobe | Oil (palm),2025-10-01,2025-11-01,1,Last 24 months only,False,False,True,18.19696893134104,after
Yobe | Rice (imported),2025-10-01,2025-11-01,1,All past changes,False,True,False,14.873900418450159,after
Yobe | Rice (imported),2025-10-01,2025-11-01,1,Last 24 months only,False,True,False,17.877984662328515,after
Yobe | Rice (local),2025-10-01,2025-11-01,1,All past changes,False,False,True,18.87527853063411,after
Yobe | Rice (local),2025-10-01,2025-11-01,1,Last 24 months only,False,False,True,21.916323291100415,after
Yobe | Yam,2025-10-01,2025-11-01,1,All past changes,True,False,False,40.02733030808695,after
Yobe | Yam,2025-10-01,2025-11-01,1,Last 24 months only,True,False,False,34.06720433203099,after
Borno | Millet,2025-11-01,2025-12-01,1,All past changes,True,False,False,31.296973826854334,after
Borno | Millet,2025-11-01,2025-12-01,1,Last 24 months only,True,False,False,30.458640157860096,after
Borno | Oil (palm),2025-11-01,2025-12-01,1,All past changes,False,True,False,16.268667335094445,after
Borno | Oil (palm),2025-11-01,2025-12-01,1,Last 24 months only,False,True,False,18.777847243899636,after
Borno | Rice (imported),2025-11-01,2025-12-01,1,All past changes,True,False,False,15.195134446977477,after
Borno | Rice (imported),2025-11-01,2025-12-01,1,Last 24 months only,True,False,False,21.230676966812922,after
Borno | Rice (local),2025-11-01,2025-12-01,1,All past changes,True,False,False,18.717351201293763,after
Borno | Rice (local),2025-11-01,2025-12-01,1,Last 24 months only,True,False,False,21.953997036729756,after
Borno | Yam,2025-11-01,2025-12-01,1,All past changes,True,False,False,39.73079807941525,after
Borno | Yam,2025-11-01,2025-12-01,1,Last 24 months only,True,False,False,33.79757815780867,after
Yobe | Millet,2025-11-01,2025-12-01,1,All past changes,True,False,False,31.296973826854334,after
Yobe | Millet,2025-11-01,2025-12-01,1,Last 24 months only,True,False,False,30.458640157860096,after
Yobe | Oil (palm),2025-11-01,2025-12-01,1,All past changes,False,True,False,16.268667335094445,after
Yobe | Oil (palm),2025-11-01,2025-12-01,1,Last 24 months only,True,False,False,18.777847243899636,after
Yobe | Rice (imported),2025-11-01,2025-12-01,1,All past changes,False,False,True,15.195134446977477,after
Yobe | Rice (imported),2025-11-01,2025-12-01,1,Last 24 months only,True,False,False,21.230676966812922,after
Yobe | Rice (local),2025-11-01,2025-12-01,1,All past changes,True,False,False,18.717351201293763,after
Yobe | Rice (local),2025-11-01,2025-12-01,1,Last 24 months only,True,False,False,21.953997036729756,after
Yobe | Yam,2025-11-01,2025-12-01,1,All past changes,True,False,False,39.73079807941525,after
Yobe | Yam,2025-11-01,2025-12-01,1,Last 24 months only,True,False,False,33.79757815780867,after
Borno | Millet,2025-12-01,2026-01-01,1,All past changes,True,False,False,31.126912501009173,after
Borno | Millet,2025-12-01,2026-01-01,1,Last 24 months only,True,False,False,30.458640157860096,after
Borno | Oil (palm),2025-12-01,2026-01-01,1,All past changes,False,False,True,17.575349472631807,after
Borno | Oil (palm),2025-12-01,2026-01-01,1,Last 24 months only,False,False,True,19.251297199137497,after
Borno | Rice (imported),2025-12-01,2026-01-01,1,All past changes,False,False,True,15.635819891157333,after
Borno | Rice (imported),2025-12-01,2026-01-01,1,Last 24 months only,False,False,True,21.230676966812922,after
Borno | Rice (local),2025-12-01,2026-01-01,1,All past changes,True,False,False,18.50494266039232,after
Borno | Rice (local),2025-12-01,2026-01-01,1,Last 24 months only,True,False,False,21.953997036729756,after
Borno | Yam,2025-12-01,2026-01-01,1,All past changes,True,False,False,39.43411373130156,after
Borno | Yam,2025-12-01,2026-01-01,1,Last 24 months only,True,False,False,31.70467520016983,after
Yobe | Millet,2025-12-01,2026-01-01,1,All past changes,True,False,False,31.126912501009173,after
Yobe | Millet,2025-12-01,2026-01-01,1,Last 24 months only,True,False,False,30.458640157860096,after
Yobe | Oil (palm),2025-12-01,2026-01-01,1,All past changes,False,False,True,17.575349472631807,after
Yobe | Oil (palm),2025-12-01,2026-01-01,1,Last 24 months only,False,False,True,19.251297199137497,after
Yobe | Rice (imported),2025-12-01,2026-01-01,1,All past changes,True,False,False,15.635819891157333,after
Yobe | Rice (imported),2025-12-01,2026-01-01,1,Last 24 months only,True,False,False,21.230676966812922,after
Yobe | Rice (local),2025-12-01,2026-01-01,1,All past changes,True,False,False,18.50494266039232,after
Yobe | Rice (local),2025-12-01,2026-01-01,1,Last 24 months only,True,False,False,21.953997036729756,after
Yobe | Yam,2025-12-01,2026-01-01,1,All past changes,True,False,False,39.43411373130156,after
Yobe | Yam,2025-12-01,2026-01-01,1,Last 24 months only,True,False,False,31.70467520016983,after
Borno | Millet,2026-01-01,2026-02-01,1,All past changes,True,False,False,31.006786376799678,after
Borno | Millet,2026-01-01,2026-02-01,1,Last 24 months only,False,True,False,26.95868138207337,after
Borno | Oil (palm),2026-01-01,2026-02-01,1,All past changes,True,False,False,18.405203846417308,after
Borno | Oil (palm),2026-01-01,2026-02-01,1,Last 24 months only,True,False,False,21.00319052779036,after
Borno | Rice (imported),2026-01-01,2026-02-01,1,All past changes,False,True,False,15.78841954710073,after
Borno | Rice (imported),2026-01-01,2026-02-01,1,Last 24 months only,False,True,False,18.88443695591624,after
Borno | Rice (local),2026-01-01,2026-02-01,1,All past changes,True,False,False,18.38555323908816,after
Borno | Rice (local),2026-01-01,2026-02-01,1,Last 24 months only,True,False,False,18.676012567762967,after
Borno | Yam,2026-01-01,2026-02-01,1,All past changes,True,False,False,39.016433479779735,after
Borno | Yam,2026-01-01,2026-02-01,1,Last 24 months only,True,False,False,31.70467520016983,after
Yobe | Millet,2026-01-01,2026-02-01,1,All past changes,True,False,False,31.006786376799678,after
Yobe | Millet,2026-01-01,2026-02-01,1,Last 24 months only,False,True,False,26.95868138207337,after
Yobe | Oil (palm),2026-01-01,2026-02-01,1,All past changes,True,False,False,18.405203846417308,after
Yobe | Oil (palm),2026-01-01,2026-02-01,1,Last 24 months only,True,False,False,21.00319052779036,after
Yobe | Rice (imported),2026-01-01,2026-02-01,1,All past changes,True,False,False,15.78841954710073,after
Yobe | Rice (imported),2026-01-01,2026-02-01,1,Last 24 months only,True,False,False,18.88443695591624,after
Yobe | Rice (local),2026-01-01,2026-02-01,1,All past changes,False,True,False,18.38555323908816,after
Yobe | Rice (local),2026-01-01,2026-02-01,1,Last 24 months only,False,True,False,18.676012567762967,after
Yobe | Yam,2026-01-01,2026-02-01,1,All past changes,True,False,False,39.016433479779735,after
Yobe | Yam,2026-01-01,2026-02-01,1,Last 24 months only,True,False,False,31.70467520016983,after
Borno | Millet,2026-02-01,2026-03-01,1,All past changes,True,False,False,30.93641950512771,after
Borno | Millet,2026-02-01,2026-03-01,1,Last 24 months only,True,False,False,27.454482101430656,after
Borno | Oil (palm),2026-02-01,2026-03-01,1,All past changes,True,False,False,18.072043429064877,after
Borno | Oil (palm),2026-02-01,2026-03-01,1,Last 24 months only,True,False,False,20.26236281380657,after
Borno | Rice (imported),2026-02-01,2026-03-01,1,All past changes,True,False,False,15.840116618973576,after
Borno | Rice (imported),2026-02-01,2026-03-01,1,Last 24 months only,True,False,False,18.88443695591624,after
Borno | Rice (local),2026-02-01,2026-03-01,1,All past changes,True,False,False,19.07558105805558,after
Borno | Rice (local),2026-02-01,2026-03-01,1,Last 24 months only,True,False,False,18.615822269653748,after
Borno | Yam,2026-02-01,2026-03-01,1,All past changes,True,False,False,38.47947902991022,after
Borno | Yam,2026-02-01,2026-03-01,1,Last 24 months only,True,False,False,30.526826615341708,after
Yobe | Millet,2026-02-01,2026-03-01,1,All past changes,True,False,False,30.93641950512771,after
Yobe | Millet,2026-02-01,2026-03-01,1,Last 24 months only,True,False,False,27.454482101430656,after
Yobe | Oil (palm),2026-02-01,2026-03-01,1,All past changes,True,False,False,18.072043429064877,after
Yobe | Oil (palm),2026-02-01,2026-03-01,1,Last 24 months only,True,False,False,20.26236281380657,after
Yobe | Rice (imported),2026-02-01,2026-03-01,1,All past changes,True,False,False,15.840116618973576,after
Yobe | Rice (imported),2026-02-01,2026-03-01,1,Last 24 months only,True,False,False,18.88443695591624,after
Yobe | Rice (local),2026-02-01,2026-03-01,1,All past changes,True,False,False,19.07558105805558,after
Yobe | Rice (local),2026-02-01,2026-03-01,1,Last 24 months only,True,False,False,18.615822269653748,after
Yobe | Yam,2026-02-01,2026-03-01,1,All past changes,True,False,False,38.47947902991022,after
Yobe | Yam,2026-02-01,2026-03-01,1,Last 24 months only,True,False,False,30.526826615341708,after
Borno | Millet,2026-03-01,2026-04-01,1,All past changes,True,False,False,30.866052317917557,after
Borno | Millet,2026-03-01,2026-04-01,1,Last 24 months only,True,False,False,26.804749962391917,after
Borno | Oil (palm),2026-03-01,2026-04-01,1,All past changes,True,False,False,17.73872551708042,after
Borno | Oil (palm),2026-03-01,2026-04-01,1,Last 24 months only,True,False,False,19.788912858568708,after
Borno | Rice (imported),2026-03-01,2026-04-01,1,All past changes,False,True,False,15.772033721998003,after
Borno | Rice (imported),2026-03-01,2026-04-01,1,Last 24 months only,False,True,False,16.776679649380256,after
Borno | Rice (local),2026-03-01,2026-04-01,1,All past changes,True,False,False,18.87527853063411,after
Borno | Rice (local),2026-03-01,2026-04-01,1,Last 24 months only,False,True,False,15.659710379713609,after
Borno | Yam,2026-03-01,2026-04-01,1,All past changes,True,False,False,37.94466004713697,after
Borno | Yam,2026-03-01,2026-04-01,1,Last 24 months only,True,False,False,29.9497200852923,after
Yobe | Millet,2026-03-01,2026-04-01,1,All past changes,True,False,False,30.866052317917557,after
Yobe | Millet,2026-03-01,2026-04-01,1,Last 24 months only,True,False,False,26.804749962391917,after
Yobe | Oil (palm),2026-03-01,2026-04-01,1,All past changes,True,False,False,17.73872551708042,after
Yobe | Oil (palm),2026-03-01,2026-04-01,1,Last 24 months only,True,False,False,19.788912858568708,after
Yobe | Rice (imported),2026-03-01,2026-04-01,1,All past changes,True,False,False,15.772033721998003,after
Yobe | Rice (imported),2026-03-01,2026-04-01,1,Last 24 months only,True,False,False,16.776679649380256,after
Yobe | Rice (local),2026-03-01,2026-04-01,1,All past changes,True,False,False,18.87527853063411,after
Yobe | Rice (local),2026-03-01,2026-04-01,1,Last 24 months only,True,False,False,15.659710379713609,after
Yobe | Yam,2026-03-01,2026-04-01,1,All past changes,True,False,False,37.94466004713697,after
Yobe | Yam,2026-03-01,2026-04-01,1,Last 24 months only,False,True,False,29.9497200852923,after
Borno | Millet,2026-04-01,2026-05-01,1,All past changes,True,False,False,30.795684806654357,after
Borno | Millet,2026-04-01,2026-05-01,1,Last 24 months only,True,False,False,25.725441289612803,after
Borno | Oil (palm),2026-04-01,2026-05-01,1,All past changes,True,False,False,17.40524911037429,after
Borno | Oil (palm),2026-04-01,2026-05-01,1,Last 24 months only,False,False,True,18.777847243899636,after
Borno | Rice (imported),2026-04-01,2026-05-01,1,All past changes,False,False,True,15.860165602065656,after
Borno | Rice (imported),2026-04-01,2026-05-01,1,Last 24 months only,False,False,True,19.798585262081936,after
Borno | Rice (local),2026-04-01,2026-05-01,1,All past changes,True,False,False,18.675318817639564,after
Borno | Rice (local),2026-04-01,2026-05-01,1,Last 24 months only,True,False,False,16.820767278155845,after
Borno | Yam,2026-04-01,2026-05-01,1,All past changes,True,False,False,37.626794924134586,after
Borno | Yam,2026-04-01,2026-05-01,1,Last 24 months only,True,False,False,25.97519347714874,after
Yobe | Millet,2026-04-01,2026-05-01,1,All past changes,True,False,False,30.795684806654357,after
Yobe | Millet,2026-04-01,2026-05-01,1,Last 24 months only,True,False,False,25.725441289612803,after
Yobe | Oil (palm),2026-04-01,2026-05-01,1,All past changes,True,False,False,17.40524911037429,after
Yobe | Oil (palm),2026-04-01,2026-05-01,1,Last 24 months only,True,False,False,18.777847243899636,after
Yobe | Rice (imported),2026-04-01,2026-05-01,1,All past changes,True,False,False,15.860165602065656,after
Yobe | Rice (imported),2026-04-01,2026-05-01,1,Last 24 months only,True,False,False,19.798585262081936,after
Yobe | Rice (local),2026-04-01,2026-05-01,1,All past changes,True,False,False,18.675318817639564,after
Yobe | Rice (local),2026-04-01,2026-05-01,1,Last 24 months only,True,False,False,16.820767278155845,after
Yobe | Yam,2026-04-01,2026-05-01,1,All past changes,True,False,False,37.626794924134586,after
Yobe | Yam,2026-04-01,2026-05-01,1,Last 24 months only,True,False,False,25.97519347714874,after
Borno | Millet,2026-05-01,2026-06-01,1,All past changes,True,False,False,30.72531696282268,after
Borno | Millet,2026-05-01,2026-06-01,1,Last 24 months only,True,False,False,25.351210141696345,after
Borno | Oil (palm),2026-05-01,2026-06-01,1,All past changes,True,False,False,17.07161320780791,after
Borno | Oil (palm),2026-05-01,2026-06-01,1,Last 24 months only,True,False,False,18.323135133000847,after
Borno | Rice (imported),2026-05-01,2026-06-01,1,All past changes,True,False,False,15.976024819832746,after
Borno | Rice (imported),2026-05-01,2026-06-01,1,Last 24 months only,False,True,False,19.878816565307734,after
Borno | Rice (local),2026-05-01,2026-06-01,1,All past changes,True,False,False,18.475701317854508,after
Borno | Rice (local),2026-05-01,2026-06-01,1,Last 24 months only,False,True,False,16.171783860867485,after
Borno | Yam,2026-05-01,2026-06-01,1,All past changes,True,False,False,37.15652392704125,after
Borno | Yam,2026-05-01,2026-06-01,1,Last 24 months only,True,False,False,24.63481193223236,after
Yobe | Millet,2026-05-01,2026-06-01,1,All past changes,True,False,False,30.72531696282268,after
Yobe | Millet,2026-05-01,2026-06-01,1,Last 24 months only,False,True,False,25.351210141696345,after
Yobe | Oil (palm),2026-05-01,2026-06-01,1,All past changes,False,True,False,17.07161320780791,after
Yobe | Oil (palm),2026-05-01,2026-06-01,1,Last 24 months only,False,True,False,18.323135133000847,after
Yobe | Rice (imported),2026-05-01,2026-06-01,1,All past changes,True,False,False,15.976024819832746,after
Yobe | Rice (imported),2026-05-01,2026-06-01,1,Last 24 months only,True,False,False,19.878816565307734,after
Yobe | Rice (local),2026-05-01,2026-06-01,1,All past changes,True,False,False,18.475701317854508,after
Yobe | Rice (local),2026-05-01,2026-06-01,1,Last 24 months only,False,True,False,16.171783860867485,after
Yobe | Yam,2026-05-01,2026-06-01,1,All past changes,True,False,False,37.15652392704125,after
Yobe | Yam,2026-05-01,2026-06-01,1,Last 24 months only,True,False,False,24.63481193223236,after
Borno | Millet,2026-06-01,2026-07-01,1,All past changes,True,False,False,30.50219928098431,after
Borno | Millet,2026-06-01,2026-07-01,1,Last 24 months only,True,False,False,24.46150682878383,after
Borno | Oil (palm),2026-06-01,2026-07-01,1,All past changes,True,False,False,17.56654377771608,after
Borno | Oil (palm),2026-06-01,2026-07-01,1,Last 24 months only,True,False,False,18.890085329127093,after
Borno | Rice (imported),2026-06-01,2026-07-01,1,All past changes,True,False,False,15.908183518424114,after
Borno | Rice (imported),2026-06-01,2026-07-01,1,Last 24 months only,True,False,False,22.08029985109138,after
Borno | Rice (local),2026-06-01,2026-07-01,1,All past changes,True,False,False,18.364525661206965,after
Borno | Rice (local),2026-06-01,2026-07-01,1,Last 24 months only,True,False,False,17.269567678886453,after
Borno | Yam,2026-06-01,2026-07-01,1,All past changes,True,False,False,36.839576683557226,after
Borno | Yam,2026-06-01,2026-07-01,1,Last 24 months only,True,False,False,24.63481193223236,after
Yobe | Millet,2026-06-01,2026-07-01,1,All past changes,True,False,False,30.50219928098431,after
Yobe | Millet,2026-06-01,2026-07-01,1,Last 24 months only,True,False,False,24.46150682878383,after
Yobe | Oil (palm),2026-06-01,2026-07-01,1,All past changes,False,True,False,17.56654377771608,after
Yobe | Oil (palm),2026-06-01,2026-07-01,1,Last 24 months only,False,True,False,18.890085329127093,after
Yobe | Rice (imported),2026-06-01,2026-07-01,1,All past changes,True,False,False,15.908183518424114,after
Yobe | Rice (imported),2026-06-01,2026-07-01,1,Last 24 months only,True,False,False,22.08029985109138,after
Yobe | Rice (local),2026-06-01,2026-07-01,1,All past changes,True,False,False,18.364525661206965,after
Yobe | Rice (local),2026-06-01,2026-07-01,1,Last 24 months only,True,False,False,17.269567678886453,after
Yobe | Yam,2026-06-01,2026-07-01,1,All past changes,True,False,False,36.839576683557226,after
Yobe | Yam,2026-06-01,2026-07-01,1,Last 24 months only,True,False,False,24.63481193223236,after
Borno | Millet,2026-07-01,2026-08-01,1,All past changes,True,False,False,30.126570697324773,after
Borno | Millet,2026-07-01,2026-08-01,1,Last 24 months only,True,False,False,22.863493028014314,after
Borno | Oil (palm),2026-07-01,2026-08-01,1,All past changes,True,False,False,17.925750605949187,after
Borno | Oil (palm),2026-07-01,2026-08-01,1,Last 24 months only,True,False,False,19.487182888570864,after
Borno | Rice (imported),2026-07-01,2026-08-01,1,All past changes,True,False,False,15.840116618973576,after
Borno | Rice (imported),2026-07-01,2026-08-01,1,Last 24 months only,True,False,False,18.15595355099112,after
Borno | Rice (local),2026-07-01,2026-08-01,1,All past changes,True,False,False,18.341538842723814,after
Borno | Rice (local),2026-07-01,2026-08-01,1,Last 24 months only,True,False,False,16.29589031817763,after
Borno | Yam,2026-07-01,2026-08-01,1,All past changes,True,False,False,36.674654088274764,after
Borno | Yam,2026-07-01,2026-08-01,1,Last 24 months only,True,False,False,24.16741879926947,after
Yobe | Millet,2026-07-01,2026-08-01,1,All past changes,True,False,False,30.126570697324773,after
Yobe | Millet,2026-07-01,2026-08-01,1,Last 24 months only,True,False,False,22.863493028014314,after
Yobe | Oil (palm),2026-07-01,2026-08-01,1,All past changes,False,True,False,17.925750605949187,after
Yobe | Oil (palm),2026-07-01,2026-08-01,1,Last 24 months only,False,True,False,19.487182888570864,after
Yobe | Rice (imported),2026-07-01,2026-08-01,1,All past changes,True,False,False,15.840116618973576,after
Yobe | Rice (imported),2026-07-01,2026-08-01,1,Last 24 months only,True,False,False,18.15595355099112,after
Yobe | Rice (local),2026-07-01,2026-08-01,1,All past changes,True,False,False,18.341538842723814,after
Yobe | Rice (local),2026-07-01,2026-08-01,1,Last 24 months only,True,False,False,16.29589031817763,after
Yobe | Yam,2026-07-01,2026-08-01,1,All past changes,True,False,False,36.674654088274764,after
Yobe | Yam,2026-07-01,2026-08-01,1,Last 24 months only,True,False,False,24.16741879926947,after
Borno | Millet,2026-08-01,2026-09-01,1,All past changes,False,False,True,29.751259217462824,after
Borno | Millet,2026-08-01,2026-09-01,1,Last 24 months only,False,False,True,22.863493028014314,after
Borno | Oil (palm),2026-08-01,2026-09-01,1,All past changes,True,False,False,18.134949893233653,after
Borno | Oil (palm),2026-08-01,2026-09-01,1,Last 24 months only,True,False,False,20.331524185611162,after
Borno | Rice (imported),2026-08-01,2026-09-01,1,All past changes,True,False,False,15.772033721998003,after
Borno | Rice (imported),2026-08-01,2026-09-01,1,Last 24 months only,True,False,False,16.875048463849986,after
Borno | Rice (local),2026-08-01,2026-09-01,1,All past changes,True,False,False,18.318556396514307,after
Borno | Rice (local),2026-08-01,2026-09-01,1,Last 24 months only,True,False,False,16.14193014685107,after
Borno | Yam,2026-08-01,2026-09-01,1,All past changes,True,False,False,36.50963627054118,after
Borno | Yam,2026-08-01,2026-09-01,1,Last 24 months only,True,False,False,23.039677251659363,after
Borno | Millet,2021-01-01,2021-04-01,3,All past changes,True,False,False,56.30634748550389,before shock
Borno | Millet,2021-01-01,2021-04-01,3,Last 24 months only,True,False,False,37.543595111540476,before shock
Borno | Oil (palm),2021-01-01,2021-04-01,3,All past changes,True,False,False,31.60245925627957,before shock
Borno | Oil (palm),2021-01-01,2021-04-01,3,Last 24 months only,True,False,False,25.008832909782054,before shock
Borno | Rice (imported),2021-01-01,2021-04-01,3,All past changes,True,False,False,27.330218074617086,before shock
Borno | Rice (imported),2021-01-01,2021-04-01,3,Last 24 months only,True,False,False,22.11181773051749,before shock
Borno | Rice (local),2021-01-01,2021-04-01,3,All past changes,True,False,False,47.99148955652359,before shock
Borno | Rice (local),2021-01-01,2021-04-01,3,Last 24 months only,True,False,False,45.597635082962285,before shock
Borno | Yam,2021-01-01,2021-04-01,3,All past changes,True,False,False,76.10556936992715,before shock
Borno | Yam,2021-01-01,2021-04-01,3,Last 24 months only,True,False,False,54.153912551690766,before shock
Yobe | Millet,2021-01-01,2021-04-01,3,All past changes,True,False,False,56.30634748550389,before shock
Yobe | Millet,2021-01-01,2021-04-01,3,Last 24 months only,True,False,False,37.543595111540476,before shock
Yobe | Oil (palm),2021-01-01,2021-04-01,3,All past changes,False,False,True,31.60245925627957,before shock
Yobe | Oil (palm),2021-01-01,2021-04-01,3,Last 24 months only,False,False,True,25.008832909782054,before shock
Yobe | Rice (imported),2021-01-01,2021-04-01,3,All past changes,True,False,False,27.330218074617086,before shock
Yobe | Rice (imported),2021-01-01,2021-04-01,3,Last 24 months only,True,False,False,22.11181773051749,before shock
Yobe | Rice (local),2021-01-01,2021-04-01,3,All past changes,True,False,False,47.99148955652359,before shock
Yobe | Rice (local),2021-01-01,2021-04-01,3,Last 24 months only,True,False,False,45.597635082962285,before shock
Yobe | Yam,2021-01-01,2021-04-01,3,All past changes,False,True,False,76.10556936992715,before shock
Yobe | Yam,2021-01-01,2021-04-01,3,Last 24 months only,False,True,False,54.153912551690766,before shock
Borno | Millet,2021-02-01,2021-05-01,3,All past changes,True,False,False,56.019457143040874,before shock
Borno | Millet,2021-02-01,2021-05-01,3,Last 24 months only,True,False,False,36.61574849721665,before shock
Borno | Oil (palm),2021-02-01,2021-05-01,3,All past changes,True,False,False,30.86491952792071,before shock
Borno | Oil (palm),2021-02-01,2021-05-01,3,Last 24 months only,True,False,False,25.008832909782054,before shock
Borno | Rice (imported),2021-02-01,2021-05-01,3,All past changes,True,False,False,27.04101294017991,before shock
Borno | Rice (imported),2021-02-01,2021-05-01,3,Last 24 months only,True,False,False,21.526031326345485,before shock
Borno | Rice (local),2021-02-01,2021-05-01,3,All past changes,True,False,False,47.470720931048625,before shock
Borno | Rice (local),2021-02-01,2021-05-01,3,Last 24 months only,True,False,False,42.785890101465284,before shock
Borno | Yam,2021-02-01,2021-05-01,3,All past changes,True,False,False,75.19684295089687,before shock
Borno | Yam,2021-02-01,2021-05-01,3,Last 24 months only,True,False,False,54.153912551690766,before shock
Yobe | Millet,2021-02-01,2021-05-01,3,All past changes,True,False,False,56.019457143040874,before shock
Yobe | Millet,2021-02-01,2021-05-01,3,Last 24 months only,True,False,False,36.61574849721665,before shock
Yobe | Oil (palm),2021-02-01,2021-05-01,3,All past changes,True,False,False,30.86491952792071,before shock
Yobe | Oil (palm),2021-02-01,2021-05-01,3,Last 24 months only,True,False,False,25.008832909782054,before shock
Yobe | Rice (imported),2021-02-01,2021-05-01,3,All past changes,True,False,False,27.04101294017991,before shock
Yobe | Rice (imported),2021-02-01,2021-05-01,3,Last 24 months only,True,False,False,21.526031326345485,before shock
Yobe | Rice (local),2021-02-01,2021-05-01,3,All past changes,True,False,False,47.470720931048625,before shock
Yobe | Rice (local),2021-02-01,2021-05-01,3,Last 24 months only,True,False,False,42.785890101465284,before shock
Yobe | Yam,2021-02-01,2021-05-01,3,All past changes,False,True,False,75.19684295089687,before shock
Yobe | Yam,2021-02-01,2021-05-01,3,Last 24 months only,False,True,False,54.153912551690766,before shock
Borno | Millet,2021-03-01,2021-06-01,3,All past changes,True,False,False,55.65150087294546,before shock
Borno | Millet,2021-03-01,2021-06-01,3,Last 24 months only,True,False,False,36.49447841031339,before shock
Borno | Oil (palm),2021-03-01,2021-06-01,3,All past changes,True,False,False,30.707182644761655,before shock
Borno | Oil (palm),2021-03-01,2021-06-01,3,Last 24 months only,True,False,False,24.628820275022278,before shock
Borno | Rice (imported),2021-03-01,2021-06-01,3,All past changes,True,False,False,26.830392023881377,before shock
Borno | Rice (imported),2021-03-01,2021-06-01,3,Last 24 months only,False,False,True,21.108072083705963,before shock
Borno | Rice (local),2021-03-01,2021-06-01,3,All past changes,True,False,False,46.72017350171117,before shock
Borno | Rice (local),2021-03-01,2021-06-01,3,Last 24 months only,True,False,False,40.97889531600302,before shock
Borno | Yam,2021-03-01,2021-06-01,3,All past changes,True,False,False,74.75843364585718,before shock
Borno | Yam,2021-03-01,2021-06-01,3,Last 24 months only,True,False,False,47.73251718692354,before shock
Yobe | Millet,2021-03-01,2021-06-01,3,All past changes,True,False,False,55.65150087294546,before shock
Yobe | Millet,2021-03-01,2021-06-01,3,Last 24 months only,True,False,False,36.49447841031339,before shock
Yobe | Oil (palm),2021-03-01,2021-06-01,3,All past changes,True,False,False,30.707182644761655,before shock
Yobe | Oil (palm),2021-03-01,2021-06-01,3,Last 24 months only,True,False,False,24.628820275022278,before shock
Yobe | Rice (imported),2021-03-01,2021-06-01,3,All past changes,True,False,False,26.830392023881377,before shock
Yobe | Rice (imported),2021-03-01,2021-06-01,3,Last 24 months only,True,False,False,21.108072083705963,before shock
Yobe | Rice (local),2021-03-01,2021-06-01,3,All past changes,True,False,False,46.72017350171117,before shock
Yobe | Rice (local),2021-03-01,2021-06-01,3,Last 24 months only,True,False,False,40.97889531600302,before shock
Yobe | Yam,2021-03-01,2021-06-01,3,All past changes,True,False,False,74.75843364585718,before shock
Yobe | Yam,2021-03-01,2021-06-01,3,Last 24 months only,True,False,False,47.73251718692354,before shock
Borno | Millet,2021-04-01,2021-07-01,3,All past changes,True,False,False,55.28437586819728,before shock
Borno | Millet,2021-04-01,2021-07-01,3,Last 24 months only,True,False,False,36.49447841031339,before shock
Borno | Oil (palm),2021-04-01,2021-07-01,3,All past changes,True,False,False,32.0708940329121,before shock
Borno | Oil (palm),2021-04-01,2021-07-01,3,Last 24 months only,True,False,False,24.628820275022278,before shock
Borno | Rice (imported),2021-04-01,2021-07-01,3,All past changes,True,False,False,26.620147208738622,before shock
Borno | Rice (imported),2021-04-01,2021-07-01,3,Last 24 months only,False,False,True,21.108072083705963,before shock
Borno | Rice (local),2021-04-01,2021-07-01,3,All past changes,True,False,False,45.96687475342654,before shock
Borno | Rice (local),2021-04-01,2021-07-01,3,Last 24 months only,True,False,False,40.97889531600302,before shock
Borno | Yam,2021-04-01,2021-07-01,3,All past changes,True,False,False,78.6985871043688,before shock
Borno | Yam,2021-04-01,2021-07-01,3,Last 24 months only,True,False,False,60.1888728870769,before shock
Yobe | Millet,2021-04-01,2021-07-01,3,All past changes,True,False,False,55.28437586819728,before shock
Yobe | Millet,2021-04-01,2021-07-01,3,Last 24 months only,True,False,False,36.49447841031339,before shock
Yobe | Oil (palm),2021-04-01,2021-07-01,3,All past changes,False,True,False,32.0708940329121,before shock
Yobe | Oil (palm),2021-04-01,2021-07-01,3,Last 24 months only,False,True,False,24.628820275022278,before shock
Yobe | Rice (imported),2021-04-01,2021-07-01,3,All past changes,True,False,False,26.620147208738622,before shock
Yobe | Rice (imported),2021-04-01,2021-07-01,3,Last 24 months only,True,False,False,21.108072083705963,before shock
Yobe | Rice (local),2021-04-01,2021-07-01,3,All past changes,True,False,False,45.96687475342654,before shock
Yobe | Rice (local),2021-04-01,2021-07-01,3,Last 24 months only,True,False,False,40.97889531600302,before shock
Yobe | Yam,2021-04-01,2021-07-01,3,All past changes,False,False,True,78.6985871043688,before shock
Yobe | Yam,2021-04-01,2021-07-01,3,Last 24 months only,False,False,True,60.1888728870769,before shock
Borno | Millet,2021-05-01,2021-08-01,3,All past changes,True,False,False,54.918079975275965,before shock
Borno | Millet,2021-05-01,2021-08-01,3,Last 24 months only,True,False,False,36.49447841031339,before shock
Borno | Oil (palm),2021-05-01,2021-08-01,3,All past changes,True,False,False,31.350243770970177,before shock
Borno | Oil (palm),2021-05-01,2021-08-01,3,Last 24 months only,True,False,False,23.583310079901498,before shock
Borno | Rice (imported),2021-05-01,2021-08-01,3,All past changes,True,False,False,26.410277823156058,before shock
Borno | Rice (imported),2021-05-01,2021-08-01,3,Last 24 months only,True,False,False,21.108072083705963,before shock
Borno | Rice (local),2021-05-01,2021-08-01,3,All past changes,True,False,False,45.21080368732686,before shock
Borno | Rice (local),2021-05-01,2021-08-01,3,Last 24 months only,True,False,False,40.97889531600302,before shock
Borno | Yam,2021-05-01,2021-08-01,3,All past changes,True,False,False,82.32663105850393,before shock
Borno | Yam,2021-05-01,2021-08-01,3,Last 24 months only,True,False,False,76.9084694245471,before shock
Yobe | Millet,2021-05-01,2021-08-01,3,All past changes,True,False,False,54.918079975275965,before shock
Yobe | Millet,2021-05-01,2021-08-01,3,Last 24 months only,True,False,False,36.49447841031339,before shock
Yobe | Oil (palm),2021-05-01,2021-08-01,3,All past changes,False,True,False,31.350243770970177,before shock
Yobe | Oil (palm),2021-05-01,2021-08-01,3,Last 24 months only,True,False,False,23.583310079901498,before shock
Yobe | Rice (imported),2021-05-01,2021-08-01,3,All past changes,True,False,False,26.410277823156058,before shock
Yobe | Rice (imported),2021-05-01,2021-08-01,3,Last 24 months only,True,False,False,21.108072083705963,before shock
Yobe | Rice (local),2021-05-01,2021-08-01,3,All past changes,True,False,False,45.21080368732686,before shock
Yobe | Rice (local),2021-05-01,2021-08-01,3,Last 24 months only,True,False,False,40.97889531600302,before shock
Yobe | Yam,2021-05-01,2021-08-01,3,All past changes,True,False,False,82.32663105850393,before shock
Yobe | Yam,2021-05-01,2021-08-01,3,Last 24 months only,True,False,False,76.9084694245471,before shock
Borno | Millet,2021-06-01,2021-09-01,3,All past changes,True,False,False,54.552611046100964,before shock
Borno | Millet,2021-06-01,2021-09-01,3,Last 24 months only,True,False,False,36.49447841031339,before shock
Borno | Oil (palm),2021-06-01,2021-09-01,3,All past changes,False,True,False,30.625612403268676,before shock
Borno | Oil (palm),2021-06-01,2021-09-01,3,Last 24 months only,True,False,False,21.617744456869005,before shock
Borno | Rice (imported),2021-06-01,2021-09-01,3,All past changes,True,False,False,26.200783196737355,before shock
Borno | Rice (imported),2021-06-01,2021-09-01,3,Last 24 months only,True,False,False,21.526031326345485,before shock
Borno | Rice (local),2021-06-01,2021-09-01,3,All past changes,True,False,False,44.45193917941528,before shock
Borno | Rice (local),2021-06-01,2021-09-01,3,Last 24 months only,True,False,False,40.97889531600302,before shock
Borno | Yam,2021-06-01,2021-09-01,3,All past changes,True,False,False,82.14888856920614,before shock
Borno | Yam,2021-06-01,2021-09-01,3,Last 24 months only,True,False,False,76.9084694245471,before shock
Yobe | Millet,2021-06-01,2021-09-01,3,All past changes,True,False,False,54.552611046100964,before shock
Yobe | Millet,2021-06-01,2021-09-01,3,Last 24 months only,False,False,True,36.49447841031339,before shock
Yobe | Oil (palm),2021-06-01,2021-09-01,3,All past changes,True,False,False,30.625612403268676,before shock
Yobe | Oil (palm),2021-06-01,2021-09-01,3,Last 24 months only,True,False,False,21.617744456869005,before shock
Yobe | Rice (imported),2021-06-01,2021-09-01,3,All past changes,True,False,False,26.200783196737355,before shock
Yobe | Rice (imported),2021-06-01,2021-09-01,3,Last 24 months only,True,False,False,21.526031326345485,before shock
Yobe | Rice (local),2021-06-01,2021-09-01,3,All past changes,True,False,False,44.45193917941528,before shock
Yobe | Rice (local),2021-06-01,2021-09-01,3,Last 24 months only,True,False,False,40.97889531600302,before shock
Yobe | Yam,2021-06-01,2021-09-01,3,All past changes,True,False,False,82.14888856920614,before shock
Yobe | Yam,2021-06-01,2021-09-01,3,Last 24 months only,True,False,False,76.9084694245471,before shock
Borno | Millet,2021-07-01,2021-10-01,3,All past changes,True,False,False,53.95951598131942,before shock
Borno | Millet,2021-07-01,2021-10-01,3,Last 24 months only,True,False,False,36.49447841031339,before shock
Borno | Oil (palm),2021-07-01,2021-10-01,3,All past changes,True,False,False,30.86491952792071,before shock
Borno | Oil (palm),2021-07-01,2021-10-01,3,Last 24 months only,True,False,False,21.41074507439815,before shock
Borno | Rice (imported),2021-07-01,2021-10-01,3,All past changes,True,False,False,26.005323089151467,before shock
Borno | Rice (imported),2021-07-01,2021-10-01,3,Last 24 months only,True,False,False,21.82347864862485,before shock
Borno | Rice (local),2021-07-01,2021-10-01,3,All past changes,True,False,False,43.9045218162162,before shock
Borno | Rice (local),2021-07-01,2021-10-01,3,Last 24 months only,True,False,False,40.97889531600302,before shock
Borno | Yam,2021-07-01,2021-10-01,3,All past changes,True,False,False,81.65930531530489,before shock
Borno | Yam,2021-07-01,2021-10-01,3,Last 24 months only,True,False,False,82.58270730959954,before shock
Yobe | Millet,2021-07-01,2021-10-01,3,All past changes,True,False,False,53.95951598131942,before shock
Yobe | Millet,2021-07-01,2021-10-01,3,Last 24 months only,False,False,True,36.49447841031339,before shock
Yobe | Oil (palm),2021-07-01,2021-10-01,3,All past changes,True,False,False,30.86491952792071,before shock
Yobe | Oil (palm),2021-07-01,2021-10-01,3,Last 24 months only,True,False,False,21.41074507439815,before shock
Yobe | Rice (imported),2021-07-01,2021-10-01,3,All past changes,True,False,False,26.005323089151467,before shock
Yobe | Rice (imported),2021-07-01,2021-10-01,3,Last 24 months only,True,False,False,21.82347864862485,before shock
Yobe | Rice (local),2021-07-01,2021-10-01,3,All past changes,True,False,False,43.9045218162162,before shock
Yobe | Rice (local),2021-07-01,2021-10-01,3,Last 24 months only,True,False,False,40.97889531600302,before shock
Yobe | Yam,2021-07-01,2021-10-01,3,All past changes,True,False,False,81.65930531530489,before shock
Yobe | Yam,2021-07-01,2021-10-01,3,Last 24 months only,True,False,False,82.58270730959954,before shock
Borno | Millet,2021-08-01,2021-11-01,3,All past changes,True,False,False,53.13707262543096,before shock
Borno | Millet,2021-08-01,2021-11-01,3,Last 24 months only,True,False,False,35.746696903366185,before shock
Borno | Oil (palm),2021-08-01,2021-11-01,3,All past changes,True,False,False,30.77781893575543,before shock
Borno | Oil (palm),2021-08-01,2021-11-01,3,Last 24 months only,True,False,False,20.663766520216154,before shock
Borno | Rice (imported),2021-08-01,2021-11-01,3,All past changes,True,False,False,25.823828433508567,before shock
Borno | Rice (imported),2021-08-01,2021-11-01,3,Last 24 months only,True,False,False,21.82347864862485,before shock
Borno | Rice (local),2021-08-01,2021-11-01,3,All past changes,True,False,False,43.56983185829518,before shock
Borno | Rice (local),2021-08-01,2021-11-01,3,Last 24 months only,True,False,False,38.28252464236043,before shock
Borno | Yam,2021-08-01,2021-11-01,3,All past changes,True,False,False,80.17255118219016,before shock
Borno | Yam,2021-08-01,2021-11-01,3,Last 24 months only,True,False,False,82.58270730959954,before shock
Yobe | Millet,2021-08-01,2021-11-01,3,All past changes,True,False,False,53.13707262543096,before shock
Yobe | Millet,2021-08-01,2021-11-01,3,Last 24 months only,False,False,True,35.746696903366185,before shock
Yobe | Oil (palm),2021-08-01,2021-11-01,3,All past changes,True,False,False,30.77781893575543,before shock
Yobe | Oil (palm),2021-08-01,2021-11-01,3,Last 24 months only,True,False,False,20.663766520216154,before shock
Yobe | Rice (imported),2021-08-01,2021-11-01,3,All past changes,True,False,False,25.823828433508567,before shock
Yobe | Rice (imported),2021-08-01,2021-11-01,3,Last 24 months only,True,False,False,21.82347864862485,before shock
Yobe | Rice (local),2021-08-01,2021-11-01,3,All past changes,True,False,False,43.56983185829518,before shock
Yobe | Rice (local),2021-08-01,2021-11-01,3,Last 24 months only,True,False,False,38.28252464236043,before shock
Yobe | Yam,2021-08-01,2021-11-01,3,All past changes,True,False,False,80.17255118219016,before shock
Yobe | Yam,2021-08-01,2021-11-01,3,Last 24 months only,True,False,False,82.58270730959954,before shock
Borno | Millet,2021-09-01,2021-12-01,3,All past changes,True,False,False,52.313143025666,before shock
Borno | Millet,2021-09-01,2021-12-01,3,Last 24 months only,True,False,False,36.49447841031339,before shock
Borno | Oil (palm),2021-09-01,2021-12-01,3,All past changes,True,False,False,30.667214310714197,before shock
Borno | Oil (palm),2021-09-01,2021-12-01,3,Last 24 months only,True,False,False,20.08912538067431,before shock
Borno | Rice (imported),2021-09-01,2021-12-01,3,All past changes,True,False,False,25.642615525076295,before shock
Borno | Rice (imported),2021-09-01,2021-12-01,3,Last 24 months only,True,False,False,21.82347864862485,before shock
Borno | Rice (local),2021-09-01,2021-12-01,3,All past changes,True,False,False,43.23403439366575,before shock
Borno | Rice (local),2021-09-01,2021-12-01,3,Last 24 months only,True,False,False,38.28252464236043,before shock
Borno | Yam,2021-09-01,2021-12-01,3,All past changes,True,False,False,78.6985871043688,before shock
Borno | Yam,2021-09-01,2021-12-01,3,Last 24 months only,True,False,False,82.58270730959954,before shock
Yobe | Millet,2021-09-01,2021-12-01,3,All past changes,True,False,False,52.313143025666,before shock
Yobe | Millet,2021-09-01,2021-12-01,3,Last 24 months only,True,False,False,36.49447841031339,before shock
Yobe | Oil (palm),2021-09-01,2021-12-01,3,All past changes,True,False,False,30.667214310714197,before shock
Yobe | Oil (palm),2021-09-01,2021-12-01,3,Last 24 months only,True,False,False,20.08912538067431,before shock
Yobe | Rice (imported),2021-09-01,2021-12-01,3,All past changes,True,False,False,25.642615525076295,before shock
Yobe | Rice (imported),2021-09-01,2021-12-01,3,Last 24 months only,True,False,False,21.82347864862485,before shock
Yobe | Rice (local),2021-09-01,2021-12-01,3,All past changes,True,False,False,43.23403439366575,before shock
Yobe | Rice (local),2021-09-01,2021-12-01,3,Last 24 months only,True,False,False,38.28252464236043,before shock
Yobe | Yam,2021-09-01,2021-12-01,3,All past changes,True,False,False,78.6985871043688,before shock
Yobe | Yam,2021-09-01,2021-12-01,3,Last 24 months only,True,False,False,82.58270730959954,before shock
Borno | Millet,2021-10-01,2022-01-01,3,All past changes,True,False,False,51.48770885646369,before shock
Borno | Millet,2021-10-01,2022-01-01,3,Last 24 months only,True,False,False,38.109472416396116,before shock
Borno | Oil (palm),2021-10-01,2022-01-01,3,All past changes,True,False,False,30.556674260196825,before shock
Borno | Oil (palm),2021-10-01,2022-01-01,3,Last 24 months only,True,False,False,19.993845518842647,before shock
Borno | Rice (imported),2021-10-01,2022-01-01,3,All past changes,True,False,False,25.461683926478184,before shock
Borno | Rice (imported),2021-10-01,2022-01-01,3,Last 24 months only,True,False,False,20.80977674633341,before shock
Borno | Rice (local),2021-10-01,2022-01-01,3,All past changes,True,False,False,42.89712534868572,before shock
Borno | Rice (local),2021-10-01,2022-01-01,3,Last 24 months only,True,False,False,38.28252464236043,before shock
Borno | Yam,2021-10-01,2022-01-01,3,All past changes,True,False,False,77.23729643759049,before shock
Borno | Yam,2021-10-01,2022-01-01,3,Last 24 months only,True,False,False,82.58270730959954,before shock
Yobe | Millet,2021-10-01,2022-01-01,3,All past changes,True,False,False,51.48770885646369,before shock
Yobe | Millet,2021-10-01,2022-01-01,3,Last 24 months only,True,False,False,38.109472416396116,before shock
Yobe | Oil (palm),2021-10-01,2022-01-01,3,All past changes,True,False,False,30.556674260196825,before shock
Yobe | Oil (palm),2021-10-01,2022-01-01,3,Last 24 months only,True,False,False,19.993845518842647,before shock
Yobe | Rice (imported),2021-10-01,2022-01-01,3,All past changes,True,False,False,25.461683926478184,before shock
Yobe | Rice (imported),2021-10-01,2022-01-01,3,Last 24 months only,True,False,False,20.80977674633341,before shock
Yobe | Rice (local),2021-10-01,2022-01-01,3,All past changes,True,False,False,42.89712534868572,before shock
Yobe | Rice (local),2021-10-01,2022-01-01,3,Last 24 months only,True,False,False,38.28252464236043,before shock
Yobe | Yam,2021-10-01,2022-01-01,3,All past changes,True,False,False,77.23729643759049,before shock
Yobe | Yam,2021-10-01,2022-01-01,3,Last 24 months only,True,False,False,82.58270730959954,before shock
Borno | Millet,2021-11-01,2022-02-01,3,All past changes,True,False,False,50.66075171343981,before shock
Borno | Millet,2021-11-01,2022-02-01,3,Last 24 months only,True,False,False,41.39767937126694,before shock
Borno | Oil (palm),2021-11-01,2022-02-01,3,All past changes,True,False,False,30.44619872832873,before shock
Borno | Oil (palm),2021-11-01,2022-02-01,3,Last 24 months only,False,False,True,19.993845518842647,before shock
Borno | Rice (imported),2021-11-01,2022-02-01,3,All past changes,True,False,False,25.28103320101678,before shock
Borno | Rice (imported),2021-11-01,2022-02-01,3,Last 24 months only,True,False,False,19.861182849655535,before shock
Borno | Rice (local),2021-11-01,2022-02-01,3,All past changes,True,False,False,42.559100634834564,before shock
Borno | Rice (local),2021-11-01,2022-02-01,3,Last 24 months only,True,False,False,38.28252464236043,before shock
Borno | Yam,2021-11-01,2022-02-01,3,All past changes,True,False,False,75.78856359490383,before shock
Borno | Yam,2021-11-01,2022-02-01,3,Last 24 months only,True,False,False,82.58270730959954,before shock
Yobe | Millet,2021-11-01,2022-02-01,3,All past changes,True,False,False,50.66075171343981,before shock
Yobe | Millet,2021-11-01,2022-02-01,3,Last 24 months only,True,False,False,41.39767937126694,before shock
Yobe | Oil (palm),2021-11-01,2022-02-01,3,All past changes,True,False,False,30.44619872832873,before shock
Yobe | Oil (palm),2021-11-01,2022-02-01,3,Last 24 months only,True,False,False,19.993845518842647,before shock
Yobe | Rice (imported),2021-11-01,2022-02-01,3,All past changes,True,False,False,25.28103320101678,before shock
Yobe | Rice (imported),2021-11-01,2022-02-01,3,Last 24 months only,True,False,False,19.861182849655535,before shock
Yobe | Rice (local),2021-11-01,2022-02-01,3,All past changes,True,False,False,42.559100634834564,before shock
Yobe | Rice (local),2021-11-01,2022-02-01,3,Last 24 months only,True,False,False,38.28252464236043,before shock
Yobe | Yam,2021-11-01,2022-02-01,3,All past changes,True,False,False,75.78856359490383,before shock
Yobe | Yam,2021-11-01,2022-02-01,3,Last 24 months only,True,False,False,82.58270730959954,before shock
Borno | Millet,2021-12-01,2022-03-01,3,All past changes,True,False,False,50.002621475496014,before shock
Borno | Millet,2021-12-01,2022-03-01,3,Last 24 months only,True,False,False,41.39767937126694,before shock
Borno | Oil (palm),2021-12-01,2022-03-01,3,All past changes,True,False,False,30.20788982911775,before shock
Borno | Oil (palm),2021-12-01,2022-03-01,3,Last 24 months only,False,False,True,19.993845518842647,before shock
Borno | Rice (imported),2021-12-01,2022-03-01,3,All past changes,True,False,False,24.827096991300568,before shock
Borno | Rice (imported),2021-12-01,2022-03-01,3,Last 24 months only,True,False,False,19.861182849655535,before shock
Borno | Rice (local),2021-12-01,2022-03-01,3,All past changes,True,False,False,42.324547784625985,before shock
Borno | Rice (local),2021-12-01,2022-03-01,3,Last 24 months only,True,False,False,38.28252464236043,before shock
Borno | Yam,2021-12-01,2022-03-01,3,All past changes,True,False,False,74.8714787939453,before shock
Borno | Yam,2021-12-01,2022-03-01,3,Last 24 months only,True,False,False,82.58270730959954,before shock
Yobe | Millet,2021-12-01,2022-03-01,3,All past changes,True,False,False,50.002621475496014,before shock
Yobe | Millet,2021-12-01,2022-03-01,3,Last 24 months only,True,False,False,41.39767937126694,before shock
Yobe | Oil (palm),2021-12-01,2022-03-01,3,All past changes,True,False,False,30.20788982911775,before shock
Yobe | Oil (palm),2021-12-01,2022-03-01,3,Last 24 months only,True,False,False,19.993845518842647,before shock
Yobe | Rice (imported),2021-12-01,2022-03-01,3,All past changes,True,False,False,24.827096991300568,before shock
Yobe | Rice (imported),2021-12-01,2022-03-01,3,Last 24 months only,True,False,False,19.861182849655535,before shock
Yobe | Rice (local),2021-12-01,2022-03-01,3,All past changes,True,False,False,42.324547784625985,before shock
Yobe | Rice (local),2021-12-01,2022-03-01,3,Last 24 months only,True,False,False,38.28252464236043,before shock
Yobe | Yam,2021-12-01,2022-03-01,3,All past changes,True,False,False,74.8714787939453,before shock
Yobe | Yam,2021-12-01,2022-03-01,3,Last 24 months only,True,False,False,82.58270730959954,before shock
Borno | Millet,2022-01-01,2022-04-01,3,All past changes,True,False,False,49.51382947010325,before shock
Borno | Millet,2022-01-01,2022-04-01,3,Last 24 months only,True,False,False,41.39767937126694,before shock
Borno | Oil (palm),2022-01-01,2022-04-01,3,All past changes,False,False,True,29.840603587169202,before shock
Borno | Oil (palm),2022-01-01,2022-04-01,3,Last 24 months only,False,False,True,19.993845518842647,before shock
Borno | Rice (imported),2022-01-01,2022-04-01,3,All past changes,True,False,False,24.097252155483517,before shock
Borno | Rice (imported),2022-01-01,2022-04-01,3,Last 24 months only,True,False,False,19.255752413046956,before shock
Borno | Rice (local),2022-01-01,2022-04-01,3,All past changes,True,False,False,42.19440608021855,before shock
Borno | Rice (local),2022-01-01,2022-04-01,3,Last 24 months only,True,False,False,37.81337120043982,before shock
Borno | Yam,2022-01-01,2022-04-01,3,All past changes,False,False,True,74.47737210651462,before shock
Borno | Yam,2022-01-01,2022-04-01,3,Last 24 months only,False,False,True,82.58270730959954,before shock
Yobe | Millet,2022-01-01,2022-04-01,3,All past changes,True,False,False,49.51382947010325,before shock
Yobe | Millet,2022-01-01,2022-04-01,3,Last 24 months only,True,False,False,41.39767937126694,before shock
Yobe | Oil (palm),2022-01-01,2022-04-01,3,All past changes,False,True,False,29.840603587169202,before shock
Yobe | Oil (palm),2022-01-01,2022-04-01,3,Last 24 months only,False,True,False,19.993845518842647,before shock
Yobe | Rice (imported),2022-01-01,2022-04-01,3,All past changes,True,False,False,24.097252155483517,before shock
Yobe | Rice (imported),2022-01-01,2022-04-01,3,Last 24 months only,True,False,False,19.255752413046956,before shock
Yobe | Rice (local),2022-01-01,2022-04-01,3,All past changes,True,False,False,42.19440608021855,before shock
Yobe | Rice (local),2022-01-01,2022-04-01,3,Last 24 months only,True,False,False,37.81337120043982,before shock
Yobe | Yam,2022-01-01,2022-04-01,3,All past changes,True,False,False,74.47737210651462,before shock
Yobe | Yam,2022-01-01,2022-04-01,3,Last 24 months only,True,False,False,82.58270730959954,before shock
Borno | Millet,2022-02-01,2022-05-01,3,All past changes,True,False,False,49.02417689363471,before shock
Borno | Millet,2022-02-01,2022-05-01,3,Last 24 months only,False,False,True,41.39767937126694,before shock
Borno | Oil (palm),2022-02-01,2022-05-01,3,All past changes,False,True,False,29.471851425151307,before shock
Borno | Oil (palm),2022-02-01,2022-05-01,3,Last 24 months only,False,True,False,19.29227437357566,before shock
Borno | Rice (imported),2022-02-01,2022-05-01,3,All past changes,True,False,False,23.36417223683227,before shock
Borno | Rice (imported),2022-02-01,2022-05-01,3,Last 24 months only,True,False,False,18.401342563013312,before shock
Borno | Rice (local),2022-02-01,2022-05-01,3,All past changes,True,False,False,42.06439755149754,before shock
Borno | Rice (local),2022-02-01,2022-05-01,3,Last 24 months only,True,False,False,32.43188477660498,before shock
Borno | Yam,2022-02-01,2022-05-01,3,All past changes,True,False,False,74.08416590914983,before shock
Borno | Yam,2022-02-01,2022-05-01,3,Last 24 months only,True,False,False,77.14447082113209,before shock
Yobe | Millet,2022-02-01,2022-05-01,3,All past changes,True,False,False,49.02417689363471,before shock
Yobe | Millet,2022-02-01,2022-05-01,3,Last 24 months only,True,False,False,41.39767937126694,before shock
Yobe | Oil (palm),2022-02-01,2022-05-01,3,All past changes,False,True,False,29.471851425151307,before shock
Yobe | Oil (palm),2022-02-01,2022-05-01,3,Last 24 months only,False,True,False,19.29227437357566,before shock
Yobe | Rice (imported),2022-02-01,2022-05-01,3,All past changes,True,False,False,23.36417223683227,before shock
Yobe | Rice (imported),2022-02-01,2022-05-01,3,Last 24 months only,True,False,False,18.401342563013312,before shock
Yobe | Rice (local),2022-02-01,2022-05-01,3,All past changes,True,False,False,42.06439755149754,before shock
Yobe | Rice (local),2022-02-01,2022-05-01,3,Last 24 months only,True,False,False,32.43188477660498,before shock
Yobe | Yam,2022-02-01,2022-05-01,3,All past changes,True,False,False,74.08416590914983,before shock
Yobe | Yam,2022-02-01,2022-05-01,3,Last 24 months only,True,False,False,77.14447082113209,before shock
Borno | Millet,2022-03-01,2022-06-01,3,All past changes,False,False,True,48.53365896521268,before shock
Borno | Millet,2022-03-01,2022-06-01,3,Last 24 months only,False,False,True,41.39767937126694,before shock
Borno | Oil (palm),2022-03-01,2022-06-01,3,All past changes,True,False,False,29.10162721074404,before shock
Borno | Oil (palm),2022-03-01,2022-06-01,3,Last 24 months only,False,False,True,18.388395216174768,before shock
Borno | Rice (imported),2022-03-01,2022-06-01,3,All past changes,False,False,True,22.627835436431297,before shock
Borno | Rice (imported),2022-03-01,2022-06-01,3,Last 24 months only,False,False,True,17.570837175783026,before shock
Borno | Rice (local),2022-03-01,2022-06-01,3,All past changes,True,False,False,41.93452206218261,before shock
Borno | Rice (local),2022-03-01,2022-06-01,3,Last 24 months only,False,False,True,32.43188477660498,before shock
Borno | Yam,2022-03-01,2022-06-01,3,All past changes,False,True,False,73.69185796034824,before shock
Borno | Yam,2022-03-01,2022-06-01,3,Last 24 months only,False,True,False,57.73738313021426,before shock
Yobe | Millet,2022-03-01,2022-06-01,3,All past changes,True,False,False,48.53365896521268,before shock
Yobe | Millet,2022-03-01,2022-06-01,3,Last 24 months only,True,False,False,41.39767937126694,before shock
Yobe | Oil (palm),2022-03-01,2022-06-01,3,All past changes,True,False,False,29.10162721074404,before shock
Yobe | Oil (palm),2022-03-01,2022-06-01,3,Last 24 months only,True,False,False,18.388395216174768,before shock
Yobe | Rice (imported),2022-03-01,2022-06-01,3,All past changes,False,False,True,22.627835436431297,before shock
Yobe | Rice (imported),2022-03-01,2022-06-01,3,Last 24 months only,False,False,True,17.570837175783026,before shock
Yobe | Rice (local),2022-03-01,2022-06-01,3,All past changes,True,False,False,41.93452206218261,before shock
Yobe | Rice (local),2022-03-01,2022-06-01,3,Last 24 months only,True,False,False,32.43188477660498,before shock
Yobe | Yam,2022-03-01,2022-06-01,3,All past changes,True,False,False,73.69185796034824,before shock
Yobe | Yam,2022-03-01,2022-06-01,3,Last 24 months only,True,False,False,57.73738313021426,before shock
Borno | Millet,2022-04-01,2022-07-01,3,All past changes,True,False,False,48.042270887901125,before shock
Borno | Millet,2022-04-01,2022-07-01,3,Last 24 months only,False,False,True,40.17090042106616,before shock
Borno | Oil (palm),2022-04-01,2022-07-01,3,All past changes,False,True,False,30.44619872832873,before shock
Borno | Oil (palm),2022-04-01,2022-07-01,3,Last 24 months only,False,True,False,20.578114394260982,before shock
Borno | Rice (imported),2022-04-01,2022-07-01,3,All past changes,False,False,True,21.88821982342307,before shock
Borno | Rice (imported),2022-04-01,2022-07-01,3,Last 24 months only,False,False,True,16.46463944768064,before shock
Borno | Rice (local),2022-04-01,2022-07-01,3,All past changes,True,False,False,41.8047794761328,before shock
Borno | Rice (local),2022-04-01,2022-07-01,3,Last 24 months only,False,False,True,32.43188477660498,before shock
Borno | Yam,2022-04-01,2022-07-01,3,All past changes,False,True,False,73.448262615989,before shock
Borno | Yam,2022-04-01,2022-07-01,3,Last 24 months only,False,True,False,50.485401096526026,before shock
Yobe | Millet,2022-04-01,2022-07-01,3,All past changes,True,False,False,48.042270887901125,before shock
Yobe | Millet,2022-04-01,2022-07-01,3,Last 24 months only,True,False,False,40.17090042106616,before shock
Yobe | Oil (palm),2022-04-01,2022-07-01,3,All past changes,False,False,True,30.44619872832873,before shock
Yobe | Oil (palm),2022-04-01,2022-07-01,3,Last 24 months only,False,False,True,20.578114394260982,before shock
Yobe | Rice (imported),2022-04-01,2022-07-01,3,All past changes,False,False,True,21.88821982342307,before shock
Yobe | Rice (imported),2022-04-01,2022-07-01,3,Last 24 months only,False,False,True,16.46463944768064,before shock
Yobe | Rice (local),2022-04-01,2022-07-01,3,All past changes,True,False,False,41.8047794761328,before shock
Yobe | Rice (local),2022-04-01,2022-07-01,3,Last 24 months only,True,False,False,32.43188477660498,before shock
Yobe | Yam,2022-04-01,2022-07-01,3,All past changes,True,False,False,73.448262615989,before shock
Yobe | Yam,2022-04-01,2022-07-01,3,Last 24 months only,True,False,False,50.485401096526026,before shock
Borno | Millet,2022-05-01,2022-08-01,3,All past changes,True,False,False,47.70087440759957,before shock
Borno | Millet,2022-05-01,2022-08-01,3,Last 24 months only,True,False,False,41.761336925294714,before shock
Borno | Oil (palm),2022-05-01,2022-08-01,3,All past changes,True,False,False,33.970131662009884,before shock
Borno | Oil (palm),2022-05-01,2022-08-01,3,Last 24 months only,False,False,True,27.201634940364606,before shock
Borno | Rice (imported),2022-05-01,2022-08-01,3,All past changes,False,False,True,21.37345142073922,before shock
Borno | Rice (imported),2022-05-01,2022-08-01,3,Last 24 months only,False,False,True,15.916372871288264,before shock
Borno | Rice (local),2022-05-01,2022-08-01,3,All past changes,True,False,False,41.27704059957749,before shock
Borno | Rice (local),2022-05-01,2022-08-01,3,Last 24 months only,False,False,True,31.126358165271085,before shock
Borno | Yam,2022-05-01,2022-08-01,3,All past changes,False,True,False,72.76523558325404,before shock
Borno | Yam,2022-05-01,2022-08-01,3,Last 24 months only,False,True,False,47.00485325851115,before shock
Yobe | Millet,2022-05-01,2022-08-01,3,All past changes,True,False,False,47.70087440759957,before shock
Yobe | Millet,2022-05-01,2022-08-01,3,Last 24 months only,True,False,False,41.761336925294714,before shock
Yobe | Oil (palm),2022-05-01,2022-08-01,3,All past changes,False,False,True,33.970131662009884,before shock
Yobe | Oil (palm),2022-05-01,2022-08-01,3,Last 24 months only,False,False,True,27.201634940364606,before shock
Yobe | Rice (imported),2022-05-01,2022-08-01,3,All past changes,False,False,True,21.37345142073922,before shock
Yobe | Rice (imported),2022-05-01,2022-08-01,3,Last 24 months only,False,False,True,15.916372871288264,before shock
Yobe | Rice (local),2022-05-01,2022-08-01,3,All past changes,True,False,False,41.27704059957749,before shock
Yobe | Rice (local),2022-05-01,2022-08-01,3,Last 24 months only,True,False,False,31.126358165271085,before shock
Yobe | Yam,2022-05-01,2022-08-01,3,All past changes,True,False,False,72.76523558325404,before shock
Yobe | Yam,2022-05-01,2022-08-01,3,Last 24 months only,True,False,False,47.00485325851115,before shock
Borno | Millet,2022-06-01,2022-09-01,3,All past changes,True,False,False,48.61163544796301,before shock
Borno | Millet,2022-06-01,2022-09-01,3,Last 24 months only,True,False,False,42.1666491589611,before shock
Borno | Oil (palm),2022-06-01,2022-09-01,3,All past changes,False,True,False,32.87563456815184,before shock
Borno | Oil (palm),2022-06-01,2022-09-01,3,Last 24 months only,True,False,False,28.37605630474972,before shock
Borno | Rice (imported),2022-06-01,2022-09-01,3,All past changes,False,True,False,24.0021892732752,before shock
Borno | Rice (imported),2022-06-01,2022-09-01,3,Last 24 months only,False,True,False,14.234065668691665,before shock
Borno | Rice (local),2022-06-01,2022-09-01,3,All past changes,True,False,False,40.35304607634335,before shock
Borno | Rice (local),2022-06-01,2022-09-01,3,Last 24 months only,True,False,False,29.762535210338882,before shock
Borno | Yam,2022-06-01,2022-09-01,3,All past changes,True,False,False,74.47737210651462,before shock
Borno | Yam,2022-06-01,2022-09-01,3,Last 24 months only,True,False,False,43.57206685880983,before shock
Yobe | Millet,2022-06-01,2022-09-01,3,All past changes,True,False,False,48.61163544796301,before shock
Yobe | Millet,2022-06-01,2022-09-01,3,Last 24 months only,True,False,False,42.1666491589611,before shock
Yobe | Oil (palm),2022-06-01,2022-09-01,3,All past changes,True,False,False,32.87563456815184,before shock
Yobe | Oil (palm),2022-06-01,2022-09-01,3,Last 24 months only,True,False,False,28.37605630474972,before shock
Yobe | Rice (imported),2022-06-01,2022-09-01,3,All past changes,False,True,False,24.0021892732752,before shock
Yobe | Rice (imported),2022-06-01,2022-09-01,3,Last 24 months only,False,True,False,14.234065668691665,before shock
Yobe | Rice (local),2022-06-01,2022-09-01,3,All past changes,True,False,False,40.35304607634335,before shock
Yobe | Rice (local),2022-06-01,2022-09-01,3,Last 24 months only,True,False,False,29.762535210338882,before shock
Yobe | Yam,2022-06-01,2022-09-01,3,All past changes,True,False,False,74.47737210651462,before shock
Yobe | Yam,2022-06-01,2022-09-01,3,Last 24 months only,True,False,False,43.57206685880983,before shock
Borno | Millet,2022-07-01,2022-10-01,3,All past changes,True,False,False,48.152169933773436,before shock
Borno | Millet,2022-07-01,2022-10-01,3,Last 24 months only,True,False,False,43.72184753657117,before shock
Borno | Oil (palm),2022-07-01,2022-10-01,3,All past changes,False,True,False,34.86399131455708,before shock
Borno | Oil (palm),2022-07-01,2022-10-01,3,Last 24 months only,True,False,False,33.32966930142801,before shock
Borno | Rice (imported),2022-07-01,2022-10-01,3,All past changes,False,True,False,24.22122389840017,before shock
Borno | Rice (imported),2022-07-01,2022-10-01,3,Last 24 months only,False,True,False,22.71838066756271,before shock
Borno | Rice (local),2022-07-01,2022-10-01,3,All past changes,True,False,False,40.0479618532051,before shock
Borno | Rice (local),2022-07-01,2022-10-01,3,Last 24 months only,True,False,False,27.756855721377583,before shock
Borno | Yam,2022-07-01,2022-10-01,3,All past changes,True,False,False,78.46188432691885,before shock
Borno | Yam,2022-07-01,2022-10-01,3,Last 24 months only,False,False,True,49.391806361148326,before shock
Yobe | Millet,2022-07-01,2022-10-01,3,All past changes,True,False,False,48.152169933773436,before shock
Yobe | Millet,2022-07-01,2022-10-01,3,Last 24 months only,True,False,False,43.72184753657117,before shock
Yobe | Oil (palm),2022-07-01,2022-10-01,3,All past changes,True,False,False,34.86399131455708,before shock
Yobe | Oil (palm),2022-07-01,2022-10-01,3,Last 24 months only,True,False,False,33.32966930142801,before shock
Yobe | Rice (imported),2022-07-01,2022-10-01,3,All past changes,False,True,False,24.22122389840017,before shock
Yobe | Rice (imported),2022-07-01,2022-10-01,3,Last 24 months only,False,True,False,22.71838066756271,before shock
Yobe | Rice (local),2022-07-01,2022-10-01,3,All past changes,True,False,False,40.0479618532051,before shock
Yobe | Rice (local),2022-07-01,2022-10-01,3,Last 24 months only,True,False,False,27.756855721377583,before shock
Yobe | Yam,2022-07-01,2022-10-01,3,All past changes,True,False,False,78.46188432691885,before shock
Yobe | Yam,2022-07-01,2022-10-01,3,Last 24 months only,False,False,True,49.391806361148326,before shock
Borno | Millet,2022-08-01,2022-11-01,3,All past changes,True,False,False,47.691758147699225,before shock
Borno | Millet,2022-08-01,2022-11-01,3,Last 24 months only,True,False,False,42.60471733765493,before shock
Borno | Oil (palm),2022-08-01,2022-11-01,3,All past changes,True,False,False,34.91174105145718,before shock
Borno | Oil (palm),2022-08-01,2022-11-01,3,Last 24 months only,True,False,False,40.799953983104785,before shock
Borno | Rice (imported),2022-08-01,2022-11-01,3,All past changes,False,True,False,24.43846173361164,before shock
Borno | Rice (imported),2022-08-01,2022-11-01,3,Last 24 months only,False,True,False,21.3645420087756,before shock
Borno | Rice (local),2022-08-01,2022-11-01,3,All past changes,True,False,False,39.37695878679922,before shock
Borno | Rice (local),2022-08-01,2022-11-01,3,Last 24 months only,True,False,False,28.428992907684314,before shock
Borno | Yam,2022-08-01,2022-11-01,3,All past changes,True,False,False,82.13434324445278,before shock
Borno | Yam,2022-08-01,2022-11-01,3,Last 24 months only,True,False,False,71.19736462933133,before shock
Yobe | Millet,2022-08-01,2022-11-01,3,All past changes,True,False,False,47.691758147699225,before shock
Yobe | Millet,2022-08-01,2022-11-01,3,Last 24 months only,True,False,False,42.60471733765493,before shock
Yobe | Oil (palm),2022-08-01,2022-11-01,3,All past changes,True,False,False,34.91174105145718,before shock
Yobe | Oil (palm),2022-08-01,2022-11-01,3,Last 24 months only,True,False,False,40.799953983104785,before shock
Yobe | Rice (imported),2022-08-01,2022-11-01,3,All past changes,True,False,False,24.43846173361164,before shock
Yobe | Rice (imported),2022-08-01,2022-11-01,3,Last 24 months only,False,True,False,21.3645420087756,before shock
Yobe | Rice (local),2022-08-01,2022-11-01,3,All past changes,True,False,False,39.37695878679922,before shock
Yobe | Rice (local),2022-08-01,2022-11-01,3,Last 24 months only,True,False,False,28.428992907684314,before shock
Yobe | Yam,2022-08-01,2022-11-01,3,All past changes,True,False,False,82.13434324445278,before shock
Yobe | Yam,2022-08-01,2022-11-01,3,Last 24 months only,True,False,False,71.19736462933133,before shock
Borno | Millet,2022-09-01,2022-12-01,3,All past changes,True,False,False,47.230395458103914,before shock
Borno | Millet,2022-09-01,2022-12-01,3,Last 24 months only,True,False,False,42.02794570596219,before shock
Borno | Oil (palm),2022-09-01,2022-12-01,3,All past changes,True,False,False,35.32570721457636,before shock
Borno | Oil (palm),2022-09-01,2022-12-01,3,Last 24 months only,True,False,False,40.799953983104785,before shock
Borno | Rice (imported),2022-09-01,2022-12-01,3,All past changes,False,True,False,26.19012411010766,before shock
Borno | Rice (imported),2022-09-01,2022-12-01,3,Last 24 months only,False,True,False,23.02015564481796,before shock
Borno | Rice (local),2022-09-01,2022-12-01,3,All past changes,True,False,False,38.70924179148901,before shock
Borno | Rice (local),2022-09-01,2022-12-01,3,Last 24 months only,False,True,False,27.31359507123384,before shock
Borno | Yam,2022-09-01,2022-12-01,3,All past changes,True,False,False,82.00107197733733,before shock
Borno | Yam,2022-09-01,2022-12-01,3,Last 24 months only,True,False,False,72.49355203288067,before shock
Yobe | Millet,2022-09-01,2022-12-01,3,All past changes,True,False,False,47.230395458103914,before shock
Yobe | Millet,2022-09-01,2022-12-01,3,Last 24 months only,True,False,False,42.02794570596219,before shock
Yobe | Oil (palm),2022-09-01,2022-12-01,3,All past changes,True,False,False,35.32570721457636,before shock
Yobe | Oil (palm),2022-09-01,2022-12-01,3,Last 24 months only,True,False,False,40.799953983104785,before shock
Yobe | Rice (imported),2022-09-01,2022-12-01,3,All past changes,True,False,False,26.19012411010766,before shock
Yobe | Rice (imported),2022-09-01,2022-12-01,3,Last 24 months only,True,False,False,23.02015564481796,before shock
Yobe | Rice (local),2022-09-01,2022-12-01,3,All past changes,True,False,False,38.70924179148901,before shock
Yobe | Rice (local),2022-09-01,2022-12-01,3,Last 24 months only,True,False,False,27.31359507123384,before shock
Yobe | Yam,2022-09-01,2022-12-01,3,All past changes,True,False,False,82.00107197733733,before shock
Yobe | Yam,2022-09-01,2022-12-01,3,Last 24 months only,True,False,False,72.49355203288067,before shock
Borno | Millet,2022-10-01,2023-01-01,3,All past changes,True,False,False,46.951071841833034,before shock
Borno | Millet,2022-10-01,2023-01-01,3,Last 24 months only,True,False,False,40.29057364434648,before shock
Borno | Oil (palm),2022-10-01,2023-01-01,3,All past changes,True,False,False,35.90533070747929,before shock
Borno | Oil (palm),2022-10-01,2023-01-01,3,Last 24 months only,True,False,False,32.942087328059465,before shock
Borno | Rice (imported),2022-10-01,2023-01-01,3,All past changes,True,False,False,27.85960535719495,before shock
Borno | Rice (imported),2022-10-01,2023-01-01,3,Last 24 months only,True,False,False,33.14243164718822,before shock
Borno | Rice (local),2022-10-01,2023-01-01,3,All past changes,True,False,False,38.23375274170466,before shock
Borno | Rice (local),2022-10-01,2023-01-01,3,Last 24 months only,True,False,False,21.58329976842547,before shock
Borno | Yam,2022-10-01,2023-01-01,3,All past changes,True,False,False,80.98593533486225,before shock
Borno | Yam,2022-10-01,2023-01-01,3,Last 24 months only,True,False,False,72.84694479847904,before shock
Yobe | Millet,2022-10-01,2023-01-01,3,All past changes,True,False,False,46.951071841833034,before shock
Yobe | Millet,2022-10-01,2023-01-01,3,Last 24 months only,True,False,False,40.29057364434648,before shock
Yobe | Oil (palm),2022-10-01,2023-01-01,3,All past changes,True,False,False,35.90533070747929,before shock
Yobe | Oil (palm),2022-10-01,2023-01-01,3,Last 24 months only,True,False,False,32.942087328059465,before shock
Yobe | Rice (imported),2022-10-01,2023-01-01,3,All past changes,True,False,False,27.85960535719495,before shock
Yobe | Rice (imported),2022-10-01,2023-01-01,3,Last 24 months only,True,False,False,33.14243164718822,before shock
Yobe | Rice (local),2022-10-01,2023-01-01,3,All past changes,True,False,False,38.23375274170466,before shock
Yobe | Rice (local),2022-10-01,2023-01-01,3,Last 24 months only,True,False,False,21.58329976842547,before shock
Yobe | Yam,2022-10-01,2023-01-01,3,All past changes,True,False,False,80.98593533486225,before shock
Yobe | Yam,2022-10-01,2023-01-01,3,Last 24 months only,True,False,False,72.84694479847904,before shock
Borno | Millet,2022-11-01,2023-02-01,3,All past changes,False,True,False,46.85451990472972,before shock
Borno | Millet,2022-11-01,2023-02-01,3,Last 24 months only,False,True,False,39.13482039333507,before shock
Borno | Oil (palm),2022-11-01,2023-02-01,3,All past changes,True,False,False,35.72704505778087,before shock
Borno | Oil (palm),2022-11-01,2023-02-01,3,Last 24 months only,True,False,False,32.942087328059465,before shock
Borno | Rice (imported),2022-11-01,2023-02-01,3,All past changes,False,True,False,28.432337218692393,before shock
Borno | Rice (imported),2022-11-01,2023-02-01,3,Last 24 months only,False,True,False,33.486128988611476,before shock
Borno | Rice (local),2022-11-01,2023-02-01,3,All past changes,False,True,False,37.94751260338786,before shock
Borno | Rice (local),2022-11-01,2023-02-01,3,Last 24 months only,False,True,False,18.51094997666368,before shock
Borno | Yam,2022-11-01,2023-02-01,3,All past changes,False,False,True,79.09638871287011,before shock
Borno | Yam,2022-11-01,2023-02-01,3,Last 24 months only,False,False,True,72.84694479847904,before shock
Yobe | Millet,2022-11-01,2023-02-01,3,All past changes,True,False,False,46.85451990472972,before shock
Yobe | Millet,2022-11-01,2023-02-01,3,Last 24 months only,False,False,True,39.13482039333507,before shock
Yobe | Oil (palm),2022-11-01,2023-02-01,3,All past changes,True,False,False,35.72704505778087,before shock
Yobe | Oil (palm),2022-11-01,2023-02-01,3,Last 24 months only,True,False,False,32.942087328059465,before shock
Yobe | Rice (imported),2022-11-01,2023-02-01,3,All past changes,False,True,False,28.432337218692393,before shock
Yobe | Rice (imported),2022-11-01,2023-02-01,3,Last 24 months only,False,True,False,33.486128988611476,before shock
Yobe | Rice (local),2022-11-01,2023-02-01,3,All past changes,True,False,False,37.94751260338786,before shock
Yobe | Rice (local),2022-11-01,2023-02-01,3,Last 24 months only,False,True,False,18.51094997666368,before shock
Yobe | Yam,2022-11-01,2023-02-01,3,All past changes,True,False,False,79.09638871287011,before shock
Yobe | Yam,2022-11-01,2023-02-01,3,Last 24 months only,True,False,False,72.84694479847904,before shock
Borno | Millet,2022-12-01,2023-03-01,3,All past changes,True,False,False,46.75798998161724,before shock
Borno | Millet,2022-12-01,2023-03-01,3,Last 24 months only,True,False,False,39.13482039333507,before shock
Borno | Oil (palm),2022-12-01,2023-03-01,3,All past changes,True,False,False,35.54896041590381,before shock
Borno | Oil (palm),2022-12-01,2023-03-01,3,Last 24 months only,True,False,False,32.942087328059465,before shock
Borno | Rice (imported),2022-12-01,2023-03-01,3,All past changes,False,True,False,28.0650396410142,before shock
Borno | Rice (imported),2022-12-01,2023-03-01,3,Last 24 months only,False,True,False,33.486128988611476,before shock
Borno | Rice (local),2022-12-01,2023-03-01,3,All past changes,False,True,False,37.660570648312806,before shock
Borno | Rice (local),2022-12-01,2023-03-01,3,Last 24 months only,False,True,False,17.626982001651115,before shock
Borno | Yam,2022-12-01,2023-03-01,3,All past changes,False,False,True,77.21673531204088,before shock
Borno | Yam,2022-12-01,2023-03-01,3,Last 24 months only,False,False,True,72.84694479847904,before shock
Yobe | Millet,2022-12-01,2023-03-01,3,All past changes,True,False,False,46.75798998161724,before shock
Yobe | Millet,2022-12-01,2023-03-01,3,Last 24 months only,True,False,False,39.13482039333507,before shock
Yobe | Oil (palm),2022-12-01,2023-03-01,3,All past changes,True,False,False,35.54896041590381,before shock
Yobe | Oil (palm),2022-12-01,2023-03-01,3,Last 24 months only,True,False,False,32.942087328059465,before shock
Yobe | Rice (imported),2022-12-01,2023-03-01,3,All past changes,False,True,False,28.0650396410142,before shock
Yobe | Rice (imported),2022-12-01,2023-03-01,3,Last 24 months only,False,True,False,33.486128988611476,before shock
Yobe | Rice (local),2022-12-01,2023-03-01,3,All past changes,True,False,False,37.660570648312806,before shock
Yobe | Rice (local),2022-12-01,2023-03-01,3,Last 24 months only,False,True,False,17.626982001651115,before shock
Yobe | Yam,2022-12-01,2023-03-01,3,All past changes,True,False,False,77.21673531204088,before shock
Yobe | Yam,2022-12-01,2023-03-01,3,Last 24 months only,True,False,False,72.84694479847904,before shock
Borno | Millet,2023-01-01,2023-04-01,3,All past changes,False,True,False,46.661482050170044,before shock
Borno | Millet,2023-01-01,2023-04-01,3,Last 24 months only,False,True,False,37.12113484448918,before shock
Borno | Oil (palm),2023-01-01,2023-04-01,3,All past changes,True,False,False,35.371076509768265,before shock
Borno | Oil (palm),2023-01-01,2023-04-01,3,Last 24 months only,True,False,False,27.985114395159393,before shock
Borno | Rice (imported),2023-01-01,2023-04-01,3,All past changes,False,True,False,27.697666989503876,before shock
Borno | Rice (imported),2023-01-01,2023-04-01,3,Last 24 months only,False,True,False,29.647505637251513,before shock
Borno | Rice (local),2023-01-01,2023-04-01,3,All past changes,False,True,False,37.37292480214931,before shock
Borno | Rice (local),2023-01-01,2023-04-01,3,Last 24 months only,False,True,False,16.082883737626965,before shock
Borno | Yam,2023-01-01,2023-04-01,3,All past changes,False,False,True,75.34683997573397,before shock
Borno | Yam,2023-01-01,2023-04-01,3,Last 24 months only,False,False,True,50.48894412589602,before shock
Yobe | Millet,2023-01-01,2023-04-01,3,All past changes,True,False,False,46.661482050170044,before shock
Yobe | Millet,2023-01-01,2023-04-01,3,Last 24 months only,True,False,False,37.12113484448918,before shock
Yobe | Oil (palm),2023-01-01,2023-04-01,3,All past changes,True,False,False,35.371076509768265,before shock
Yobe | Oil (palm),2023-01-01,2023-04-01,3,Last 24 months only,True,False,False,27.985114395159393,before shock
Yobe | Rice (imported),2023-01-01,2023-04-01,3,All past changes,False,True,False,27.697666989503876,before shock
Yobe | Rice (imported),2023-01-01,2023-04-01,3,Last 24 months only,False,True,False,29.647505637251513,before shock
Yobe | Rice (local),2023-01-01,2023-04-01,3,All past changes,False,True,False,37.37292480214931,before shock
Yobe | Rice (local),2023-01-01,2023-04-01,3,Last 24 months only,False,True,False,16.082883737626965,before shock
Yobe | Yam,2023-01-01,2023-04-01,3,All past changes,True,False,False,75.34683997573397,before shock
Yobe | Yam,2023-01-01,2023-04-01,3,Last 24 months only,True,False,False,50.48894412589602,before shock
Borno | Millet,2023-02-01,2023-05-01,3,All past changes,True,False,False,46.939571770743996,before shock
Borno | Millet,2023-02-01,2023-05-01,3,Last 24 months only,True,False,False,39.82713752036121,before shock
Borno | Oil (palm),2023-02-01,2023-05-01,3,All past changes,True,False,False,35.193393067649446,before shock
Borno | Oil (palm),2023-02-01,2023-05-01,3,Last 24 months only,True,False,False,27.985114395159393,before shock
Borno | Rice (imported),2023-02-01,2023-05-01,3,All past changes,True,False,False,31.142834208965866,before shock
Borno | Rice (imported),2023-02-01,2023-05-01,3,Last 24 months only,True,False,False,35.33006284163853,before shock
Borno | Rice (local),2023-02-01,2023-05-01,3,All past changes,True,False,False,37.580809220512045,before shock
Borno | Rice (local),2023-02-01,2023-05-01,3,Last 24 months only,True,False,False,17.626982001651115,before shock
Borno | Yam,2023-02-01,2023-05-01,3,All past changes,True,False,False,75.64074700303503,before shock
Borno | Yam,2023-02-01,2023-05-01,3,Last 24 months only,True,False,False,51.93874505410927,before shock
Yobe | Millet,2023-02-01,2023-05-01,3,All past changes,False,True,False,46.939571770743996,before shock
Yobe | Millet,2023-02-01,2023-05-01,3,Last 24 months only,False,True,False,39.82713752036121,before shock
Yobe | Oil (palm),2023-02-01,2023-05-01,3,All past changes,True,False,False,35.193393067649446,before shock
Yobe | Oil (palm),2023-02-01,2023-05-01,3,Last 24 months only,True,False,False,27.985114395159393,before shock
Yobe | Rice (imported),2023-02-01,2023-05-01,3,All past changes,True,False,False,31.142834208965866,before shock
Yobe | Rice (imported),2023-02-01,2023-05-01,3,Last 24 months only,True,False,False,35.33006284163853,before shock
Yobe | Rice (local),2023-02-01,2023-05-01,3,All past changes,True,False,False,37.580809220512045,before shock
Yobe | Rice (local),2023-02-01,2023-05-01,3,Last 24 months only,True,False,False,17.626982001651115,before shock
Yobe | Yam,2023-02-01,2023-05-01,3,All past changes,True,False,False,75.64074700303503,before shock
Yobe | Yam,2023-02-01,2023-05-01,3,Last 24 months only,True,False,False,51.93874505410927,before shock
Borno | Millet,2023-03-01,2023-06-01,3,All past changes,True,False,False,46.78741470448045,shock year
Borno | Millet,2023-03-01,2023-06-01,3,Last 24 months only,True,False,False,38.276888095500595,shock year
Borno | Oil (palm),2023-03-01,2023-06-01,3,All past changes,True,False,False,34.87069800240465,shock year
Borno | Oil (palm),2023-03-01,2023-06-01,3,Last 24 months only,True,False,False,27.985114395159393,shock year
Borno | Rice (imported),2023-03-01,2023-06-01,3,All past changes,False,False,True,31.313131313131247,shock year
Borno | Rice (imported),2023-03-01,2023-06-01,3,Last 24 months only,False,False,True,37.335934541613994,shock year
Borno | Rice (local),2023-03-01,2023-06-01,3,All past changes,True,False,False,39.934518958311024,shock year
Borno | Rice (local),2023-03-01,2023-06-01,3,Last 24 months only,True,False,False,19.64364368515412,shock year
Borno | Yam,2023-03-01,2023-06-01,3,All past changes,False,True,False,74.8714787939453,shock year
Borno | Yam,2023-03-01,2023-06-01,3,Last 24 months only,False,True,False,55.09178265850861,shock year
Yobe | Millet,2023-03-01,2023-06-01,3,All past changes,False,True,False,46.78741470448045,shock year
Yobe | Millet,2023-03-01,2023-06-01,3,Last 24 months only,False,True,False,38.276888095500595,shock year
Yobe | Oil (palm),2023-03-01,2023-06-01,3,All past changes,True,False,False,34.87069800240465,shock year
Yobe | Oil (palm),2023-03-01,2023-06-01,3,Last 24 months only,True,False,False,27.985114395159393,shock year
Yobe | Rice (imported),2023-03-01,2023-06-01,3,All past changes,True,False,False,31.313131313131247,shock year
Yobe | Rice (imported),2023-03-01,2023-06-01,3,Last 24 months only,True,False,False,37.335934541613994,shock year
Yobe | Rice (local),2023-03-01,2023-06-01,3,All past changes,True,False,False,39.934518958311024,shock year
Yobe | Rice (local),2023-03-01,2023-06-01,3,Last 24 months only,False,True,False,19.64364368515412,shock year
Yobe | Yam,2023-03-01,2023-06-01,3,All past changes,True,False,False,74.8714787939453,shock year
Yobe | Yam,2023-03-01,2023-06-01,3,Last 24 months only,True,False,False,55.09178265850861,shock year
Borno | Millet,2023-04-01,2023-07-01,3,All past changes,True,False,False,47.32875338045979,shock year
Borno | Millet,2023-04-01,2023-07-01,3,Last 24 months only,False,True,False,38.276888095500595,shock year
Borno | Oil (palm),2023-04-01,2023-07-01,3,All past changes,True,False,False,34.40183076893872,shock year
Borno | Oil (palm),2023-04-01,2023-07-01,3,Last 24 months only,True,False,False,24.58521722738195,shock year
Borno | Rice (imported),2023-04-01,2023-07-01,3,All past changes,False,False,True,32.817156284342474,shock year
Borno | Rice (imported),2023-04-01,2023-07-01,3,Last 24 months only,False,False,True,44.62033081784866,shock year
Borno | Rice (local),2023-04-01,2023-07-01,3,All past changes,True,False,False,40.82217228087023,shock year
Borno | Rice (local),2023-04-01,2023-07-01,3,Last 24 months only,True,False,False,25.4562938386081,shock year
Borno | Yam,2023-04-01,2023-07-01,3,All past changes,False,True,False,74.75843364585721,shock year
Borno | Yam,2023-04-01,2023-07-01,3,Last 24 months only,False,True,False,48.06654003601939,shock year
Yobe | Millet,2023-04-01,2023-07-01,3,All past changes,False,True,False,47.32875338045979,shock year
Yobe | Millet,2023-04-01,2023-07-01,3,Last 24 months only,False,True,False,38.276888095500595,shock year
Yobe | Oil (palm),2023-04-01,2023-07-01,3,All past changes,True,False,False,34.40183076893872,shock year
Yobe | Oil (palm),2023-04-01,2023-07-01,3,Last 24 months only,True,False,False,24.58521722738195,shock year
Yobe | Rice (imported),2023-04-01,2023-07-01,3,All past changes,True,False,False,32.817156284342474,shock year
Yobe | Rice (imported),2023-04-01,2023-07-01,3,Last 24 months only,True,False,False,44.62033081784866,shock year
Yobe | Rice (local),2023-04-01,2023-07-01,3,All past changes,True,False,False,40.82217228087023,shock year
Yobe | Rice (local),2023-04-01,2023-07-01,3,Last 24 months only,True,False,False,25.4562938386081,shock year
Yobe | Yam,2023-04-01,2023-07-01,3,All past changes,False,True,False,74.75843364585721,shock year
Yobe | Yam,2023-04-01,2023-07-01,3,Last 24 months only,False,True,False,48.06654003601939,shock year
Borno | Millet,2023-05-01,2023-08-01,3,All past changes,False,True,False,47.99246693598276,shock year
Borno | Millet,2023-05-01,2023-08-01,3,Last 24 months only,False,True,False,36.97948753195123,shock year
Borno | Oil (palm),2023-05-01,2023-08-01,3,All past changes,True,False,False,33.93161119322262,shock year
Borno | Oil (palm),2023-05-01,2023-08-01,3,Last 24 months only,True,False,False,24.58521722738195,shock year
Borno | Rice (imported),2023-05-01,2023-08-01,3,All past changes,False,False,True,32.44254007876057,shock year
Borno | Rice (imported),2023-05-01,2023-08-01,3,Last 24 months only,False,False,True,44.62033081784866,shock year
Borno | Rice (local),2023-05-01,2023-08-01,3,All past changes,True,False,False,40.60064622578611,shock year
Borno | Rice (local),2023-05-01,2023-08-01,3,Last 24 months only,True,False,False,25.4562938386081,shock year
Borno | Yam,2023-05-01,2023-08-01,3,All past changes,False,True,False,74.32086868659978,shock year
Borno | Yam,2023-05-01,2023-08-01,3,Last 24 months only,False,True,False,44.9441835164203,shock year
Yobe | Millet,2023-05-01,2023-08-01,3,All past changes,False,True,False,47.99246693598276,shock year
Yobe | Millet,2023-05-01,2023-08-01,3,Last 24 months only,False,True,False,36.97948753195123,shock year
Yobe | Oil (palm),2023-05-01,2023-08-01,3,All past changes,True,False,False,33.93161119322262,shock year
Yobe | Oil (palm),2023-05-01,2023-08-01,3,Last 24 months only,True,False,False,24.58521722738195,shock year
Yobe | Rice (imported),2023-05-01,2023-08-01,3,All past changes,True,False,False,32.44254007876057,shock year
Yobe | Rice (imported),2023-05-01,2023-08-01,3,Last 24 months only,True,False,False,44.62033081784866,shock year
Yobe | Rice (local),2023-05-01,2023-08-01,3,All past changes,True,False,False,40.60064622578611,shock year
Yobe | Rice (local),2023-05-01,2023-08-01,3,Last 24 months only,True,False,False,25.4562938386081,shock year
Yobe | Yam,2023-05-01,2023-08-01,3,All past changes,False,True,False,74.32086868659978,shock year
Yobe | Yam,2023-05-01,2023-08-01,3,Last 24 months only,False,True,False,44.9441835164203,shock year
Borno | Millet,2023-06-01,2023-09-01,3,All past changes,False,True,False,48.98101655534583,shock year
Borno | Millet,2023-06-01,2023-09-01,3,Last 24 months only,False,True,False,39.76627487257412,shock year
Borno | Oil (palm),2023-06-01,2023-09-01,3,All past changes,True,False,False,33.46003302907462,shock year
Borno | Oil (palm),2023-06-01,2023-09-01,3,Last 24 months only,True,False,False,24.58521722738195,shock year
Borno | Rice (imported),2023-06-01,2023-09-01,3,All past changes,True,False,False,32.3427453937463,shock year
Borno | Rice (imported),2023-06-01,2023-09-01,3,Last 24 months only,True,False,False,48.1790175346847,shock year
Borno | Rice (local),2023-06-01,2023-09-01,3,All past changes,True,False,False,40.37870174903006,shock year
Borno | Rice (local),2023-06-01,2023-09-01,3,Last 24 months only,True,False,False,25.4562938386081,shock year
Borno | Yam,2023-06-01,2023-09-01,3,All past changes,True,False,False,77.23729643759057,shock year
Borno | Yam,2023-06-01,2023-09-01,3,Last 24 months only,False,True,False,48.06654003601939,shock year
Yobe | Millet,2023-06-01,2023-09-01,3,All past changes,True,False,False,48.98101655534583,shock year
Yobe | Millet,2023-06-01,2023-09-01,3,Last 24 months only,True,False,False,39.76627487257412,shock year
Yobe | Oil (palm),2023-06-01,2023-09-01,3,All past changes,True,False,False,33.46003302907462,shock year
Yobe | Oil (palm),2023-06-01,2023-09-01,3,Last 24 months only,True,False,False,24.58521722738195,shock year
Yobe | Rice (imported),2023-06-01,2023-09-01,3,All past changes,True,False,False,32.3427453937463,shock year
Yobe | Rice (imported),2023-06-01,2023-09-01,3,Last 24 months only,True,False,False,48.1790175346847,shock year
Yobe | Rice (local),2023-06-01,2023-09-01,3,All past changes,True,False,False,40.37870174903006,shock year
Yobe | Rice (local),2023-06-01,2023-09-01,3,Last 24 months only,True,False,False,25.4562938386081,shock year
Yobe | Yam,2023-06-01,2023-09-01,3,All past changes,False,True,False,77.23729643759057,shock year
Yobe | Yam,2023-06-01,2023-09-01,3,Last 24 months only,False,True,False,48.06654003601939,shock year
Borno | Millet,2023-07-01,2023-10-01,3,All past changes,True,False,False,50.42009509999916,shock year
Borno | Millet,2023-07-01,2023-10-01,3,Last 24 months only,True,False,False,43.13041427474352,shock year
Borno | Oil (palm),2023-07-01,2023-10-01,3,All past changes,True,False,False,32.987090004813105,shock year
Borno | Oil (palm),2023-07-01,2023-10-01,3,Last 24 months only,True,False,False,24.34614369341871,shock year
Borno | Rice (imported),2023-07-01,2023-10-01,3,All past changes,True,False,False,32.60579791193889,shock year
Borno | Rice (imported),2023-07-01,2023-10-01,3,Last 24 months only,True,False,False,49.947621227432556,shock year
Borno | Rice (local),2023-07-01,2023-10-01,3,All past changes,True,False,False,40.15633790592603,shock year
Borno | Rice (local),2023-07-01,2023-10-01,3,Last 24 months only,True,False,False,23.246071479366613,shock year
Borno | Yam,2023-07-01,2023-10-01,3,All past changes,True,False,False,82.82277960978611,shock year
Borno | Yam,2023-07-01,2023-10-01,3,Last 24 months only,True,False,False,98.97042254439707,shock year
Yobe | Millet,2023-07-01,2023-10-01,3,All past changes,False,False,True,50.42009509999916,shock year
Yobe | Millet,2023-07-01,2023-10-01,3,Last 24 months only,False,False,True,43.13041427474352,shock year
Yobe | Oil (palm),2023-07-01,2023-10-01,3,All past changes,True,False,False,32.987090004813105,shock year
Yobe | Oil (palm),2023-07-01,2023-10-01,3,Last 24 months only,True,False,False,24.34614369341871,shock year
Yobe | Rice (imported),2023-07-01,2023-10-01,3,All past changes,False,True,False,32.60579791193889,shock year
Yobe | Rice (imported),2023-07-01,2023-10-01,3,Last 24 months only,True,False,False,49.947621227432556,shock year
Yobe | Rice (local),2023-07-01,2023-10-01,3,All past changes,True,False,False,40.15633790592603,shock year
Yobe | Rice (local),2023-07-01,2023-10-01,3,Last 24 months only,True,False,False,23.246071479366613,shock year
Yobe | Yam,2023-07-01,2023-10-01,3,All past changes,True,False,False,82.82277960978611,shock year
Yobe | Yam,2023-07-01,2023-10-01,3,Last 24 months only,True,False,False,98.97042254439707,shock year
Borno | Millet,2023-08-01,2023-11-01,3,All past changes,True,False,False,52.15753758212463,shock year
Borno | Millet,2023-08-01,2023-11-01,3,Last 24 months only,True,False,False,54.055986760204966,shock year
Borno | Oil (palm),2023-08-01,2023-11-01,3,All past changes,True,False,False,32.201609241973436,shock year
Borno | Oil (palm),2023-08-01,2023-11-01,3,Last 24 months only,True,False,False,24.34614369341871,shock year
Borno | Rice (imported),2023-08-01,2023-11-01,3,All past changes,True,False,False,32.40024862518054,shock year
Borno | Rice (imported),2023-08-01,2023-11-01,3,Last 24 months only,True,False,False,54.84213822584082,shock year
Borno | Rice (local),2023-08-01,2023-11-01,3,All past changes,True,False,False,39.96299755774342,shock year
Borno | Rice (local),2023-08-01,2023-11-01,3,Last 24 months only,True,False,False,23.36753337329638,shock year
Borno | Yam,2023-08-01,2023-11-01,3,All past changes,True,False,False,85.04175997477846,shock year
Borno | Yam,2023-08-01,2023-11-01,3,Last 24 months only,True,False,False,116.8142795826233,shock year
Borno | Millet,2023-09-01,2023-12-01,3,All past changes,True,False,False,53.637462540154516,shock year
Borno | Millet,2023-09-01,2023-12-01,3,Last 24 months only,True,False,False,61.65856194051236,shock year
Borno | Oil (palm),2023-09-01,2023-12-01,3,All past changes,False,True,False,31.107067033082604,shock year
Borno | Oil (palm),2023-09-01,2023-12-01,3,Last 24 months only,False,True,False,24.34614369341871,shock year
Borno | Rice (imported),2023-09-01,2023-12-01,3,All past changes,True,False,False,32.36066480611355,shock year
Borno | Rice (imported),2023-09-01,2023-12-01,3,Last 24 months only,True,False,False,54.84213822584082,shock year
Borno | Rice (local),2023-09-01,2023-12-01,3,All past changes,True,False,False,39.79908598402419,shock year
Borno | Rice (local),2023-09-01,2023-12-01,3,Last 24 months only,False,False,True,23.36753337329638,shock year
Borno | Yam,2023-09-01,2023-12-01,3,All past changes,False,True,False,88.79399661885566,shock year
Borno | Yam,2023-09-01,2023-12-01,3,Last 24 months only,True,False,False,116.8142795826233,shock year
Yobe | Millet,2023-09-01,2023-12-01,3,All past changes,True,False,False,53.637462540154516,shock year
Yobe | Millet,2023-09-01,2023-12-01,3,Last 24 months only,True,False,False,61.65856194051236,shock year
Yobe | Oil (palm),2023-09-01,2023-12-01,3,All past changes,True,False,False,31.107067033082604,shock year
Yobe | Oil (palm),2023-09-01,2023-12-01,3,Last 24 months only,False,False,True,24.34614369341871,shock year
Yobe | Rice (imported),2023-09-01,2023-12-01,3,All past changes,False,True,False,32.36066480611355,shock year
Yobe | Rice (imported),2023-09-01,2023-12-01,3,Last 24 months only,True,False,False,54.84213822584082,shock year
Yobe | Rice (local),2023-09-01,2023-12-01,3,All past changes,True,False,False,39.79908598402419,shock year
Yobe | Rice (local),2023-09-01,2023-12-01,3,Last 24 months only,True,False,False,23.36753337329638,shock year
Yobe | Yam,2023-09-01,2023-12-01,3,All past changes,True,False,False,88.79399661885566,shock year
Yobe | Yam,2023-09-01,2023-12-01,3,Last 24 months only,True,False,False,116.8142795826233,shock year
Borno | Millet,2023-10-01,2024-01-01,3,All past changes,True,False,False,53.4539403379966,shock year
Borno | Millet,2023-10-01,2024-01-01,3,Last 24 months only,True,False,False,61.65856194051236,shock year
Borno | Oil (palm),2023-10-01,2024-01-01,3,All past changes,False,True,False,30.015760255201187,shock year
Borno | Oil (palm),2023-10-01,2024-01-01,3,Last 24 months only,True,False,False,24.34614369341871,shock year
Borno | Rice (imported),2023-10-01,2024-01-01,3,All past changes,False,True,False,33.35163098785146,shock year
Borno | Rice (imported),2023-10-01,2024-01-01,3,Last 24 months only,False,True,False,54.84213822584082,shock year
Borno | Rice (local),2023-10-01,2024-01-01,3,All past changes,True,False,False,39.635294510039046,shock year
Borno | Rice (local),2023-10-01,2024-01-01,3,Last 24 months only,False,True,False,23.02565586396067,shock year
Borno | Yam,2023-10-01,2024-01-01,3,All past changes,True,False,False,87.69928648724925,shock year
Borno | Yam,2023-10-01,2024-01-01,3,Last 24 months only,True,False,False,116.8142795826233,shock year
Yobe | Millet,2023-10-01,2024-01-01,3,All past changes,True,False,False,53.4539403379966,shock year
Yobe | Millet,2023-10-01,2024-01-01,3,Last 24 months only,True,False,False,61.65856194051236,shock year
Yobe | Oil (palm),2023-10-01,2024-01-01,3,All past changes,True,False,False,30.015760255201187,shock year
Yobe | Oil (palm),2023-10-01,2024-01-01,3,Last 24 months only,True,False,False,24.34614369341871,shock year
Yobe | Rice (imported),2023-10-01,2024-01-01,3,All past changes,False,True,False,33.35163098785146,shock year
Yobe | Rice (imported),2023-10-01,2024-01-01,3,Last 24 months only,True,False,False,54.84213822584082,shock year
Yobe | Rice (local),2023-10-01,2024-01-01,3,All past changes,True,False,False,39.635294510039046,shock year
Yobe | Rice (local),2023-10-01,2024-01-01,3,Last 24 months only,False,True,False,23.02565586396067,shock year
Yobe | Yam,2023-10-01,2024-01-01,3,All past changes,True,False,False,87.69928648724925,shock year
Yobe | Yam,2023-10-01,2024-01-01,3,Last 24 months only,True,False,False,116.8142795826233,shock year
Borno | Millet,2023-11-01,2024-02-01,3,All past changes,True,False,False,53.20981120121164,shock year
Borno | Millet,2023-11-01,2024-02-01,3,Last 24 months only,True,False,False,58.37459276322908,shock year
Borno | Oil (palm),2023-11-01,2024-02-01,3,All past changes,True,False,False,29.471309120691778,shock year
Borno | Oil (palm),2023-11-01,2024-02-01,3,Last 24 months only,True,False,False,24.513721875561355,shock year
Borno | Rice (imported),2023-11-01,2024-02-01,3,All past changes,False,True,False,33.164748446138944,shock year
Borno | Rice (imported),2023-11-01,2024-02-01,3,Last 24 months only,False,True,False,55.472439981502376,shock year
Borno | Rice (local),2023-11-01,2024-02-01,3,All past changes,False,True,False,39.553443766271556,shock year
Borno | Rice (local),2023-11-01,2024-02-01,3,Last 24 months only,False,True,False,23.395159079337237,shock year
Borno | Yam,2023-11-01,2024-02-01,3,All past changes,True,False,False,87.15455088281487,shock year
Borno | Yam,2023-11-01,2024-02-01,3,Last 24 months only,True,False,False,115.85880150027756,shock year
Yobe | Millet,2023-11-01,2024-02-01,3,All past changes,False,True,False,53.20981120121164,shock year
Yobe | Millet,2023-11-01,2024-02-01,3,Last 24 months only,True,False,False,58.37459276322908,shock year
Yobe | Oil (palm),2023-11-01,2024-02-01,3,All past changes,True,False,False,29.471309120691778,shock year
Yobe | Oil (palm),2023-11-01,2024-02-01,3,Last 24 months only,True,False,False,24.513721875561355,shock year
Yobe | Rice (imported),2023-11-01,2024-02-01,3,All past changes,False,True,False,33.164748446138944,shock year
Yobe | Rice (imported),2023-11-01,2024-02-01,3,Last 24 months only,True,False,False,55.472439981502376,shock year
Yobe | Rice (local),2023-11-01,2024-02-01,3,All past changes,False,True,False,39.553443766271556,shock year
Yobe | Rice (local),2023-11-01,2024-02-01,3,Last 24 months only,False,True,False,23.395159079337237,shock year
Yobe | Yam,2023-11-01,2024-02-01,3,All past changes,True,False,False,87.15455088281487,shock year
Yobe | Yam,2023-11-01,2024-02-01,3,Last 24 months only,True,False,False,115.85880150027756,shock year
Borno | Millet,2023-12-01,2024-03-01,3,All past changes,False,True,False,52.72261642109313,shock year
Borno | Millet,2023-12-01,2024-03-01,3,Last 24 months only,False,True,False,58.37459276322908,shock year
Borno | Oil (palm),2023-12-01,2024-03-01,3,All past changes,True,False,False,31.45518332745262,shock year
Borno | Oil (palm),2023-12-01,2024-03-01,3,Last 24 months only,True,False,False,25.632811214875804,shock year
Borno | Rice (imported),2023-12-01,2024-03-01,3,All past changes,False,True,False,34.644571529603915,shock year
Borno | Rice (imported),2023-12-01,2024-03-01,3,Last 24 months only,False,True,False,55.472439981502376,shock year
Borno | Rice (local),2023-12-01,2024-03-01,3,All past changes,False,True,False,39.3898321769115,shock year
Borno | Rice (local),2023-12-01,2024-03-01,3,Last 24 months only,False,True,False,23.395159079337237,shock year
Borno | Yam,2023-12-01,2024-03-01,3,All past changes,True,False,False,90.60527602977311,shock year
Borno | Yam,2023-12-01,2024-03-01,3,Last 24 months only,False,False,True,115.85880150027756,shock year
Yobe | Millet,2023-12-01,2024-03-01,3,All past changes,False,True,False,52.72261642109313,shock year
Yobe | Millet,2023-12-01,2024-03-01,3,Last 24 months only,False,True,False,58.37459276322908,shock year
Yobe | Oil (palm),2023-12-01,2024-03-01,3,All past changes,False,True,False,31.45518332745262,shock year
Yobe | Oil (palm),2023-12-01,2024-03-01,3,Last 24 months only,False,True,False,25.632811214875804,shock year
Yobe | Rice (imported),2023-12-01,2024-03-01,3,All past changes,False,True,False,34.644571529603915,shock year
Yobe | Rice (imported),2023-12-01,2024-03-01,3,Last 24 months only,True,False,False,55.472439981502376,shock year
Yobe | Rice (local),2023-12-01,2024-03-01,3,All past changes,False,True,False,39.3898321769115,shock year
Yobe | Rice (local),2023-12-01,2024-03-01,3,Last 24 months only,False,True,False,23.395159079337237,shock year
Yobe | Yam,2023-12-01,2024-03-01,3,All past changes,True,False,False,90.60527602977311,shock year
Yobe | Yam,2023-12-01,2024-03-01,3,Last 24 months only,True,False,False,115.85880150027756,shock year
Borno | Millet,2024-01-01,2024-04-01,3,All past changes,True,False,False,52.23683564200813,shock year
Borno | Millet,2024-01-01,2024-04-01,3,Last 24 months only,True,False,False,58.37459276322908,shock year
Borno | Oil (palm),2024-01-01,2024-04-01,3,All past changes,True,False,False,30.981615957259645,shock year
Borno | Oil (palm),2024-01-01,2024-04-01,3,Last 24 months only,False,False,True,25.632811214875804,shock year
Borno | Rice (imported),2024-01-01,2024-04-01,3,All past changes,True,False,False,36.071761055081474,shock year
Borno | Rice (imported),2024-01-01,2024-04-01,3,Last 24 months only,True,False,False,56.077869203056196,shock year
Borno | Rice (local),2024-01-01,2024-04-01,3,All past changes,True,False,False,39.226340334184506,shock year
Borno | Rice (local),2024-01-01,2024-04-01,3,Last 24 months only,True,False,False,26.215954585802603,shock year
Borno | Yam,2024-01-01,2024-04-01,3,All past changes,False,False,True,90.32368551977946,shock year
Borno | Yam,2024-01-01,2024-04-01,3,Last 24 months only,False,False,True,115.85880150027756,shock year
Yobe | Millet,2024-01-01,2024-04-01,3,All past changes,True,False,False,52.23683564200813,shock year
Yobe | Millet,2024-01-01,2024-04-01,3,Last 24 months only,True,False,False,58.37459276322908,shock year
Yobe | Oil (palm),2024-01-01,2024-04-01,3,All past changes,True,False,False,30.981615957259645,shock year
Yobe | Oil (palm),2024-01-01,2024-04-01,3,Last 24 months only,True,False,False,25.632811214875804,shock year
Yobe | Rice (imported),2024-01-01,2024-04-01,3,All past changes,False,True,False,36.071761055081474,shock year
Yobe | Rice (imported),2024-01-01,2024-04-01,3,Last 24 months only,True,False,False,56.077869203056196,shock year
Yobe | Rice (local),2024-01-01,2024-04-01,3,All past changes,False,True,False,39.226340334184506,shock year
Yobe | Rice (local),2024-01-01,2024-04-01,3,Last 24 months only,False,True,False,26.215954585802603,shock year
Yobe | Yam,2024-01-01,2024-04-01,3,All past changes,True,False,False,90.32368551977946,shock year
Yobe | Yam,2024-01-01,2024-04-01,3,Last 24 months only,True,False,False,115.85880150027756,shock year
Borno | Millet,2024-02-01,2024-05-01,3,All past changes,True,False,False,53.90322811326126,shock year
Borno | Millet,2024-02-01,2024-05-01,3,Last 24 months only,True,False,False,58.37459276322908,shock year
Borno | Oil (palm),2024-02-01,2024-05-01,3,All past changes,True,False,False,30.82077292154739,shock year
Borno | Oil (palm),2024-02-01,2024-05-01,3,Last 24 months only,True,False,False,25.632811214875804,shock year
Borno | Rice (imported),2024-02-01,2024-05-01,3,All past changes,True,False,False,36.75226161797022,shock year
Borno | Rice (imported),2024-02-01,2024-05-01,3,Last 24 months only,True,False,False,57.46903536888188,shock year
Borno | Rice (local),2024-02-01,2024-05-01,3,All past changes,True,False,False,39.96958882391949,shock year
Borno | Rice (local),2024-02-01,2024-05-01,3,Last 24 months only,True,False,False,34.472694669020306,shock year
Borno | Yam,2024-02-01,2024-05-01,3,All past changes,True,False,False,88.77279721833014,shock year
Borno | Yam,2024-02-01,2024-05-01,3,Last 24 months only,True,False,False,115.85880150027756,shock year
Yobe | Millet,2024-02-01,2024-05-01,3,All past changes,True,False,False,53.90322811326126,shock year
Yobe | Millet,2024-02-01,2024-05-01,3,Last 24 months only,True,False,False,58.37459276322908,shock year
Yobe | Oil (palm),2024-02-01,2024-05-01,3,All past changes,True,False,False,30.82077292154739,shock year
Yobe | Oil (palm),2024-02-01,2024-05-01,3,Last 24 months only,True,False,False,25.632811214875804,shock year
Yobe | Rice (imported),2024-02-01,2024-05-01,3,All past changes,True,False,False,36.75226161797022,shock year
Yobe | Rice (imported),2024-02-01,2024-05-01,3,Last 24 months only,True,False,False,57.46903536888188,shock year
Yobe | Rice (local),2024-02-01,2024-05-01,3,All past changes,True,False,False,39.96958882391949,shock year
Yobe | Rice (local),2024-02-01,2024-05-01,3,Last 24 months only,True,False,False,34.472694669020306,shock year
Yobe | Yam,2024-02-01,2024-05-01,3,All past changes,True,False,False,88.77279721833014,shock year
Yobe | Yam,2024-02-01,2024-05-01,3,Last 24 months only,True,False,False,115.85880150027756,shock year
Borno | Millet,2024-03-01,2024-06-01,3,All past changes,True,False,False,58.718898062046435,shock year
Borno | Millet,2024-03-01,2024-06-01,3,Last 24 months only,True,False,False,61.46702611275884,shock year
Borno | Oil (palm),2024-03-01,2024-06-01,3,All past changes,True,False,False,31.216412883613664,shock year
Borno | Oil (palm),2024-03-01,2024-06-01,3,Last 24 months only,True,False,False,26.025940767692457,shock year
Borno | Rice (imported),2024-03-01,2024-06-01,3,All past changes,True,False,False,39.04449710867706,shock year
Borno | Rice (imported),2024-03-01,2024-06-01,3,Last 24 months only,True,False,False,60.371615814336124,shock year
Borno | Rice (local),2024-03-01,2024-06-01,3,All past changes,True,False,False,41.95625325180319,shock year
Borno | Rice (local),2024-03-01,2024-06-01,3,Last 24 months only,True,False,False,42.486190611394505,shock year
Borno | Yam,2024-03-01,2024-06-01,3,All past changes,True,False,False,87.22601179635022,shock year
Borno | Yam,2024-03-01,2024-06-01,3,Last 24 months only,True,False,False,119.37918174397468,shock year
Yobe | Millet,2024-03-01,2024-06-01,3,All past changes,True,False,False,58.718898062046435,shock year
Yobe | Millet,2024-03-01,2024-06-01,3,Last 24 months only,True,False,False,61.46702611275884,shock year
Yobe | Oil (palm),2024-03-01,2024-06-01,3,All past changes,True,False,False,31.216412883613664,shock year
Yobe | Oil (palm),2024-03-01,2024-06-01,3,Last 24 months only,False,False,True,26.025940767692457,shock year
Yobe | Rice (imported),2024-03-01,2024-06-01,3,All past changes,True,False,False,39.04449710867706,shock year
Yobe | Rice (imported),2024-03-01,2024-06-01,3,Last 24 months only,True,False,False,60.371615814336124,shock year
Yobe | Rice (local),2024-03-01,2024-06-01,3,All past changes,True,False,False,41.95625325180319,shock year
Yobe | Rice (local),2024-03-01,2024-06-01,3,Last 24 months only,True,False,False,42.486190611394505,shock year
Yobe | Yam,2024-03-01,2024-06-01,3,All past changes,True,False,False,87.22601179635022,shock year
Yobe | Yam,2024-03-01,2024-06-01,3,Last 24 months only,True,False,False,119.37918174397468,shock year
Yobe | Millet,2024-04-01,2024-07-01,3,All past changes,False,True,False,57.370438084575284,after
Yobe | Millet,2024-04-01,2024-07-01,3,Last 24 months only,False,True,False,61.46702611275884,after
Yobe | Oil (palm),2024-04-01,2024-07-01,3,All past changes,True,False,False,31.04091034483838,after
Yobe | Oil (palm),2024-04-01,2024-07-01,3,Last 24 months only,True,False,False,25.632811214875804,after
Yobe | Rice (imported),2024-04-01,2024-07-01,3,All past changes,True,False,False,38.37379495256822,after
Yobe | Rice (imported),2024-04-01,2024-07-01,3,Last 24 months only,True,False,False,60.371615814336124,after
Yobe | Rice (local),2024-04-01,2024-07-01,3,All past changes,True,False,False,42.85828508736107,after
Yobe | Rice (local),2024-04-01,2024-07-01,3,Last 24 months only,True,False,False,42.486190611394505,after
Yobe | Yam,2024-04-01,2024-07-01,3,All past changes,True,False,False,87.15455088281487,after
Yobe | Yam,2024-04-01,2024-07-01,3,Last 24 months only,True,False,False,119.37918174397468,after
Borno | Millet,2024-05-01,2024-08-01,3,All past changes,True,False,False,56.033281408503,after
Borno | Millet,2024-05-01,2024-08-01,3,Last 24 months only,True,False,False,59.1527604670648,after
Borno | Oil (palm),2024-05-01,2024-08-01,3,All past changes,True,False,False,30.865484613729887,after
Borno | Oil (palm),2024-05-01,2024-08-01,3,Last 24 months only,True,False,False,22.855287068995434,after
Borno | Rice (imported),2024-05-01,2024-08-01,3,All past changes,False,True,False,37.704573913091764,after
Borno | Rice (imported),2024-05-01,2024-08-01,3,Last 24 months only,True,False,False,60.371615814336124,after
Borno | Rice (local),2024-05-01,2024-08-01,3,All past changes,False,True,False,42.63060346096221,after
Borno | Rice (local),2024-05-01,2024-08-01,3,Last 24 months only,True,False,False,42.486190611394505,after
Borno | Yam,2024-05-01,2024-08-01,3,All past changes,True,False,False,86.07029003037479,after
Borno | Yam,2024-05-01,2024-08-01,3,Last 24 months only,True,False,False,119.37918174397468,after
Yobe | Millet,2024-05-01,2024-08-01,3,All past changes,False,True,False,56.033281408503,after
Yobe | Millet,2024-05-01,2024-08-01,3,Last 24 months only,True,False,False,59.1527604670648,after
Yobe | Oil (palm),2024-05-01,2024-08-01,3,All past changes,True,False,False,30.865484613729887,after
Yobe | Oil (palm),2024-05-01,2024-08-01,3,Last 24 months only,True,False,False,22.855287068995434,after
Yobe | Rice (imported),2024-05-01,2024-08-01,3,All past changes,True,False,False,37.704573913091764,after
Yobe | Rice (imported),2024-05-01,2024-08-01,3,Last 24 months only,True,False,False,60.371615814336124,after
Yobe | Rice (local),2024-05-01,2024-08-01,3,All past changes,True,False,False,42.63060346096221,after
Yobe | Rice (local),2024-05-01,2024-08-01,3,Last 24 months only,True,False,False,42.486190611394505,after
Yobe | Yam,2024-05-01,2024-08-01,3,All past changes,True,False,False,86.07029003037479,after
Yobe | Yam,2024-05-01,2024-08-01,3,Last 24 months only,True,False,False,119.37918174397468,after
Borno | Millet,2024-06-01,2024-09-01,3,All past changes,True,False,False,57.854609993672966,after
Borno | Millet,2024-06-01,2024-09-01,3,Last 24 months only,True,False,False,58.67351394640403,after
Borno | Oil (palm),2024-06-01,2024-09-01,3,All past changes,True,False,False,30.69013555049409,after
Borno | Oil (palm),2024-06-01,2024-09-01,3,Last 24 months only,True,False,False,23.61287683229909,after
Borno | Rice (imported),2024-06-01,2024-09-01,3,All past changes,False,True,False,37.036826276599676,after
Borno | Rice (imported),2024-06-01,2024-09-01,3,Last 24 months only,True,False,False,55.75811914628039,after
Borno | Rice (local),2024-06-01,2024-09-01,3,All past changes,True,False,False,42.403229204763214,after
Borno | Rice (local),2024-06-01,2024-09-01,3,Last 24 months only,True,False,False,41.98341767245477,after
Borno | Yam,2024-06-01,2024-09-01,3,All past changes,True,False,False,84.99293844915971,after
Borno | Yam,2024-06-01,2024-09-01,3,Last 24 months only,True,False,False,112.6492727474494,after
Yobe | Millet,2024-06-01,2024-09-01,3,All past changes,True,False,False,57.854609993672966,after
Yobe | Millet,2024-06-01,2024-09-01,3,Last 24 months only,False,False,True,58.67351394640403,after
Yobe | Oil (palm),2024-06-01,2024-09-01,3,All past changes,False,True,False,30.69013555049409,after
Yobe | Oil (palm),2024-06-01,2024-09-01,3,Last 24 months only,False,True,False,23.61287683229909,after
Yobe | Rice (imported),2024-06-01,2024-09-01,3,All past changes,True,False,False,37.036826276599676,after
Yobe | Rice (imported),2024-06-01,2024-09-01,3,Last 24 months only,True,False,False,55.75811914628039,after
Yobe | Rice (local),2024-06-01,2024-09-01,3,All past changes,True,False,False,42.403229204763214,after
Yobe | Rice (local),2024-06-01,2024-09-01,3,Last 24 months only,True,False,False,41.98341767245477,after
Yobe | Yam,2024-06-01,2024-09-01,3,All past changes,True,False,False,84.99293844915971,after
Yobe | Yam,2024-06-01,2024-09-01,3,Last 24 months only,True,False,False,112.6492727474494,after
Borno | Millet,2024-07-01,2024-10-01,3,All past changes,True,False,False,60.65328955679682,after
Borno | Millet,2024-07-01,2024-10-01,3,Last 24 months only,False,False,True,58.6772293490691,after
Borno | Oil (palm),2024-07-01,2024-10-01,3,All past changes,True,False,False,30.619994086422764,after
Borno | Oil (palm),2024-07-01,2024-10-01,3,Last 24 months only,False,False,True,17.846975319340952,after
Borno | Rice (imported),2024-07-01,2024-10-01,3,All past changes,True,False,False,36.97181584334037,after
Borno | Rice (imported),2024-07-01,2024-10-01,3,Last 24 months only,True,False,False,45.61820005330453,after
Borno | Rice (local),2024-07-01,2024-10-01,3,All past changes,True,False,False,42.26602055277142,after
Borno | Rice (local),2024-07-01,2024-10-01,3,Last 24 months only,True,False,False,41.38553409932775,after
Borno | Yam,2024-07-01,2024-10-01,3,All past changes,True,False,False,84.69375415128737,after
Borno | Yam,2024-07-01,2024-10-01,3,Last 24 months only,True,False,False,102.43714686063663,after
Yobe | Millet,2024-07-01,2024-10-01,3,All past changes,False,False,True,60.65328955679682,after
Yobe | Millet,2024-07-01,2024-10-01,3,Last 24 months only,False,False,True,58.6772293490691,after
Yobe | Oil (palm),2024-07-01,2024-10-01,3,All past changes,False,True,False,30.619994086422764,after
Yobe | Oil (palm),2024-07-01,2024-10-01,3,Last 24 months only,False,True,False,17.846975319340952,after
Yobe | Rice (imported),2024-07-01,2024-10-01,3,All past changes,True,False,False,36.97181584334037,after
Yobe | Rice (imported),2024-07-01,2024-10-01,3,Last 24 months only,True,False,False,45.61820005330453,after
Yobe | Rice (local),2024-07-01,2024-10-01,3,All past changes,True,False,False,42.26602055277142,after
Yobe | Rice (local),2024-07-01,2024-10-01,3,Last 24 months only,False,False,True,41.38553409932775,after
Yobe | Yam,2024-07-01,2024-10-01,3,All past changes,True,False,False,84.69375415128737,after
Yobe | Yam,2024-07-01,2024-10-01,3,Last 24 months only,True,False,False,102.43714686063663,after
Borno | Millet,2024-08-01,2024-11-01,3,All past changes,True,False,False,60.850833898546554,after
Borno | Millet,2024-08-01,2024-11-01,3,Last 24 months only,False,False,True,54.52735245144616,after
Borno | Oil (palm),2024-08-01,2024-11-01,3,All past changes,True,False,False,30.47976573716481,after
Borno | Oil (palm),2024-08-01,2024-11-01,3,Last 24 months only,True,False,False,16.260357803452642,after
Borno | Rice (imported),2024-08-01,2024-11-01,3,All past changes,True,False,False,38.743083680687974,after
Borno | Rice (imported),2024-08-01,2024-11-01,3,Last 24 months only,True,False,False,40.91971952273076,after
Borno | Rice (local),2024-08-01,2024-11-01,3,All past changes,True,False,False,43.09308275601099,after
Borno | Rice (local),2024-08-01,2024-11-01,3,Last 24 months only,False,False,True,38.8589534572352,after
Borno | Yam,2024-08-01,2024-11-01,3,All past changes,True,False,False,84.09325328839944,after
Borno | Yam,2024-08-01,2024-11-01,3,Last 24 months only,True,False,False,90.48254700818634,after
Yobe | Millet,2024-08-01,2024-11-01,3,All past changes,False,False,True,60.850833898546554,after
Yobe | Millet,2024-08-01,2024-11-01,3,Last 24 months only,False,False,True,54.52735245144616,after
Yobe | Oil (palm),2024-08-01,2024-11-01,3,All past changes,False,True,False,30.47976573716481,after
Yobe | Oil (palm),2024-08-01,2024-11-01,3,Last 24 months only,False,True,False,16.260357803452642,after
Yobe | Rice (imported),2024-08-01,2024-11-01,3,All past changes,True,False,False,38.743083680687974,after
Yobe | Rice (imported),2024-08-01,2024-11-01,3,Last 24 months only,True,False,False,40.91971952273076,after
Yobe | Rice (local),2024-08-01,2024-11-01,3,All past changes,False,False,True,43.09308275601099,after
Yobe | Rice (local),2024-08-01,2024-11-01,3,Last 24 months only,False,False,True,38.8589534572352,after
Yobe | Yam,2024-08-01,2024-11-01,3,All past changes,True,False,False,84.09325328839944,after
Yobe | Yam,2024-08-01,2024-11-01,3,Last 24 months only,True,False,False,90.48254700818634,after
Borno | Millet,2024-09-01,2024-12-01,3,All past changes,True,False,False,60.75144411589826,after
Borno | Millet,2024-09-01,2024-12-01,3,Last 24 months only,False,False,True,56.840649651552255,after
Borno | Oil (palm),2024-09-01,2024-12-01,3,All past changes,False,True,False,30.888659728281944,after
Borno | Oil (palm),2024-09-01,2024-12-01,3,Last 24 months only,False,True,False,16.573652722701816,after
Borno | Rice (imported),2024-09-01,2024-12-01,3,All past changes,True,False,False,39.52374149846016,after
Borno | Rice (imported),2024-09-01,2024-12-01,3,Last 24 months only,True,False,False,41.51112704210903,after
Borno | Rice (local),2024-09-01,2024-12-01,3,All past changes,True,False,False,42.87740253358645,after
Borno | Rice (local),2024-09-01,2024-12-01,3,Last 24 months only,False,False,True,37.68999989240298,after
Borno | Yam,2024-09-01,2024-12-01,3,All past changes,True,False,False,83.4898939412665,after
Borno | Yam,2024-09-01,2024-12-01,3,Last 24 months only,True,False,False,90.48254700818634,after
Yobe | Millet,2024-09-01,2024-12-01,3,All past changes,True,False,False,60.75144411589826,after
Yobe | Millet,2024-09-01,2024-12-01,3,Last 24 months only,False,False,True,56.840649651552255,after
Yobe | Oil (palm),2024-09-01,2024-12-01,3,All past changes,False,True,False,30.888659728281944,after
Yobe | Oil (palm),2024-09-01,2024-12-01,3,Last 24 months only,False,True,False,16.573652722701816,after
Yobe | Rice (imported),2024-09-01,2024-12-01,3,All past changes,True,False,False,39.52374149846016,after
Yobe | Rice (imported),2024-09-01,2024-12-01,3,Last 24 months only,True,False,False,41.51112704210903,after
Yobe | Rice (local),2024-09-01,2024-12-01,3,All past changes,True,False,False,42.87740253358645,after
Yobe | Rice (local),2024-09-01,2024-12-01,3,Last 24 months only,False,False,True,37.68999989240298,after
Yobe | Yam,2024-09-01,2024-12-01,3,All past changes,True,False,False,83.4898939412665,after
Yobe | Yam,2024-09-01,2024-12-01,3,Last 24 months only,True,False,False,90.48254700818634,after
Borno | Millet,2024-10-01,2025-01-01,3,All past changes,True,False,False,60.98958290177301,after
Borno | Millet,2024-10-01,2025-01-01,3,Last 24 months only,True,False,False,61.289168616756264,after
Borno | Oil (palm),2024-10-01,2025-01-01,3,All past changes,False,True,False,31.379157436314642,after
Borno | Oil (palm),2024-10-01,2025-01-01,3,Last 24 months only,False,True,False,16.89299551621032,after
Borno | Rice (imported),2024-10-01,2025-01-01,3,All past changes,True,False,False,39.506757176924154,after
Borno | Rice (imported),2024-10-01,2025-01-01,3,Last 24 months only,True,False,False,41.51112704210903,after
Borno | Rice (local),2024-10-01,2025-01-01,3,All past changes,True,False,False,42.66203582940838,after
Borno | Rice (local),2024-10-01,2025-01-01,3,Last 24 months only,False,False,True,37.68999989240298,after
Borno | Yam,2024-10-01,2025-01-01,3,All past changes,True,False,False,82.88365745493581,after
Borno | Yam,2024-10-01,2025-01-01,3,Last 24 months only,True,False,False,86.26407489271097,after
Yobe | Millet,2024-10-01,2025-01-01,3,All past changes,True,False,False,60.98958290177301,after
Yobe | Millet,2024-10-01,2025-01-01,3,Last 24 months only,True,False,False,61.289168616756264,after
Yobe | Oil (palm),2024-10-01,2025-01-01,3,All past changes,False,True,False,31.379157436314642,after
Yobe | Oil (palm),2024-10-01,2025-01-01,3,Last 24 months only,False,True,False,16.89299551621032,after
Yobe | Rice (imported),2024-10-01,2025-01-01,3,All past changes,True,False,False,39.506757176924154,after
Yobe | Rice (imported),2024-10-01,2025-01-01,3,Last 24 months only,True,False,False,41.51112704210903,after
Yobe | Rice (local),2024-10-01,2025-01-01,3,All past changes,True,False,False,42.66203582940838,after
Yobe | Rice (local),2024-10-01,2025-01-01,3,Last 24 months only,False,False,True,37.68999989240298,after
Yobe | Yam,2024-10-01,2025-01-01,3,All past changes,True,False,False,82.88365745493581,after
Yobe | Yam,2024-10-01,2025-01-01,3,Last 24 months only,True,False,False,86.26407489271097,after
Borno | Millet,2024-11-01,2025-02-01,3,All past changes,True,False,False,61.28738236053701,after
Borno | Millet,2024-11-01,2025-02-01,3,Last 24 months only,True,False,False,66.08552398523086,after
Borno | Oil (palm),2024-11-01,2025-02-01,3,All past changes,False,True,False,31.891596636430787,after
Borno | Oil (palm),2024-11-01,2025-02-01,3,Last 24 months only,False,True,False,21.113424303506257,after
Borno | Rice (imported),2024-11-01,2025-02-01,3,All past changes,True,False,False,39.48977506700291,after
Borno | Rice (imported),2024-11-01,2025-02-01,3,Last 24 months only,True,False,False,41.51112704210903,after
Borno | Rice (local),2024-11-01,2025-02-01,3,All past changes,True,False,False,42.516877942294016,after
Borno | Rice (local),2024-11-01,2025-02-01,3,Last 24 months only,False,False,True,39.784262638671876,after
Borno | Yam,2024-11-01,2025-02-01,3,All past changes,True,False,False,82.27452505804317,after
Borno | Yam,2024-11-01,2025-02-01,3,Last 24 months only,True,False,False,86.95662630836942,after
Yobe | Millet,2024-11-01,2025-02-01,3,All past changes,True,False,False,61.28738236053701,after
Yobe | Millet,2024-11-01,2025-02-01,3,Last 24 months only,True,False,False,66.08552398523086,after
Yobe | Oil (palm),2024-11-01,2025-02-01,3,All past changes,True,False,False,31.891596636430787,after
Yobe | Oil (palm),2024-11-01,2025-02-01,3,Last 24 months only,True,False,False,21.113424303506257,after
Yobe | Rice (imported),2024-11-01,2025-02-01,3,All past changes,True,False,False,39.48977506700291,after
Yobe | Rice (imported),2024-11-01,2025-02-01,3,Last 24 months only,False,False,True,41.51112704210903,after
Yobe | Rice (local),2024-11-01,2025-02-01,3,All past changes,True,False,False,42.516877942294016,after
Yobe | Rice (local),2024-11-01,2025-02-01,3,Last 24 months only,True,False,False,39.784262638671876,after
Yobe | Yam,2024-11-01,2025-02-01,3,All past changes,True,False,False,82.27452505804317,after
Yobe | Yam,2024-11-01,2025-02-01,3,Last 24 months only,True,False,False,86.95662630836942,after
Borno | Millet,2024-12-01,2025-03-01,3,All past changes,False,False,True,60.90072125936158,after
Borno | Millet,2024-12-01,2025-03-01,3,Last 24 months only,False,False,True,66.08552398523086,after
Borno | Oil (palm),2024-12-01,2025-03-01,3,All past changes,True,False,False,32.86804987013624,after
Borno | Oil (palm),2024-12-01,2025-03-01,3,Last 24 months only,False,False,True,23.931288916608196,after
Borno | Rice (imported),2024-12-01,2025-03-01,3,All past changes,True,False,False,39.23475195462134,after
Borno | Rice (imported),2024-12-01,2025-03-01,3,Last 24 months only,False,False,True,41.51112704210903,after
Borno | Rice (local),2024-12-01,2025-03-01,3,All past changes,True,False,False,42.31943064670274,after
Borno | Rice (local),2024-12-01,2025-03-01,3,Last 24 months only,True,False,False,47.80560749220674,after
Borno | Yam,2024-12-01,2025-03-01,3,All past changes,True,False,False,81.88956134800088,after
Borno | Yam,2024-12-01,2025-03-01,3,Last 24 months only,True,False,False,86.95662630836942,after
Yobe | Millet,2024-12-01,2025-03-01,3,All past changes,True,False,False,60.90072125936158,after
Yobe | Millet,2024-12-01,2025-03-01,3,Last 24 months only,False,False,True,66.08552398523086,after
Yobe | Oil (palm),2024-12-01,2025-03-01,3,All past changes,True,False,False,32.86804987013624,after
Yobe | Oil (palm),2024-12-01,2025-03-01,3,Last 24 months only,False,False,True,23.931288916608196,after
Yobe | Rice (imported),2024-12-01,2025-03-01,3,All past changes,False,False,True,39.23475195462134,after
Yobe | Rice (imported),2024-12-01,2025-03-01,3,Last 24 months only,False,False,True,41.51112704210903,after
Yobe | Rice (local),2024-12-01,2025-03-01,3,All past changes,True,False,False,42.31943064670274,after
Yobe | Rice (local),2024-12-01,2025-03-01,3,Last 24 months only,False,False,True,47.80560749220674,after
Yobe | Yam,2024-12-01,2025-03-01,3,All past changes,True,False,False,81.88956134800088,after
Yobe | Yam,2024-12-01,2025-03-01,3,Last 24 months only,True,False,False,86.95662630836942,after
Borno | Millet,2025-01-01,2025-04-01,3,All past changes,False,False,True,60.219659418671114,after
Borno | Millet,2025-01-01,2025-04-01,3,Last 24 months only,False,False,True,66.08552398523086,after
Borno | Oil (palm),2025-01-01,2025-04-01,3,All past changes,True,False,False,33.60462447549435,after
Borno | Oil (palm),2025-01-01,2025-04-01,3,Last 24 months only,False,False,True,28.67497016959072,after
Borno | Rice (imported),2025-01-01,2025-04-01,3,All past changes,True,False,False,38.743083680687974,after
Borno | Rice (imported),2025-01-01,2025-04-01,3,Last 24 months only,False,False,True,40.695774231242765,after
Borno | Rice (local),2025-01-01,2025-04-01,3,All past changes,True,False,False,42.15197059949084,after
Borno | Rice (local),2025-01-01,2025-04-01,3,Last 24 months only,True,False,False,48.10685001565474,after
Borno | Yam,2025-01-01,2025-04-01,3,All past changes,True,False,False,81.73101253572345,after
Borno | Yam,2025-01-01,2025-04-01,3,Last 24 months only,True,False,False,86.95662630836942,after
Yobe | Millet,2025-01-01,2025-04-01,3,All past changes,False,False,True,60.219659418671114,after
Yobe | Millet,2025-01-01,2025-04-01,3,Last 24 months only,False,False,True,66.08552398523086,after
Yobe | Oil (palm),2025-01-01,2025-04-01,3,All past changes,True,False,False,33.60462447549435,after
Yobe | Oil (palm),2025-01-01,2025-04-01,3,Last 24 months only,False,False,True,28.67497016959072,after
Yobe | Rice (imported),2025-01-01,2025-04-01,3,All past changes,False,False,True,38.743083680687974,after
Yobe | Rice (imported),2025-01-01,2025-04-01,3,Last 24 months only,False,False,True,40.695774231242765,after
Yobe | Rice (local),2025-01-01,2025-04-01,3,All past changes,True,False,False,42.15197059949084,after
Yobe | Rice (local),2025-01-01,2025-04-01,3,Last 24 months only,False,False,True,48.10685001565474,after
Yobe | Yam,2025-01-01,2025-04-01,3,All past changes,True,False,False,81.73101253572345,after
Yobe | Yam,2025-01-01,2025-04-01,3,Last 24 months only,True,False,False,86.95662630836942,after
Borno | Millet,2025-02-01,2025-05-01,3,All past changes,True,False,False,59.54097674531966,after
Borno | Millet,2025-02-01,2025-05-01,3,Last 24 months only,False,False,True,65.43513087462385,after
Borno | Oil (palm),2025-02-01,2025-05-01,3,All past changes,True,False,False,33.632305514689456,after
Borno | Oil (palm),2025-02-01,2025-05-01,3,Last 24 months only,False,False,True,36.1605825340812,after
Borno | Rice (imported),2025-02-01,2025-05-01,3,All past changes,False,False,True,38.25327287220412,after
Borno | Rice (imported),2025-02-01,2025-05-01,3,Last 24 months only,False,False,True,38.94869150904391,after
Borno | Rice (local),2025-02-01,2025-05-01,3,All past changes,True,False,False,41.984693127224794,after
Borno | Rice (local),2025-02-01,2025-05-01,3,Last 24 months only,False,False,True,45.77413584463744,after
Borno | Yam,2025-02-01,2025-05-01,3,All past changes,True,False,False,81.5725469633416,after
Borno | Yam,2025-02-01,2025-05-01,3,Last 24 months only,True,False,False,82.26563352717784,after
Yobe | Millet,2025-02-01,2025-05-01,3,All past changes,True,False,False,59.54097674531966,after
Yobe | Millet,2025-02-01,2025-05-01,3,Last 24 months only,True,False,False,65.43513087462385,after
Yobe | Oil (palm),2025-02-01,2025-05-01,3,All past changes,True,False,False,33.632305514689456,after
Yobe | Oil (palm),2025-02-01,2025-05-01,3,Last 24 months only,True,False,False,36.1605825340812,after
Yobe | Rice (imported),2025-02-01,2025-05-01,3,All past changes,False,False,True,38.25327287220412,after
Yobe | Rice (imported),2025-02-01,2025-05-01,3,Last 24 months only,False,False,True,38.94869150904391,after
Yobe | Rice (local),2025-02-01,2025-05-01,3,All past changes,True,False,False,41.984693127224794,after
Yobe | Rice (local),2025-02-01,2025-05-01,3,Last 24 months only,False,False,True,45.77413584463744,after
Yobe | Yam,2025-02-01,2025-05-01,3,All past changes,True,False,False,81.5725469633416,after
Yobe | Yam,2025-02-01,2025-05-01,3,Last 24 months only,True,False,False,82.26563352717784,after
Borno | Millet,2025-03-01,2025-06-01,3,All past changes,True,False,False,59.25291832209783,after
Borno | Millet,2025-03-01,2025-06-01,3,Last 24 months only,True,False,False,68.85037495245172,after
Borno | Oil (palm),2025-03-01,2025-06-01,3,All past changes,True,False,False,33.95681832944967,after
Borno | Oil (palm),2025-03-01,2025-06-01,3,Last 24 months only,True,False,False,37.406040443102526,after
Borno | Rice (imported),2025-03-01,2025-06-01,3,All past changes,True,False,False,37.765312511881845,after
Borno | Rice (imported),2025-03-01,2025-06-01,3,Last 24 months only,True,False,False,42.05239264570015,after
Borno | Rice (local),2025-03-01,2025-06-01,3,All past changes,True,False,False,41.817598009814716,after
Borno | Rice (local),2025-03-01,2025-06-01,3,Last 24 months only,True,False,False,43.89445608474233,after
Borno | Yam,2025-03-01,2025-06-01,3,All past changes,True,False,False,81.4141645477907,after
Borno | Yam,2025-03-01,2025-06-01,3,Last 24 months only,False,False,True,80.85183640952502,after
Yobe | Millet,2025-03-01,2025-06-01,3,All past changes,True,False,False,59.25291832209783,after
Yobe | Millet,2025-03-01,2025-06-01,3,Last 24 months only,True,False,False,68.85037495245172,after
Yobe | Oil (palm),2025-03-01,2025-06-01,3,All past changes,True,False,False,33.95681832944967,after
Yobe | Oil (palm),2025-03-01,2025-06-01,3,Last 24 months only,True,False,False,37.406040443102526,after
Yobe | Rice (imported),2025-03-01,2025-06-01,3,All past changes,True,False,False,37.765312511881845,after
Yobe | Rice (imported),2025-03-01,2025-06-01,3,Last 24 months only,False,False,True,42.05239264570015,after
Yobe | Rice (local),2025-03-01,2025-06-01,3,All past changes,True,False,False,41.817598009814716,after
Yobe | Rice (local),2025-03-01,2025-06-01,3,Last 24 months only,True,False,False,43.89445608474233,after
Yobe | Yam,2025-03-01,2025-06-01,3,All past changes,True,False,False,81.4141645477907,after
Yobe | Yam,2025-03-01,2025-06-01,3,Last 24 months only,True,False,False,80.85183640952502,after
Borno | Millet,2025-04-01,2025-07-01,3,All past changes,True,False,False,58.85548422917984,after
Borno | Millet,2025-04-01,2025-07-01,3,Last 24 months only,True,False,False,73.71475433099295,after
Borno | Oil (palm),2025-04-01,2025-07-01,3,All past changes,True,False,False,33.873058301638494,after
Borno | Oil (palm),2025-04-01,2025-07-01,3,Last 24 months only,True,False,False,38.83296083080033,after
Borno | Rice (imported),2025-04-01,2025-07-01,3,All past changes,False,False,True,37.37051640060258,after
Borno | Rice (imported),2025-04-01,2025-07-01,3,Last 24 months only,True,False,False,46.18046558040506,after
Borno | Rice (local),2025-04-01,2025-07-01,3,All past changes,False,False,True,41.650685027432544,after
Borno | Rice (local),2025-04-01,2025-07-01,3,Last 24 months only,False,False,True,42.798598939279856,after
Borno | Yam,2025-04-01,2025-07-01,3,All past changes,True,False,False,81.25586520606333,after
Borno | Yam,2025-04-01,2025-07-01,3,Last 24 months only,True,False,False,80.85183640952502,after
Yobe | Millet,2025-04-01,2025-07-01,3,All past changes,True,False,False,58.85548422917984,after
Yobe | Millet,2025-04-01,2025-07-01,3,Last 24 months only,True,False,False,73.71475433099295,after
Yobe | Oil (palm),2025-04-01,2025-07-01,3,All past changes,True,False,False,33.873058301638494,after
Yobe | Oil (palm),2025-04-01,2025-07-01,3,Last 24 months only,True,False,False,38.83296083080033,after
Yobe | Rice (imported),2025-04-01,2025-07-01,3,All past changes,True,False,False,37.37051640060258,after
Yobe | Rice (imported),2025-04-01,2025-07-01,3,Last 24 months only,True,False,False,46.18046558040506,after
Yobe | Rice (local),2025-04-01,2025-07-01,3,All past changes,False,False,True,41.650685027432544,after
Yobe | Rice (local),2025-04-01,2025-07-01,3,Last 24 months only,False,False,True,42.798598939279856,after
Yobe | Yam,2025-04-01,2025-07-01,3,All past changes,True,False,False,81.25586520606333,after
Yobe | Yam,2025-04-01,2025-07-01,3,Last 24 months only,True,False,False,80.85183640952502,after
Borno | Millet,2025-05-01,2025-08-01,3,All past changes,True,False,False,58.20666129429941,after
Borno | Millet,2025-05-01,2025-08-01,3,Last 24 months only,True,False,False,73.71475433099295,after
Borno | Oil (palm),2025-05-01,2025-08-01,3,All past changes,True,False,False,33.72457506225671,after
Borno | Oil (palm),2025-05-01,2025-08-01,3,Last 24 months only,True,False,False,38.87215954286476,after
Borno | Rice (imported),2025-05-01,2025-08-01,3,All past changes,False,False,True,37.88090675243125,after
Borno | Rice (imported),2025-05-01,2025-08-01,3,Last 24 months only,True,False,False,51.16157867876997,after
Borno | Rice (local),2025-05-01,2025-08-01,3,All past changes,False,False,True,41.50188763354809,after
Borno | Rice (local),2025-05-01,2025-08-01,3,Last 24 months only,False,False,True,43.619769680045316,after
Borno | Yam,2025-05-01,2025-08-01,3,All past changes,True,False,False,80.81512235257715,after
Borno | Yam,2025-05-01,2025-08-01,3,Last 24 months only,False,False,True,80.85183640952502,after
Yobe | Millet,2025-05-01,2025-08-01,3,All past changes,True,False,False,58.20666129429941,after
Yobe | Millet,2025-05-01,2025-08-01,3,Last 24 months only,True,False,False,73.71475433099295,after
Yobe | Oil (palm),2025-05-01,2025-08-01,3,All past changes,True,False,False,33.72457506225671,after
Yobe | Oil (palm),2025-05-01,2025-08-01,3,Last 24 months only,False,False,True,38.87215954286476,after
Yobe | Rice (imported),2025-05-01,2025-08-01,3,All past changes,True,False,False,37.88090675243125,after
Yobe | Rice (imported),2025-05-01,2025-08-01,3,Last 24 months only,True,False,False,51.16157867876997,after
Yobe | Rice (local),2025-05-01,2025-08-01,3,All past changes,False,False,True,41.50188763354809,after
Yobe | Rice (local),2025-05-01,2025-08-01,3,Last 24 months only,False,False,True,43.619769680045316,after
Yobe | Yam,2025-05-01,2025-08-01,3,All past changes,True,False,False,80.81512235257715,after
Yobe | Yam,2025-05-01,2025-08-01,3,Last 24 months only,True,False,False,80.85183640952502,after
Borno | Millet,2025-06-01,2025-09-01,3,All past changes,True,False,False,57.52406923243758,after
Borno | Millet,2025-06-01,2025-09-01,3,Last 24 months only,True,False,False,72.37260676324297,after
Borno | Oil (palm),2025-06-01,2025-09-01,3,All past changes,True,False,False,33.5112727337256,after
Borno | Oil (palm),2025-06-01,2025-09-01,3,Last 24 months only,True,False,False,38.87215954286476,after
Borno | Rice (imported),2025-06-01,2025-09-01,3,All past changes,True,False,False,37.750984966228216,after
Borno | Rice (imported),2025-06-01,2025-09-01,3,Last 24 months only,True,False,False,48.64596661232316,after
Borno | Rice (local),2025-06-01,2025-09-01,3,All past changes,False,False,True,41.37112975353027,after
Borno | Rice (local),2025-06-01,2025-09-01,3,Last 24 months only,False,False,True,43.619769680045316,after
Borno | Yam,2025-06-01,2025-09-01,3,All past changes,True,False,False,80.09001891376987,after
Borno | Yam,2025-06-01,2025-09-01,3,Last 24 months only,True,False,False,77.42044038430961,after
Yobe | Millet,2025-06-01,2025-09-01,3,All past changes,False,False,True,57.52406923243758,after
Yobe | Millet,2025-06-01,2025-09-01,3,Last 24 months only,False,False,True,72.37260676324297,after
Yobe | Oil (palm),2025-06-01,2025-09-01,3,All past changes,True,False,False,33.5112727337256,after
Yobe | Oil (palm),2025-06-01,2025-09-01,3,Last 24 months only,False,False,True,38.87215954286476,after
Yobe | Rice (imported),2025-06-01,2025-09-01,3,All past changes,True,False,False,37.750984966228216,after
Yobe | Rice (imported),2025-06-01,2025-09-01,3,Last 24 months only,True,False,False,48.64596661232316,after
Yobe | Rice (local),2025-06-01,2025-09-01,3,All past changes,False,False,True,41.37112975353027,after
Yobe | Rice (local),2025-06-01,2025-09-01,3,Last 24 months only,False,False,True,43.619769680045316,after
Yobe | Yam,2025-06-01,2025-09-01,3,All past changes,True,False,False,80.09001891376987,after
Yobe | Yam,2025-06-01,2025-09-01,3,Last 24 months only,False,False,True,77.42044038430961,after
Borno | Millet,2025-07-01,2025-10-01,3,All past changes,False,False,True,56.84435945961306,after
Borno | Millet,2025-07-01,2025-10-01,3,Last 24 months only,False,False,True,71.31937968367168,after
Borno | Oil (palm),2025-07-01,2025-10-01,3,All past changes,True,False,False,33.29783803801083,after
Borno | Oil (palm),2025-07-01,2025-10-01,3,Last 24 months only,True,False,False,38.87215954286476,after
Borno | Rice (imported),2025-07-01,2025-10-01,3,All past changes,True,False,False,38.236716656896974,after
Borno | Rice (imported),2025-07-01,2025-10-01,3,Last 24 months only,True,False,False,45.24505658292372,after
Borno | Rice (local),2025-07-01,2025-10-01,3,All past changes,False,False,True,41.42856704510554,after
Borno | Rice (local),2025-07-01,2025-10-01,3,Last 24 months only,False,False,True,45.308028833726375,after
Borno | Yam,2025-07-01,2025-10-01,3,All past changes,True,False,False,79.3624272924775,after
Borno | Yam,2025-07-01,2025-10-01,3,Last 24 months only,True,False,False,68.62031141158037,after
Yobe | Millet,2025-07-01,2025-10-01,3,All past changes,False,False,True,56.84435945961306,after
Yobe | Millet,2025-07-01,2025-10-01,3,Last 24 months only,False,False,True,71.31937968367168,after
Yobe | Oil (palm),2025-07-01,2025-10-01,3,All past changes,True,False,False,33.29783803801083,after
Yobe | Oil (palm),2025-07-01,2025-10-01,3,Last 24 months only,True,False,False,38.87215954286476,after
Yobe | Rice (imported),2025-07-01,2025-10-01,3,All past changes,False,False,True,38.236716656896974,after
Yobe | Rice (imported),2025-07-01,2025-10-01,3,Last 24 months only,False,False,True,45.24505658292372,after
Yobe | Rice (local),2025-07-01,2025-10-01,3,All past changes,False,False,True,41.42856704510554,after
Yobe | Rice (local),2025-07-01,2025-10-01,3,Last 24 months only,False,False,True,45.308028833726375,after
Yobe | Yam,2025-07-01,2025-10-01,3,All past changes,False,False,True,79.3624272924775,after
Yobe | Yam,2025-07-01,2025-10-01,3,Last 24 months only,False,False,True,68.62031141158037,after
Borno | Millet,2025-08-01,2025-11-01,3,All past changes,True,False,False,56.16751857724045,after
Borno | Millet,2025-08-01,2025-11-01,3,Last 24 months only,True,False,False,63.84333845484262,after
Borno | Oil (palm),2025-08-01,2025-11-01,3,All past changes,True,False,False,33.08427065686818,after
Borno | Oil (palm),2025-08-01,2025-11-01,3,Last 24 months only,True,False,False,39.459578691235045,after
Borno | Rice (imported),2025-08-01,2025-11-01,3,All past changes,False,False,True,38.01135038682351,after
Borno | Rice (imported),2025-08-01,2025-11-01,3,Last 24 months only,False,False,True,43.87879818756243,after
Borno | Rice (local),2025-08-01,2025-11-01,3,All past changes,False,False,True,41.84367312664092,after
Borno | Rice (local),2025-08-01,2025-11-01,3,Last 24 months only,False,False,True,47.00095921817411,after
Borno | Yam,2025-08-01,2025-11-01,3,All past changes,True,False,False,78.63232928956643,after
Borno | Yam,2025-08-01,2025-11-01,3,Last 24 months only,True,False,False,64.06424226842249,after
Yobe | Millet,2025-08-01,2025-11-01,3,All past changes,False,False,True,56.16751857724045,after
Yobe | Millet,2025-08-01,2025-11-01,3,Last 24 months only,False,False,True,63.84333845484262,after
Yobe | Oil (palm),2025-08-01,2025-11-01,3,All past changes,True,False,False,33.08427065686818,after
Yobe | Oil (palm),2025-08-01,2025-11-01,3,Last 24 months only,True,False,False,39.459578691235045,after
Yobe | Rice (imported),2025-08-01,2025-11-01,3,All past changes,False,False,True,38.01135038682351,after
Yobe | Rice (imported),2025-08-01,2025-11-01,3,Last 24 months only,False,False,True,43.87879818756243,after
Yobe | Rice (local),2025-08-01,2025-11-01,3,All past changes,False,False,True,41.84367312664092,after
Yobe | Rice (local),2025-08-01,2025-11-01,3,Last 24 months only,False,False,True,47.00095921817411,after
Yobe | Yam,2025-08-01,2025-11-01,3,All past changes,True,False,False,78.63232928956643,after
Yobe | Yam,2025-08-01,2025-11-01,3,Last 24 months only,False,False,True,64.06424226842249,after
Borno | Millet,2025-09-01,2025-12-01,3,All past changes,True,False,False,55.72872147325143,after
Borno | Millet,2025-09-01,2025-12-01,3,Last 24 months only,True,False,False,65.33599469201208,after
Borno | Oil (palm),2025-09-01,2025-12-01,3,All past changes,False,True,False,32.87057027167165,after
Borno | Oil (palm),2025-09-01,2025-12-01,3,Last 24 months only,True,False,False,40.589736329686986,after
Borno | Rice (imported),2025-09-01,2025-12-01,3,All past changes,False,False,True,37.6787861128823,after
Borno | Rice (imported),2025-09-01,2025-12-01,3,Last 24 months only,False,False,True,43.87879818756243,after
Borno | Rice (local),2025-09-01,2025-12-01,3,All past changes,False,False,True,42.54577258202173,after
Borno | Rice (local),2025-09-01,2025-12-01,3,Last 24 months only,False,False,True,48.68041255261273,after
Borno | Yam,2025-09-01,2025-12-01,3,All past changes,True,False,False,77.89970659992396,after
Borno | Yam,2025-09-01,2025-12-01,3,Last 24 months only,True,False,False,57.659612723924305,after
Yobe | Millet,2025-09-01,2025-12-01,3,All past changes,False,False,True,55.72872147325143,after
Yobe | Millet,2025-09-01,2025-12-01,3,Last 24 months only,True,False,False,65.33599469201208,after
Yobe | Oil (palm),2025-09-01,2025-12-01,3,All past changes,True,False,False,32.87057027167165,after
Yobe | Oil (palm),2025-09-01,2025-12-01,3,Last 24 months only,True,False,False,40.589736329686986,after
Yobe | Rice (imported),2025-09-01,2025-12-01,3,All past changes,False,False,True,37.6787861128823,after
Yobe | Rice (imported),2025-09-01,2025-12-01,3,Last 24 months only,False,False,True,43.87879818756243,after
Yobe | Rice (local),2025-09-01,2025-12-01,3,All past changes,False,False,True,42.54577258202173,after
Yobe | Rice (local),2025-09-01,2025-12-01,3,Last 24 months only,False,False,True,48.68041255261273,after
Yobe | Yam,2025-09-01,2025-12-01,3,All past changes,True,False,False,77.89970659992396,after
Yobe | Yam,2025-09-01,2025-12-01,3,Last 24 months only,False,False,True,57.659612723924305,after
Borno | Millet,2025-10-01,2026-01-01,3,All past changes,True,False,False,56.83796054593267,after
Borno | Millet,2025-10-01,2026-01-01,3,Last 24 months only,True,False,False,67.06273010849083,after
Borno | Oil (palm),2025-10-01,2026-01-01,3,All past changes,True,False,False,32.69394455822302,after
Borno | Oil (palm),2025-10-01,2026-01-01,3,Last 24 months only,False,False,True,40.589736329686986,after
Borno | Rice (imported),2025-10-01,2026-01-01,3,All past changes,False,False,True,38.40163913102978,after
Borno | Rice (imported),2025-10-01,2026-01-01,3,Last 24 months only,False,False,True,45.24505658292372,after
Borno | Rice (local),2025-10-01,2026-01-01,3,All past changes,False,False,True,42.734430513189736,after
Borno | Rice (local),2025-10-01,2026-01-01,3,Last 24 months only,False,False,True,49.16665982751992,after
Borno | Yam,2025-10-01,2026-01-01,3,All past changes,True,False,False,79.63388600033332,after
Borno | Yam,2025-10-01,2026-01-01,3,Last 24 months only,True,False,False,58.36244752479224,after
Yobe | Millet,2025-10-01,2026-01-01,3,All past changes,True,False,False,56.83796054593267,after
Yobe | Millet,2025-10-01,2026-01-01,3,Last 24 months only,True,False,False,67.06273010849083,after
Yobe | Oil (palm),2025-10-01,2026-01-01,3,All past changes,True,False,False,32.69394455822302,after
Yobe | Oil (palm),2025-10-01,2026-01-01,3,Last 24 months only,False,False,True,40.589736329686986,after
Yobe | Rice (imported),2025-10-01,2026-01-01,3,All past changes,False,True,False,38.40163913102978,after
Yobe | Rice (imported),2025-10-01,2026-01-01,3,Last 24 months only,False,True,False,45.24505658292372,after
Yobe | Rice (local),2025-10-01,2026-01-01,3,All past changes,False,False,True,42.734430513189736,after
Yobe | Rice (local),2025-10-01,2026-01-01,3,Last 24 months only,False,False,True,49.16665982751992,after
Yobe | Yam,2025-10-01,2026-01-01,3,All past changes,True,False,False,79.63388600033332,after
Yobe | Yam,2025-10-01,2026-01-01,3,Last 24 months only,True,False,False,58.36244752479224,after
Borno | Millet,2025-11-01,2026-02-01,3,All past changes,True,False,False,57.636572889457526,after
Borno | Millet,2025-11-01,2026-02-01,3,Last 24 months only,True,False,False,66.99122553827269,after
Borno | Oil (palm),2025-11-01,2026-02-01,3,All past changes,True,False,False,32.55455213416446,after
Borno | Oil (palm),2025-11-01,2026-02-01,3,Last 24 months only,True,False,False,39.72584197843726,after
Borno | Rice (imported),2025-11-01,2026-02-01,3,All past changes,True,False,False,39.76442692338259,after
Borno | Rice (imported),2025-11-01,2026-02-01,3,Last 24 months only,True,False,False,49.874577597174806,after
Borno | Rice (local),2025-11-01,2026-02-01,3,All past changes,True,False,False,43.10875249290608,after
Borno | Rice (local),2025-11-01,2026-02-01,3,Last 24 months only,True,False,False,49.2572986451332,after
Borno | Yam,2025-11-01,2026-02-01,3,All past changes,True,False,False,79.05155669438399,after
Borno | Yam,2025-11-01,2026-02-01,3,Last 24 months only,True,False,False,58.21698370536696,after
Yobe | Millet,2025-11-01,2026-02-01,3,All past changes,True,False,False,57.636572889457526,after
Yobe | Millet,2025-11-01,2026-02-01,3,Last 24 months only,True,False,False,66.99122553827269,after
Yobe | Oil (palm),2025-11-01,2026-02-01,3,All past changes,True,False,False,32.55455213416446,after
Yobe | Oil (palm),2025-11-01,2026-02-01,3,Last 24 months only,False,False,True,39.72584197843726,after
Yobe | Rice (imported),2025-11-01,2026-02-01,3,All past changes,True,False,False,39.76442692338259,after
Yobe | Rice (imported),2025-11-01,2026-02-01,3,Last 24 months only,True,False,False,49.874577597174806,after
Yobe | Rice (local),2025-11-01,2026-02-01,3,All past changes,True,False,False,43.10875249290608,after
Yobe | Rice (local),2025-11-01,2026-02-01,3,Last 24 months only,True,False,False,49.2572986451332,after
Yobe | Yam,2025-11-01,2026-02-01,3,All past changes,True,False,False,79.05155669438399,after
Yobe | Yam,2025-11-01,2026-02-01,3,Last 24 months only,True,False,False,58.21698370536696,after
Borno | Millet,2025-12-01,2026-03-01,3,All past changes,True,False,False,57.26603959099319,after
Borno | Millet,2025-12-01,2026-03-01,3,Last 24 months only,True,False,False,66.99122553827269,after
Borno | Oil (palm),2025-12-01,2026-03-01,3,All past changes,False,False,True,32.88759251800786,after
Borno | Oil (palm),2025-12-01,2026-03-01,3,Last 24 months only,False,False,True,40.99016902783027,after
Borno | Rice (imported),2025-12-01,2026-03-01,3,All past changes,True,False,False,41.03939743391766,after
Borno | Rice (imported),2025-12-01,2026-03-01,3,Last 24 months only,True,False,False,50.959541419644324,after
Borno | Rice (local),2025-12-01,2026-03-01,3,All past changes,True,False,False,43.13778110777798,after
Borno | Rice (local),2025-12-01,2026-03-01,3,Last 24 months only,True,False,False,50.54746844328783,after
Borno | Yam,2025-12-01,2026-03-01,3,All past changes,True,False,False,78.46641624192733,after
Borno | Yam,2025-12-01,2026-03-01,3,Last 24 months only,True,False,False,54.77194542715079,after
Yobe | Millet,2025-12-01,2026-03-01,3,All past changes,True,False,False,57.26603959099319,after
Yobe | Millet,2025-12-01,2026-03-01,3,Last 24 months only,True,False,False,66.99122553827269,after
Yobe | Oil (palm),2025-12-01,2026-03-01,3,All past changes,False,False,True,32.88759251800786,after
Yobe | Oil (palm),2025-12-01,2026-03-01,3,Last 24 months only,False,False,True,40.99016902783027,after
Yobe | Rice (imported),2025-12-01,2026-03-01,3,All past changes,True,False,False,41.03939743391766,after
Yobe | Rice (imported),2025-12-01,2026-03-01,3,Last 24 months only,True,False,False,50.959541419644324,after
Yobe | Rice (local),2025-12-01,2026-03-01,3,All past changes,True,False,False,43.13778110777798,after
Yobe | Rice (local),2025-12-01,2026-03-01,3,Last 24 months only,True,False,False,50.54746844328783,after
Yobe | Yam,2025-12-01,2026-03-01,3,All past changes,True,False,False,78.46641624192733,after
Yobe | Yam,2025-12-01,2026-03-01,3,Last 24 months only,True,False,False,54.77194542715079,after
Borno | Millet,2026-01-01,2026-04-01,3,All past changes,True,False,False,56.89499934456328,after
Borno | Millet,2026-01-01,2026-04-01,3,Last 24 months only,True,False,False,66.99122553827269,after
Borno | Oil (palm),2026-01-01,2026-04-01,3,All past changes,True,False,False,32.769776969432684,after
Borno | Oil (palm),2026-01-01,2026-04-01,3,Last 24 months only,True,False,False,42.31793170693289,after
Borno | Rice (imported),2026-01-01,2026-04-01,3,All past changes,False,True,False,41.55820391209657,after
Borno | Rice (imported),2026-01-01,2026-04-01,3,Last 24 months only,False,True,False,51.223234777646276,after
Borno | Rice (local),2026-01-01,2026-04-01,3,All past changes,True,False,False,42.99693683880952,after
Borno | Rice (local),2026-01-01,2026-04-01,3,Last 24 months only,True,False,False,52.2181578468892,after
Borno | Yam,2026-01-01,2026-04-01,3,All past changes,True,False,False,77.87844702178145,after
Borno | Yam,2026-01-01,2026-04-01,3,Last 24 months only,True,False,False,54.484531932381245,after
Yobe | Millet,2026-01-01,2026-04-01,3,All past changes,True,False,False,56.89499934456328,after
Yobe | Millet,2026-01-01,2026-04-01,3,Last 24 months only,True,False,False,66.99122553827269,after
Yobe | Oil (palm),2026-01-01,2026-04-01,3,All past changes,False,False,True,32.769776969432684,after
Yobe | Oil (palm),2026-01-01,2026-04-01,3,Last 24 months only,False,False,True,42.31793170693289,after
Yobe | Rice (imported),2026-01-01,2026-04-01,3,All past changes,True,False,False,41.55820391209657,after
Yobe | Rice (imported),2026-01-01,2026-04-01,3,Last 24 months only,True,False,False,51.223234777646276,after
Yobe | Rice (local),2026-01-01,2026-04-01,3,All past changes,True,False,False,42.99693683880952,after
Yobe | Rice (local),2026-01-01,2026-04-01,3,Last 24 months only,True,False,False,52.2181578468892,after
Yobe | Yam,2026-01-01,2026-04-01,3,All past changes,True,False,False,77.87844702178145,after
Yobe | Yam,2026-01-01,2026-04-01,3,Last 24 months only,True,False,False,54.484531932381245,after
Borno | Millet,2026-02-01,2026-05-01,3,All past changes,True,False,False,56.523450048472,after
Borno | Millet,2026-02-01,2026-05-01,3,Last 24 months only,True,False,False,62.92997249821649,after
Borno | Oil (palm),2026-02-01,2026-05-01,3,All past changes,True,False,False,32.652005847256675,after
Borno | Oil (palm),2026-02-01,2026-05-01,3,Last 24 months only,True,False,False,42.72193008017797,after
Borno | Rice (imported),2026-02-01,2026-05-01,3,All past changes,False,False,True,41.428677709433906,after
Borno | Rice (imported),2026-02-01,2026-05-01,3,Last 24 months only,False,False,True,47.33439429005315,after
Borno | Rice (local),2026-02-01,2026-05-01,3,All past changes,True,False,False,42.746979445513254,after
Borno | Rice (local),2026-02-01,2026-05-01,3,Last 24 months only,True,False,False,43.721651335246825,after
Borno | Yam,2026-02-01,2026-05-01,3,All past changes,True,False,False,77.28763130582472,after
Borno | Yam,2026-02-01,2026-05-01,3,Last 24 months only,True,False,False,54.484531932381245,after
Yobe | Millet,2026-02-01,2026-05-01,3,All past changes,True,False,False,56.523450048472,after
Yobe | Millet,2026-02-01,2026-05-01,3,Last 24 months only,True,False,False,62.92997249821649,after
Yobe | Oil (palm),2026-02-01,2026-05-01,3,All past changes,True,False,False,32.652005847256675,after
Yobe | Oil (palm),2026-02-01,2026-05-01,3,Last 24 months only,True,False,False,42.72193008017797,after
Yobe | Rice (imported),2026-02-01,2026-05-01,3,All past changes,True,False,False,41.428677709433906,after
Yobe | Rice (imported),2026-02-01,2026-05-01,3,Last 24 months only,True,False,False,47.33439429005315,after
Yobe | Rice (local),2026-02-01,2026-05-01,3,All past changes,True,False,False,42.746979445513254,after
Yobe | Rice (local),2026-02-01,2026-05-01,3,Last 24 months only,True,False,False,43.721651335246825,after
Yobe | Yam,2026-02-01,2026-05-01,3,All past changes,True,False,False,77.28763130582472,after
Yobe | Yam,2026-02-01,2026-05-01,3,Last 24 months only,True,False,False,54.484531932381245,after
Borno | Millet,2026-03-01,2026-06-01,3,All past changes,True,False,False,56.24276320035177,after
Borno | Millet,2026-03-01,2026-06-01,3,Last 24 months only,True,False,False,53.17486802065824,after
Borno | Oil (palm),2026-03-01,2026-06-01,3,All past changes,True,False,False,33.295162547856194,after
Borno | Oil (palm),2026-03-01,2026-06-01,3,Last 24 months only,True,False,False,44.4180019908928,after
Borno | Rice (imported),2026-03-01,2026-06-01,3,All past changes,False,False,True,41.29908631793361,after
Borno | Rice (imported),2026-03-01,2026-06-01,3,Last 24 months only,False,False,True,41.683226640873805,after
Borno | Rice (local),2026-03-01,2026-06-01,3,All past changes,True,False,False,42.59891500794789,after
Borno | Rice (local),2026-03-01,2026-06-01,3,Last 24 months only,False,True,False,38.79515933490708,after
Borno | Yam,2026-03-01,2026-06-01,3,All past changes,True,False,False,76.85898491171122,after
Borno | Yam,2026-03-01,2026-06-01,3,Last 24 months only,True,False,False,51.82113045286939,after
Yobe | Millet,2026-03-01,2026-06-01,3,All past changes,True,False,False,56.24276320035177,after
Yobe | Millet,2026-03-01,2026-06-01,3,Last 24 months only,False,True,False,53.17486802065824,after
Yobe | Oil (palm),2026-03-01,2026-06-01,3,All past changes,True,False,False,33.295162547856194,after
Yobe | Oil (palm),2026-03-01,2026-06-01,3,Last 24 months only,True,False,False,44.4180019908928,after
Yobe | Rice (imported),2026-03-01,2026-06-01,3,All past changes,True,False,False,41.29908631793361,after
Yobe | Rice (imported),2026-03-01,2026-06-01,3,Last 24 months only,True,False,False,41.683226640873805,after
Yobe | Rice (local),2026-03-01,2026-06-01,3,All past changes,True,False,False,42.59891500794789,after
Yobe | Rice (local),2026-03-01,2026-06-01,3,Last 24 months only,True,False,False,38.79515933490708,after
Yobe | Yam,2026-03-01,2026-06-01,3,All past changes,True,False,False,76.85898491171122,after
Yobe | Yam,2026-03-01,2026-06-01,3,Last 24 months only,True,False,False,51.82113045286939,after
Borno | Millet,2026-04-01,2026-07-01,3,All past changes,True,False,False,56.05351177890525,after
Borno | Millet,2026-04-01,2026-07-01,3,Last 24 months only,True,False,False,53.21473312680155,after
Borno | Oil (palm),2026-04-01,2026-07-01,3,All past changes,True,False,False,33.38480241076732,after
Borno | Oil (palm),2026-04-01,2026-07-01,3,Last 24 months only,True,False,False,44.4180019908928,after
Borno | Rice (imported),2026-04-01,2026-07-01,3,All past changes,False,False,True,41.68844902733664,after
Borno | Rice (imported),2026-04-01,2026-07-01,3,Last 24 months only,False,False,True,41.683226640873805,after
Borno | Rice (local),2026-04-01,2026-07-01,3,All past changes,True,False,False,42.55240953401863,after
Borno | Rice (local),2026-04-01,2026-07-01,3,Last 24 months only,True,False,False,38.06398269915297,after
Borno | Yam,2026-04-01,2026-07-01,3,All past changes,True,False,False,76.59498755355526,after
Borno | Yam,2026-04-01,2026-07-01,3,Last 24 months only,True,False,False,46.75159129083131,after
Yobe | Millet,2026-04-01,2026-07-01,3,All past changes,True,False,False,56.05351177890525,after
Yobe | Millet,2026-04-01,2026-07-01,3,Last 24 months only,True,False,False,53.21473312680155,after
Yobe | Oil (palm),2026-04-01,2026-07-01,3,All past changes,False,True,False,33.38480241076732,after
Yobe | Oil (palm),2026-04-01,2026-07-01,3,Last 24 months only,True,False,False,44.4180019908928,after
Yobe | Rice (imported),2026-04-01,2026-07-01,3,All past changes,True,False,False,41.68844902733664,after
Yobe | Rice (imported),2026-04-01,2026-07-01,3,Last 24 months only,True,False,False,41.683226640873805,after
Yobe | Rice (local),2026-04-01,2026-07-01,3,All past changes,True,False,False,42.55240953401863,after
Yobe | Rice (local),2026-04-01,2026-07-01,3,Last 24 months only,True,False,False,38.06398269915297,after
Yobe | Yam,2026-04-01,2026-07-01,3,All past changes,True,False,False,76.59498755355526,after
Yobe | Yam,2026-04-01,2026-07-01,3,Last 24 months only,True,False,False,46.75159129083131,after
Borno | Millet,2026-05-01,2026-08-01,3,All past changes,True,False,False,55.86451323394188,after
Borno | Millet,2026-05-01,2026-08-01,3,Last 24 months only,True,False,False,49.73813464269185,after
Borno | Oil (palm),2026-05-01,2026-08-01,3,All past changes,True,False,False,33.24238672648012,after
Borno | Oil (palm),2026-05-01,2026-08-01,3,Last 24 months only,True,False,False,44.4180019908928,after
Borno | Rice (imported),2026-05-01,2026-08-01,3,All past changes,True,False,False,41.68786184192839,after
Borno | Rice (imported),2026-05-01,2026-08-01,3,Last 24 months only,True,False,False,41.944264056729274,after
Borno | Rice (local),2026-05-01,2026-08-01,3,All past changes,True,False,False,42.50590764866078,after
Borno | Rice (local),2026-05-01,2026-08-01,3,Last 24 months only,True,False,False,38.79515933490708,after
Borno | Yam,2026-05-01,2026-08-01,3,All past changes,True,False,False,76.33143450915756,after
Borno | Yam,2026-05-01,2026-08-01,3,Last 24 months only,True,False,False,34.71677380390123,after
Yobe | Millet,2026-05-01,2026-08-01,3,All past changes,True,False,False,55.86451323394188,after
Yobe | Millet,2026-05-01,2026-08-01,3,Last 24 months only,True,False,False,49.73813464269185,after
Yobe | Oil (palm),2026-05-01,2026-08-01,3,All past changes,False,True,False,33.24238672648012,after
Yobe | Oil (palm),2026-05-01,2026-08-01,3,Last 24 months only,False,True,False,44.4180019908928,after
Yobe | Rice (imported),2026-05-01,2026-08-01,3,All past changes,True,False,False,41.68786184192839,after
Yobe | Rice (imported),2026-05-01,2026-08-01,3,Last 24 months only,True,False,False,41.944264056729274,after
Yobe | Rice (local),2026-05-01,2026-08-01,3,All past changes,True,False,False,42.50590764866078,after
Yobe | Rice (local),2026-05-01,2026-08-01,3,Last 24 months only,True,False,False,38.79515933490708,after
Yobe | Yam,2026-05-01,2026-08-01,3,All past changes,True,False,False,76.33143450915756,after
Yobe | Yam,2026-05-01,2026-08-01,3,Last 24 months only,True,False,False,34.71677380390123,after
Borno | Millet,2026-06-01,2026-09-01,3,All past changes,True,False,False,55.67576721782548,after
Borno | Millet,2026-06-01,2026-09-01,3,Last 24 months only,True,False,False,49.50360452085333,after
Borno | Oil (palm),2026-06-01,2026-09-01,3,All past changes,True,False,False,33.10004647413469,after
Borno | Oil (palm),2026-06-01,2026-09-01,3,Last 24 months only,True,False,False,44.4180019908928,after
Borno | Rice (imported),2026-06-01,2026-09-01,3,All past changes,True,False,False,42.20496392218113,after
Borno | Rice (imported),2026-06-01,2026-09-01,3,Last 24 months only,True,False,False,42.76420977438995,after
Borno | Rice (local),2026-06-01,2026-09-01,3,All past changes,True,False,False,42.45940934959946,after
Borno | Rice (local),2026-06-01,2026-09-01,3,Last 24 months only,True,False,False,40.05593084858622,after
Borno | Yam,2026-06-01,2026-09-01,3,All past changes,True,False,False,76.06832503072776,after
Borno | Yam,2026-06-01,2026-09-01,3,Last 24 months only,True,False,False,33.05494817887347,after
Borno | Millet,2021-01-01,2021-07-01,6,All past changes,True,False,False,79.88723868272794,before shock
Borno | Millet,2021-01-01,2021-07-01,6,Last 24 months only,False,True,False,48.61489276350732,before shock
Borno | Oil (palm),2021-01-01,2021-07-01,6,All past changes,True,False,False,42.49926412432916,before shock
Borno | Oil (palm),2021-01-01,2021-07-01,6,Last 24 months only,True,False,False,33.281203592341704,before shock
Borno | Rice (imported),2021-01-01,2021-07-01,6,All past changes,True,False,False,41.73284733857343,before shock
Borno | Rice (imported),2021-01-01,2021-07-01,6,Last 24 months only,True,False,False,30.171452400827548,before shock
Borno | Rice (local),2021-01-01,2021-07-01,6,All past changes,True,False,False,68.48919951116834,before shock
Borno | Rice (local),2021-01-01,2021-07-01,6,Last 24 months only,True,False,False,46.51977727236307,before shock
Borno | Yam,2021-01-01,2021-07-01,6,All past changes,True,False,False,104.15654149765223,before shock
Borno | Yam,2021-01-01,2021-07-01,6,Last 24 months only,True,False,False,68.71399086803784,before shock
Yobe | Millet,2021-01-01,2021-07-01,6,All past changes,True,False,False,79.88723868272794,before shock
Yobe | Millet,2021-01-01,2021-07-01,6,Last 24 months only,False,True,False,48.61489276350732,before shock
Yobe | Oil (palm),2021-01-01,2021-07-01,6,All past changes,True,False,False,42.49926412432916,before shock
Yobe | Oil (palm),2021-01-01,2021-07-01,6,Last 24 months only,True,False,False,33.281203592341704,before shock
Yobe | Rice (imported),2021-01-01,2021-07-01,6,All past changes,True,False,False,41.73284733857343,before shock
Yobe | Rice (imported),2021-01-01,2021-07-01,6,Last 24 months only,True,False,False,30.171452400827548,before shock
Yobe | Rice (local),2021-01-01,2021-07-01,6,All past changes,True,False,False,68.48919951116834,before shock
Yobe | Rice (local),2021-01-01,2021-07-01,6,Last 24 months only,True,False,False,46.51977727236307,before shock
Yobe | Yam,2021-01-01,2021-07-01,6,All past changes,True,False,False,104.15654149765223,before shock
Yobe | Yam,2021-01-01,2021-07-01,6,Last 24 months only,True,False,False,68.71399086803784,before shock
Borno | Millet,2021-02-01,2021-08-01,6,All past changes,True,False,False,78.91373748893592,before shock
Borno | Millet,2021-02-01,2021-08-01,6,Last 24 months only,False,True,False,46.719235892970936,before shock
Borno | Oil (palm),2021-02-01,2021-08-01,6,All past changes,True,False,False,42.46379433059564,before shock
Borno | Oil (palm),2021-02-01,2021-08-01,6,Last 24 months only,True,False,False,34.52850553288125,before shock
Borno | Rice (imported),2021-02-01,2021-08-01,6,All past changes,True,False,False,41.08870965443842,before shock
Borno | Rice (imported),2021-02-01,2021-08-01,6,Last 24 months only,True,False,False,29.621917820491383,before shock
Borno | Rice (local),2021-02-01,2021-08-01,6,All past changes,True,False,False,66.038551643124,before shock
Borno | Rice (local),2021-02-01,2021-08-01,6,Last 24 months only,True,False,False,48.92976192143611,before shock
Borno | Yam,2021-02-01,2021-08-01,6,All past changes,True,False,False,103.75730388951668,before shock
Borno | Yam,2021-02-01,2021-08-01,6,Last 24 months only,True,False,False,68.71399086803784,before shock
Yobe | Millet,2021-02-01,2021-08-01,6,All past changes,True,False,False,78.91373748893592,before shock
Yobe | Millet,2021-02-01,2021-08-01,6,Last 24 months only,False,True,False,46.719235892970936,before shock
Yobe | Oil (palm),2021-02-01,2021-08-01,6,All past changes,True,False,False,42.46379433059564,before shock
Yobe | Oil (palm),2021-02-01,2021-08-01,6,Last 24 months only,True,False,False,34.52850553288125,before shock
Yobe | Rice (imported),2021-02-01,2021-08-01,6,All past changes,True,False,False,41.08870965443842,before shock
Yobe | Rice (imported),2021-02-01,2021-08-01,6,Last 24 months only,True,False,False,29.621917820491383,before shock
Yobe | Rice (local),2021-02-01,2021-08-01,6,All past changes,True,False,False,66.038551643124,before shock
Yobe | Rice (local),2021-02-01,2021-08-01,6,Last 24 months only,True,False,False,48.92976192143611,before shock
Yobe | Yam,2021-02-01,2021-08-01,6,All past changes,True,False,False,103.75730388951668,before shock
Yobe | Yam,2021-02-01,2021-08-01,6,Last 24 months only,True,False,False,68.71399086803784,before shock
Borno | Millet,2021-03-01,2021-09-01,6,All past changes,True,False,False,77.94661116936365,before shock
Borno | Millet,2021-03-01,2021-09-01,6,Last 24 months only,True,False,False,52.23502384003245,before shock
Borno | Oil (palm),2021-03-01,2021-09-01,6,All past changes,True,False,False,42.17308449827487,before shock
Borno | Oil (palm),2021-03-01,2021-09-01,6,Last 24 months only,True,False,False,34.46100858387725,before shock
Borno | Rice (imported),2021-03-01,2021-09-01,6,All past changes,True,False,False,40.44303437935541,before shock
Borno | Rice (imported),2021-03-01,2021-09-01,6,Last 24 months only,False,False,True,29.104324829105888,before shock
Borno | Rice (local),2021-03-01,2021-09-01,6,All past changes,True,False,False,63.60435544888482,before shock
Borno | Rice (local),2021-03-01,2021-09-01,6,Last 24 months only,True,False,False,46.98319320888309,before shock
Borno | Yam,2021-03-01,2021-09-01,6,All past changes,True,False,False,103.35887213779688,before shock
Borno | Yam,2021-03-01,2021-09-01,6,Last 24 months only,True,False,False,68.71399086803784,before shock
Yobe | Millet,2021-03-01,2021-09-01,6,All past changes,True,False,False,77.94661116936365,before shock
Yobe | Millet,2021-03-01,2021-09-01,6,Last 24 months only,True,False,False,52.23502384003245,before shock
Yobe | Oil (palm),2021-03-01,2021-09-01,6,All past changes,True,False,False,42.17308449827487,before shock
Yobe | Oil (palm),2021-03-01,2021-09-01,6,Last 24 months only,True,False,False,34.46100858387725,before shock
Yobe | Rice (imported),2021-03-01,2021-09-01,6,All past changes,True,False,False,40.44303437935541,before shock
Yobe | Rice (imported),2021-03-01,2021-09-01,6,Last 24 months only,True,False,False,29.104324829105888,before shock
Yobe | Rice (local),2021-03-01,2021-09-01,6,All past changes,True,False,False,63.60435544888482,before shock
Yobe | Rice (local),2021-03-01,2021-09-01,6,Last 24 months only,True,False,False,46.98319320888309,before shock
Yobe | Yam,2021-03-01,2021-09-01,6,All past changes,True,False,False,103.35887213779688,before shock
Yobe | Yam,2021-03-01,2021-09-01,6,Last 24 months only,True,False,False,68.71399086803784,before shock
Borno | Millet,2021-04-01,2021-10-01,6,All past changes,True,False,False,81.83569594055217,before shock
Borno | Millet,2021-04-01,2021-10-01,6,Last 24 months only,True,False,False,69.98082184895232,before shock
Borno | Oil (palm),2021-04-01,2021-10-01,6,All past changes,True,False,False,42.37578679724198,before shock
Borno | Oil (palm),2021-04-01,2021-10-01,6,Last 24 months only,True,False,False,34.41761220494636,before shock
Borno | Rice (imported),2021-04-01,2021-10-01,6,All past changes,True,False,False,40.9092873536967,before shock
Borno | Rice (imported),2021-04-01,2021-10-01,6,Last 24 months only,True,False,False,29.675262469025444,before shock
Borno | Rice (local),2021-04-01,2021-10-01,6,All past changes,True,False,False,69.84718847766412,before shock
Borno | Rice (local),2021-04-01,2021-10-01,6,Last 24 months only,True,False,False,46.3055796442455,before shock
Borno | Yam,2021-04-01,2021-10-01,6,All past changes,True,False,False,104.80126734981931,before shock
Borno | Yam,2021-04-01,2021-10-01,6,Last 24 months only,True,False,False,74.86513529858117,before shock
Yobe | Millet,2021-04-01,2021-10-01,6,All past changes,True,False,False,81.83569594055217,before shock
Yobe | Millet,2021-04-01,2021-10-01,6,Last 24 months only,True,False,False,69.98082184895232,before shock
Yobe | Oil (palm),2021-04-01,2021-10-01,6,All past changes,False,True,False,42.37578679724198,before shock
Yobe | Oil (palm),2021-04-01,2021-10-01,6,Last 24 months only,False,True,False,34.41761220494636,before shock
Yobe | Rice (imported),2021-04-01,2021-10-01,6,All past changes,True,False,False,40.9092873536967,before shock
Yobe | Rice (imported),2021-04-01,2021-10-01,6,Last 24 months only,True,False,False,29.675262469025444,before shock
Yobe | Rice (local),2021-04-01,2021-10-01,6,All past changes,True,False,False,69.84718847766412,before shock
Yobe | Rice (local),2021-04-01,2021-10-01,6,Last 24 months only,True,False,False,46.3055796442455,before shock
Yobe | Yam,2021-04-01,2021-10-01,6,All past changes,False,False,True,104.80126734981931,before shock
Yobe | Yam,2021-04-01,2021-10-01,6,Last 24 months only,False,False,True,74.86513529858117,before shock
Borno | Millet,2021-05-01,2021-11-01,6,All past changes,True,False,False,80.90881393887788,before shock
Borno | Millet,2021-05-01,2021-11-01,6,Last 24 months only,True,False,False,69.70633715597884,before shock
Borno | Oil (palm),2021-05-01,2021-11-01,6,All past changes,True,False,False,41.84473234094664,before shock
Borno | Oil (palm),2021-05-01,2021-11-01,6,Last 24 months only,True,False,False,33.54552981114971,before shock
Borno | Rice (imported),2021-05-01,2021-11-01,6,All past changes,True,False,False,40.492634021716455,before shock
Borno | Rice (imported),2021-05-01,2021-11-01,6,Last 24 months only,True,False,False,27.7565518358054,before shock
Borno | Rice (local),2021-05-01,2021-11-01,6,All past changes,True,False,False,67.98691969118005,before shock
Borno | Rice (local),2021-05-01,2021-11-01,6,Last 24 months only,True,False,False,44.77144531584268,before shock
Borno | Yam,2021-05-01,2021-11-01,6,All past changes,True,False,False,104.22061230960323,before shock
Borno | Yam,2021-05-01,2021-11-01,6,Last 24 months only,True,False,False,77.15328142864126,before shock
Yobe | Millet,2021-05-01,2021-11-01,6,All past changes,True,False,False,80.90881393887788,before shock
Yobe | Millet,2021-05-01,2021-11-01,6,Last 24 months only,True,False,False,69.70633715597884,before shock
Yobe | Oil (palm),2021-05-01,2021-11-01,6,All past changes,True,False,False,41.84473234094664,before shock
Yobe | Oil (palm),2021-05-01,2021-11-01,6,Last 24 months only,True,False,False,33.54552981114971,before shock
Yobe | Rice (imported),2021-05-01,2021-11-01,6,All past changes,True,False,False,40.492634021716455,before shock
Yobe | Rice (imported),2021-05-01,2021-11-01,6,Last 24 months only,True,False,False,27.7565518358054,before shock
Yobe | Rice (local),2021-05-01,2021-11-01,6,All past changes,True,False,False,67.98691969118005,before shock
Yobe | Rice (local),2021-05-01,2021-11-01,6,Last 24 months only,True,False,False,44.77144531584268,before shock
Yobe | Yam,2021-05-01,2021-11-01,6,All past changes,True,False,False,104.22061230960323,before shock
Yobe | Yam,2021-05-01,2021-11-01,6,Last 24 months only,False,False,True,77.15328142864126,before shock
Borno | Millet,2021-06-01,2021-12-01,6,All past changes,True,False,False,79.99849027719006,before shock
Borno | Millet,2021-06-01,2021-12-01,6,Last 24 months only,True,False,False,69.23031248035466,before shock
Borno | Oil (palm),2021-06-01,2021-12-01,6,All past changes,True,False,False,41.72421925791333,before shock
Borno | Oil (palm),2021-06-01,2021-12-01,6,Last 24 months only,True,False,False,32.2256182762834,before shock
Borno | Rice (imported),2021-06-01,2021-12-01,6,All past changes,True,False,False,40.219265827921056,before shock
Borno | Rice (imported),2021-06-01,2021-12-01,6,Last 24 months only,True,False,False,26.999894768603873,before shock
Borno | Rice (local),2021-06-01,2021-12-01,6,All past changes,True,False,False,66.16180928685147,before shock
Borno | Rice (local),2021-06-01,2021-12-01,6,Last 24 months only,True,False,False,43.76751663054333,before shock
Borno | Yam,2021-06-01,2021-12-01,6,All past changes,True,False,False,103.38660752827894,before shock
Borno | Yam,2021-06-01,2021-12-01,6,Last 24 months only,True,False,False,77.15328142864126,before shock
Yobe | Millet,2021-06-01,2021-12-01,6,All past changes,True,False,False,79.99849027719006,before shock
Yobe | Millet,2021-06-01,2021-12-01,6,Last 24 months only,False,False,True,69.23031248035466,before shock
Yobe | Oil (palm),2021-06-01,2021-12-01,6,All past changes,True,False,False,41.72421925791333,before shock
Yobe | Oil (palm),2021-06-01,2021-12-01,6,Last 24 months only,True,False,False,32.2256182762834,before shock
Yobe | Rice (imported),2021-06-01,2021-12-01,6,All past changes,True,False,False,40.219265827921056,before shock
Yobe | Rice (imported),2021-06-01,2021-12-01,6,Last 24 months only,True,False,False,26.999894768603873,before shock
Yobe | Rice (local),2021-06-01,2021-12-01,6,All past changes,True,False,False,66.16180928685147,before shock
Yobe | Rice (local),2021-06-01,2021-12-01,6,Last 24 months only,False,False,True,43.76751663054333,before shock
Yobe | Yam,2021-06-01,2021-12-01,6,All past changes,True,False,False,103.38660752827894,before shock
Yobe | Yam,2021-06-01,2021-12-01,6,Last 24 months only,True,False,False,77.15328142864126,before shock
Borno | Millet,2021-07-01,2022-01-01,6,All past changes,True,False,False,79.07619582874057,before shock
Borno | Millet,2021-07-01,2022-01-01,6,Last 24 months only,True,False,False,69.23031248035466,before shock
Borno | Oil (palm),2021-07-01,2022-01-01,6,All past changes,True,False,False,41.603742660381485,before shock
Borno | Oil (palm),2021-07-01,2022-01-01,6,Last 24 months only,True,False,False,29.673192071384225,before shock
Borno | Rice (imported),2021-07-01,2022-01-01,6,All past changes,True,False,False,39.946296599774676,before shock
Borno | Rice (imported),2021-07-01,2022-01-01,6,Last 24 months only,True,False,False,26.811384740237877,before shock
Borno | Rice (local),2021-07-01,2022-01-01,6,All past changes,True,False,False,64.35886916813412,before shock
Borno | Rice (local),2021-07-01,2022-01-01,6,Last 24 months only,True,False,False,41.47537566425565,before shock
Borno | Yam,2021-07-01,2022-01-01,6,All past changes,True,False,False,102.55038174440116,before shock
Borno | Yam,2021-07-01,2022-01-01,6,Last 24 months only,True,False,False,77.15328142864126,before shock
Yobe | Millet,2021-07-01,2022-01-01,6,All past changes,True,False,False,79.07619582874057,before shock
Yobe | Millet,2021-07-01,2022-01-01,6,Last 24 months only,False,False,True,69.23031248035466,before shock
Yobe | Oil (palm),2021-07-01,2022-01-01,6,All past changes,True,False,False,41.603742660381485,before shock
Yobe | Oil (palm),2021-07-01,2022-01-01,6,Last 24 months only,True,False,False,29.673192071384225,before shock
Yobe | Rice (imported),2021-07-01,2022-01-01,6,All past changes,True,False,False,39.946296599774676,before shock
Yobe | Rice (imported),2021-07-01,2022-01-01,6,Last 24 months only,False,False,True,26.811384740237877,before shock
Yobe | Rice (local),2021-07-01,2022-01-01,6,All past changes,True,False,False,64.35886916813412,before shock
Yobe | Rice (local),2021-07-01,2022-01-01,6,Last 24 months only,True,False,False,41.47537566425565,before shock
Yobe | Yam,2021-07-01,2022-01-01,6,All past changes,True,False,False,102.55038174440116,before shock
Yobe | Yam,2021-07-01,2022-01-01,6,Last 24 months only,True,False,False,77.15328142864126,before shock
Borno | Millet,2021-08-01,2022-02-01,6,All past changes,True,False,False,78.14177317728095,before shock
Borno | Millet,2021-08-01,2022-02-01,6,Last 24 months only,True,False,False,68.24926082631852,before shock
Borno | Oil (palm),2021-08-01,2022-02-01,6,All past changes,True,False,False,41.483302503443284,before shock
Borno | Oil (palm),2021-08-01,2022-02-01,6,Last 24 months only,True,False,False,27.793403787966376,before shock
Borno | Rice (imported),2021-08-01,2022-02-01,6,All past changes,True,False,False,39.67372557540476,before shock
Borno | Rice (imported),2021-08-01,2022-02-01,6,Last 24 months only,True,False,False,25.015752999509488,before shock
Borno | Rice (local),2021-08-01,2022-02-01,6,All past changes,True,False,False,62.577828927663234,before shock
Borno | Rice (local),2021-08-01,2022-02-01,6,Last 24 months only,True,False,False,39.306913309199,before shock
Borno | Yam,2021-08-01,2022-02-01,6,All past changes,True,False,False,101.71191304724432,before shock
Borno | Yam,2021-08-01,2022-02-01,6,Last 24 months only,True,False,False,77.15328142864126,before shock
Yobe | Millet,2021-08-01,2022-02-01,6,All past changes,True,False,False,78.14177317728095,before shock
Yobe | Millet,2021-08-01,2022-02-01,6,Last 24 months only,True,False,False,68.24926082631852,before shock
Yobe | Oil (palm),2021-08-01,2022-02-01,6,All past changes,True,False,False,41.483302503443284,before shock
Yobe | Oil (palm),2021-08-01,2022-02-01,6,Last 24 months only,True,False,False,27.793403787966376,before shock
Yobe | Rice (imported),2021-08-01,2022-02-01,6,All past changes,True,False,False,39.67372557540476,before shock
Yobe | Rice (imported),2021-08-01,2022-02-01,6,Last 24 months only,False,False,True,25.015752999509488,before shock
Yobe | Rice (local),2021-08-01,2022-02-01,6,All past changes,True,False,False,62.577828927663234,before shock
Yobe | Rice (local),2021-08-01,2022-02-01,6,Last 24 months only,True,False,False,39.306913309199,before shock
Yobe | Yam,2021-08-01,2022-02-01,6,All past changes,True,False,False,101.71191304724432,before shock
Yobe | Yam,2021-08-01,2022-02-01,6,Last 24 months only,True,False,False,77.15328142864126,before shock
Borno | Millet,2021-09-01,2022-03-01,6,All past changes,True,False,False,77.19506283653381,before shock
Borno | Millet,2021-09-01,2022-03-01,6,Last 24 months only,True,False,False,67.27809293708764,before shock
Borno | Oil (palm),2021-09-01,2022-03-01,6,All past changes,True,False,False,41.362898742211165,before shock
Borno | Oil (palm),2021-09-01,2022-03-01,6,Last 24 months only,True,False,False,25.81488910223817,before shock
Borno | Rice (imported),2021-09-01,2022-03-01,6,All past changes,True,False,False,39.401551994290486,before shock
Borno | Rice (imported),2021-09-01,2022-03-01,6,Last 24 months only,True,False,False,25.015752999509488,before shock
Borno | Rice (local),2021-09-01,2022-03-01,6,All past changes,True,False,False,60.81842145608971,before shock
Borno | Rice (local),2021-09-01,2022-03-01,6,Last 24 months only,True,False,False,36.95860765737245,before shock
Borno | Yam,2021-09-01,2022-03-01,6,All past changes,True,False,False,100.87117939636873,before shock
Borno | Yam,2021-09-01,2022-03-01,6,Last 24 months only,True,False,False,77.15328142864126,before shock
Yobe | Millet,2021-09-01,2022-03-01,6,All past changes,True,False,False,77.19506283653381,before shock
Yobe | Millet,2021-09-01,2022-03-01,6,Last 24 months only,True,False,False,67.27809293708764,before shock
Yobe | Oil (palm),2021-09-01,2022-03-01,6,All past changes,True,False,False,41.362898742211165,before shock
Yobe | Oil (palm),2021-09-01,2022-03-01,6,Last 24 months only,True,False,False,25.81488910223817,before shock
Yobe | Rice (imported),2021-09-01,2022-03-01,6,All past changes,True,False,False,39.401551994290486,before shock
Yobe | Rice (imported),2021-09-01,2022-03-01,6,Last 24 months only,False,False,True,25.015752999509488,before shock
Yobe | Rice (local),2021-09-01,2022-03-01,6,All past changes,True,False,False,60.81842145608971,before shock
Yobe | Rice (local),2021-09-01,2022-03-01,6,Last 24 months only,True,False,False,36.95860765737245,before shock
Yobe | Yam,2021-09-01,2022-03-01,6,All past changes,True,False,False,100.87117939636873,before shock
Yobe | Yam,2021-09-01,2022-03-01,6,Last 24 months only,True,False,False,77.15328142864126,before shock
Borno | Millet,2021-10-01,2022-04-01,6,All past changes,True,False,False,76.60545942489829,before shock
Borno | Millet,2021-10-01,2022-04-01,6,Last 24 months only,True,False,False,66.81115161062978,before shock
Borno | Oil (palm),2021-10-01,2022-04-01,6,All past changes,True,False,False,41.615986722713025,before shock
Borno | Oil (palm),2021-10-01,2022-04-01,6,Last 24 months only,False,False,True,26.581757796922222,before shock
Borno | Rice (imported),2021-10-01,2022-04-01,6,All past changes,True,False,False,39.00092510869386,before shock
Borno | Rice (imported),2021-10-01,2022-04-01,6,Last 24 months only,True,False,False,25.015752999509488,before shock
Borno | Rice (local),2021-10-01,2022-04-01,6,All past changes,True,False,False,59.393887770016704,before shock
Borno | Rice (local),2021-10-01,2022-04-01,6,Last 24 months only,True,False,False,37.71280167586605,before shock
Borno | Yam,2021-10-01,2022-04-01,6,All past changes,False,False,True,102.24335565538425,before shock
Borno | Yam,2021-10-01,2022-04-01,6,Last 24 months only,False,False,True,80.9705819818664,before shock
Yobe | Millet,2021-10-01,2022-04-01,6,All past changes,True,False,False,76.60545942489829,before shock
Yobe | Millet,2021-10-01,2022-04-01,6,Last 24 months only,True,False,False,66.81115161062978,before shock
Yobe | Oil (palm),2021-10-01,2022-04-01,6,All past changes,False,True,False,41.615986722713025,before shock
Yobe | Oil (palm),2021-10-01,2022-04-01,6,Last 24 months only,False,True,False,26.581757796922222,before shock
Yobe | Rice (imported),2021-10-01,2022-04-01,6,All past changes,True,False,False,39.00092510869386,before shock
Yobe | Rice (imported),2021-10-01,2022-04-01,6,Last 24 months only,False,False,True,25.015752999509488,before shock
Yobe | Rice (local),2021-10-01,2022-04-01,6,All past changes,True,False,False,59.393887770016704,before shock
Yobe | Rice (local),2021-10-01,2022-04-01,6,Last 24 months only,True,False,False,37.71280167586605,before shock
Yobe | Yam,2021-10-01,2022-04-01,6,All past changes,True,False,False,102.24335565538425,before shock
Yobe | Yam,2021-10-01,2022-04-01,6,Last 24 months only,True,False,False,80.9705819818664,before shock
Borno | Millet,2021-11-01,2022-05-01,6,All past changes,True,False,False,76.38177044850578,before shock
Borno | Millet,2021-11-01,2022-05-01,6,Last 24 months only,True,False,False,66.81115161062978,before shock
Borno | Oil (palm),2021-11-01,2022-05-01,6,All past changes,False,True,False,41.42255539682112,before shock
Borno | Oil (palm),2021-11-01,2022-05-01,6,Last 24 months only,False,True,False,24.925473201972757,before shock
Borno | Rice (imported),2021-11-01,2022-05-01,6,All past changes,True,False,False,38.471317991419966,before shock
Borno | Rice (imported),2021-11-01,2022-05-01,6,Last 24 months only,False,False,True,25.55899440285485,before shock
Borno | Rice (local),2021-11-01,2022-05-01,6,All past changes,True,False,False,58.294476261732534,before shock
Borno | Rice (local),2021-11-01,2022-05-01,6,Last 24 months only,True,False,False,37.71280167586605,before shock
Borno | Yam,2021-11-01,2022-05-01,6,All past changes,True,False,False,101.20382343259031,before shock
Borno | Yam,2021-11-01,2022-05-01,6,Last 24 months only,True,False,False,83.02290527525264,before shock
Yobe | Millet,2021-11-01,2022-05-01,6,All past changes,True,False,False,76.38177044850578,before shock
Yobe | Millet,2021-11-01,2022-05-01,6,Last 24 months only,True,False,False,66.81115161062978,before shock
Yobe | Oil (palm),2021-11-01,2022-05-01,6,All past changes,False,True,False,41.42255539682112,before shock
Yobe | Oil (palm),2021-11-01,2022-05-01,6,Last 24 months only,False,True,False,24.925473201972757,before shock
Yobe | Rice (imported),2021-11-01,2022-05-01,6,All past changes,True,False,False,38.471317991419966,before shock
Yobe | Rice (imported),2021-11-01,2022-05-01,6,Last 24 months only,True,False,False,25.55899440285485,before shock
Yobe | Rice (local),2021-11-01,2022-05-01,6,All past changes,True,False,False,58.294476261732534,before shock
Yobe | Rice (local),2021-11-01,2022-05-01,6,Last 24 months only,True,False,False,37.71280167586605,before shock
Yobe | Yam,2021-11-01,2022-05-01,6,All past changes,True,False,False,101.20382343259031,before shock
Yobe | Yam,2021-11-01,2022-05-01,6,Last 24 months only,True,False,False,83.02290527525264,before shock
Borno | Millet,2021-12-01,2022-06-01,6,All past changes,True,False,False,76.15740097127403,before shock
Borno | Millet,2021-12-01,2022-06-01,6,Last 24 months only,False,False,True,67.7894998013846,before shock
Borno | Oil (palm),2021-12-01,2022-06-01,6,All past changes,True,False,False,41.22902691948318,before shock
Borno | Oil (palm),2021-12-01,2022-06-01,6,Last 24 months only,False,False,True,23.063323286644465,before shock
Borno | Rice (imported),2021-12-01,2022-06-01,6,All past changes,False,False,True,37.94140212540299,before shock
Borno | Rice (imported),2021-12-01,2022-06-01,6,Last 24 months only,False,False,True,25.754437657176,before shock
Borno | Rice (local),2021-12-01,2022-06-01,6,All past changes,True,False,False,57.20342106593832,before shock
Borno | Rice (local),2021-12-01,2022-06-01,6,Last 24 months only,False,False,True,39.306913309199,before shock
Borno | Yam,2021-12-01,2022-06-01,6,All past changes,False,True,False,100.16322853065228,before shock
Borno | Yam,2021-12-01,2022-06-01,6,Last 24 months only,False,True,False,83.02290527525264,before shock
Yobe | Millet,2021-12-01,2022-06-01,6,All past changes,True,False,False,76.15740097127403,before shock
Yobe | Millet,2021-12-01,2022-06-01,6,Last 24 months only,True,False,False,67.7894998013846,before shock
Yobe | Oil (palm),2021-12-01,2022-06-01,6,All past changes,True,False,False,41.22902691948318,before shock
Yobe | Oil (palm),2021-12-01,2022-06-01,6,Last 24 months only,True,False,False,23.063323286644465,before shock
Yobe | Rice (imported),2021-12-01,2022-06-01,6,All past changes,False,False,True,37.94140212540299,before shock
Yobe | Rice (imported),2021-12-01,2022-06-01,6,Last 24 months only,False,False,True,25.754437657176,before shock
Yobe | Rice (local),2021-12-01,2022-06-01,6,All past changes,True,False,False,57.20342106593832,before shock
Yobe | Rice (local),2021-12-01,2022-06-01,6,Last 24 months only,True,False,False,39.306913309199,before shock
Yobe | Yam,2021-12-01,2022-06-01,6,All past changes,True,False,False,100.16322853065228,before shock
Yobe | Yam,2021-12-01,2022-06-01,6,Last 24 months only,True,False,False,83.02290527525264,before shock
Borno | Millet,2022-01-01,2022-07-01,6,All past changes,False,False,True,75.93234892300096,before shock
Borno | Millet,2022-01-01,2022-07-01,6,Last 24 months only,False,False,True,68.5026774945281,before shock
Borno | Oil (palm),2022-01-01,2022-07-01,6,All past changes,True,False,False,41.035401047493494,before shock
Borno | Oil (palm),2022-01-01,2022-07-01,6,Last 24 months only,False,False,True,22.09605130901231,before shock
Borno | Rice (imported),2022-01-01,2022-07-01,6,All past changes,False,False,True,37.41117391818671,before shock
Borno | Rice (imported),2022-01-01,2022-07-01,6,Last 24 months only,False,False,True,26.731094719490912,before shock
Borno | Rice (local),2022-01-01,2022-07-01,6,All past changes,True,False,False,56.120657700834464,before shock
Borno | Rice (local),2022-01-01,2022-07-01,6,Last 24 months only,False,False,True,37.71280167586605,before shock
Borno | Yam,2022-01-01,2022-07-01,6,All past changes,False,True,False,99.12154410695814,before shock
Borno | Yam,2022-01-01,2022-07-01,6,Last 24 months only,False,True,False,83.02290527525264,before shock
Yobe | Millet,2022-01-01,2022-07-01,6,All past changes,True,False,False,75.93234892300096,before shock
Yobe | Millet,2022-01-01,2022-07-01,6,Last 24 months only,True,False,False,68.5026774945281,before shock
Yobe | Oil (palm),2022-01-01,2022-07-01,6,All past changes,True,False,False,41.035401047493494,before shock
Yobe | Oil (palm),2022-01-01,2022-07-01,6,Last 24 months only,True,False,False,22.09605130901231,before shock
Yobe | Rice (imported),2022-01-01,2022-07-01,6,All past changes,False,False,True,37.41117391818671,before shock
Yobe | Rice (imported),2022-01-01,2022-07-01,6,Last 24 months only,False,False,True,26.731094719490912,before shock
Yobe | Rice (local),2022-01-01,2022-07-01,6,All past changes,True,False,False,56.120657700834464,before shock
Yobe | Rice (local),2022-01-01,2022-07-01,6,Last 24 months only,True,False,False,37.71280167586605,before shock
Yobe | Yam,2022-01-01,2022-07-01,6,All past changes,True,False,False,99.12154410695814,before shock
Yobe | Yam,2022-01-01,2022-07-01,6,Last 24 months only,True,False,False,83.02290527525264,before shock
Borno | Millet,2022-02-01,2022-08-01,6,All past changes,True,False,False,75.70661222718651,before shock
Borno | Millet,2022-02-01,2022-08-01,6,Last 24 months only,False,False,True,68.30226148720207,before shock
Borno | Oil (palm),2022-02-01,2022-08-01,6,All past changes,True,False,False,40.841677537388655,before shock
Borno | Oil (palm),2022-02-01,2022-08-01,6,Last 24 months only,True,False,False,22.380618690318265,before shock
Borno | Rice (imported),2022-02-01,2022-08-01,6,All past changes,False,False,True,36.88062977167858,before shock
Borno | Rice (imported),2022-02-01,2022-08-01,6,Last 24 months only,False,False,True,26.24186633292873,before shock
Borno | Rice (local),2022-02-01,2022-08-01,6,All past changes,True,False,False,55.046122182007515,before shock
Borno | Rice (local),2022-02-01,2022-08-01,6,Last 24 months only,False,False,True,37.71280167586605,before shock
Borno | Yam,2022-02-01,2022-08-01,6,All past changes,False,True,False,98.07874320809384,before shock
Borno | Yam,2022-02-01,2022-08-01,6,Last 24 months only,False,True,False,78.95890739061315,before shock
Yobe | Millet,2022-02-01,2022-08-01,6,All past changes,True,False,False,75.70661222718651,before shock
Yobe | Millet,2022-02-01,2022-08-01,6,Last 24 months only,True,False,False,68.30226148720207,before shock
Yobe | Oil (palm),2022-02-01,2022-08-01,6,All past changes,True,False,False,40.841677537388655,before shock
Yobe | Oil (palm),2022-02-01,2022-08-01,6,Last 24 months only,True,False,False,22.380618690318265,before shock
Yobe | Rice (imported),2022-02-01,2022-08-01,6,All past changes,True,False,False,36.88062977167858,before shock
Yobe | Rice (imported),2022-02-01,2022-08-01,6,Last 24 months only,False,False,True,26.24186633292873,before shock
Yobe | Rice (local),2022-02-01,2022-08-01,6,All past changes,True,False,False,55.046122182007515,before shock
Yobe | Rice (local),2022-02-01,2022-08-01,6,Last 24 months only,True,False,False,37.71280167586605,before shock
Yobe | Yam,2022-02-01,2022-08-01,6,All past changes,True,False,False,98.07874320809384,before shock
Yobe | Yam,2022-02-01,2022-08-01,6,Last 24 months only,True,False,False,78.95890739061315,before shock
Borno | Millet,2022-03-01,2022-09-01,6,All past changes,True,False,False,75.07863971912943,before shock
Borno | Millet,2022-03-01,2022-09-01,6,Last 24 months only,False,False,True,67.30724894234538,before shock
Borno | Oil (palm),2022-03-01,2022-09-01,6,All past changes,True,False,False,40.551214749591146,before shock
Borno | Oil (palm),2022-03-01,2022-09-01,6,Last 24 months only,True,False,False,22.380618690318265,before shock
Borno | Rice (imported),2022-03-01,2022-09-01,6,All past changes,False,False,True,36.58860973389957,before shock
Borno | Rice (imported),2022-03-01,2022-09-01,6,Last 24 months only,False,False,True,26.241732219705693,before shock
Borno | Rice (local),2022-03-01,2022-09-01,6,All past changes,True,False,False,54.34819713306433,before shock
Borno | Rice (local),2022-03-01,2022-09-01,6,Last 24 months only,False,False,True,37.71280167586605,before shock
Borno | Yam,2022-03-01,2022-09-01,6,All past changes,False,True,False,96.79254395140288,before shock
Borno | Yam,2022-03-01,2022-09-01,6,Last 24 months only,False,True,False,74.86513529858117,before shock
Yobe | Millet,2022-03-01,2022-09-01,6,All past changes,True,False,False,75.07863971912943,before shock
Yobe | Millet,2022-03-01,2022-09-01,6,Last 24 months only,True,False,False,67.30724894234538,before shock
Yobe | Oil (palm),2022-03-01,2022-09-01,6,All past changes,True,False,False,40.551214749591146,before shock
Yobe | Oil (palm),2022-03-01,2022-09-01,6,Last 24 months only,True,False,False,22.380618690318265,before shock
Yobe | Rice (imported),2022-03-01,2022-09-01,6,All past changes,True,False,False,36.58860973389957,before shock
Yobe | Rice (imported),2022-03-01,2022-09-01,6,Last 24 months only,True,False,False,26.241732219705693,before shock
Yobe | Rice (local),2022-03-01,2022-09-01,6,All past changes,True,False,False,54.34819713306433,before shock
Yobe | Rice (local),2022-03-01,2022-09-01,6,Last 24 months only,True,False,False,37.71280167586605,before shock
Yobe | Yam,2022-03-01,2022-09-01,6,All past changes,True,False,False,96.79254395140288,before shock
Yobe | Yam,2022-03-01,2022-09-01,6,Last 24 months only,True,False,False,74.86513529858117,before shock
Borno | Millet,2022-04-01,2022-10-01,6,All past changes,True,False,False,74.04991087947917,before shock
Borno | Millet,2022-04-01,2022-10-01,6,Last 24 months only,False,False,True,67.30724894234538,before shock
Borno | Oil (palm),2022-04-01,2022-10-01,6,All past changes,False,True,False,40.53618627222736,before shock
Borno | Oil (palm),2022-04-01,2022-10-01,6,Last 24 months only,False,True,False,23.706610148398454,before shock
Borno | Rice (imported),2022-04-01,2022-10-01,6,All past changes,True,False,False,36.53536981062031,before shock
Borno | Rice (imported),2022-04-01,2022-10-01,6,Last 24 months only,True,False,False,26.241732219705693,before shock
Borno | Rice (local),2022-04-01,2022-10-01,6,All past changes,True,False,False,54.02079772765656,before shock
Borno | Rice (local),2022-04-01,2022-10-01,6,Last 24 months only,False,False,True,37.71280167586605,before shock
Borno | Yam,2022-04-01,2022-10-01,6,All past changes,False,True,False,97.0139612730651,before shock
Borno | Yam,2022-04-01,2022-10-01,6,Last 24 months only,False,True,False,70.03872799885815,before shock
Yobe | Millet,2022-04-01,2022-10-01,6,All past changes,True,False,False,74.04991087947917,before shock
Yobe | Millet,2022-04-01,2022-10-01,6,Last 24 months only,True,False,False,67.30724894234538,before shock
Yobe | Oil (palm),2022-04-01,2022-10-01,6,All past changes,True,False,False,40.53618627222736,before shock
Yobe | Oil (palm),2022-04-01,2022-10-01,6,Last 24 months only,False,False,True,23.706610148398454,before shock
Yobe | Rice (imported),2022-04-01,2022-10-01,6,All past changes,True,False,False,36.53536981062031,before shock
Yobe | Rice (imported),2022-04-01,2022-10-01,6,Last 24 months only,True,False,False,26.241732219705693,before shock
Yobe | Rice (local),2022-04-01,2022-10-01,6,All past changes,True,False,False,54.02079772765656,before shock
Yobe | Rice (local),2022-04-01,2022-10-01,6,Last 24 months only,True,False,False,37.71280167586605,before shock
Yobe | Yam,2022-04-01,2022-10-01,6,All past changes,True,False,False,97.0139612730651,before shock
Yobe | Yam,2022-04-01,2022-10-01,6,Last 24 months only,True,False,False,70.03872799885815,before shock
Borno | Millet,2022-05-01,2022-11-01,6,All past changes,True,False,False,73.02245022099378,before shock
Borno | Millet,2022-05-01,2022-11-01,6,Last 24 months only,False,False,True,67.30724894234538,before shock
Borno | Oil (palm),2022-05-01,2022-11-01,6,All past changes,True,False,False,42.105426693767676,before shock
Borno | Oil (palm),2022-05-01,2022-11-01,6,Last 24 months only,False,False,True,29.068538430137437,before shock
Borno | Rice (imported),2022-05-01,2022-11-01,6,All past changes,True,False,False,36.48215227868763,before shock
Borno | Rice (imported),2022-05-01,2022-11-01,6,Last 24 months only,False,False,True,25.771065740958154,before shock
Borno | Rice (local),2022-05-01,2022-11-01,6,All past changes,True,False,False,53.69345947646803,before shock
Borno | Rice (local),2022-05-01,2022-11-01,6,Last 24 months only,False,False,True,37.71280167586605,before shock
Borno | Yam,2022-05-01,2022-11-01,6,All past changes,False,True,False,95.12187720500894,before shock
Borno | Yam,2022-05-01,2022-11-01,6,Last 24 months only,False,True,False,70.03872799885815,before shock
Yobe | Millet,2022-05-01,2022-11-01,6,All past changes,True,False,False,73.02245022099378,before shock
Yobe | Millet,2022-05-01,2022-11-01,6,Last 24 months only,True,False,False,67.30724894234538,before shock
Yobe | Oil (palm),2022-05-01,2022-11-01,6,All past changes,True,False,False,42.105426693767676,before shock
Yobe | Oil (palm),2022-05-01,2022-11-01,6,Last 24 months only,False,False,True,29.068538430137437,before shock
Yobe | Rice (imported),2022-05-01,2022-11-01,6,All past changes,True,False,False,36.48215227868763,before shock
Yobe | Rice (imported),2022-05-01,2022-11-01,6,Last 24 months only,True,False,False,25.771065740958154,before shock
Yobe | Rice (local),2022-05-01,2022-11-01,6,All past changes,True,False,False,53.69345947646803,before shock
Yobe | Rice (local),2022-05-01,2022-11-01,6,Last 24 months only,True,False,False,37.71280167586605,before shock
Yobe | Yam,2022-05-01,2022-11-01,6,All past changes,True,False,False,95.12187720500894,before shock
Yobe | Yam,2022-05-01,2022-11-01,6,Last 24 months only,True,False,False,70.03872799885815,before shock
Borno | Millet,2022-06-01,2022-12-01,6,All past changes,True,False,False,71.99623606895248,before shock
Borno | Millet,2022-06-01,2022-12-01,6,Last 24 months only,True,False,False,66.68635994539608,before shock
Borno | Oil (palm),2022-06-01,2022-12-01,6,All past changes,False,True,False,41.77215796885577,before shock
Borno | Oil (palm),2022-06-01,2022-12-01,6,Last 24 months only,False,True,False,31.199871715038576,before shock
Borno | Rice (imported),2022-06-01,2022-12-01,6,All past changes,False,True,False,37.85444459393046,before shock
Borno | Rice (imported),2022-06-01,2022-12-01,6,Last 24 months only,False,True,False,24.994856798977782,before shock
Borno | Rice (local),2022-06-01,2022-12-01,6,All past changes,True,False,False,53.366181623404366,before shock
Borno | Rice (local),2022-06-01,2022-12-01,6,Last 24 months only,True,False,False,34.19862619830767,before shock
Borno | Yam,2022-06-01,2022-12-01,6,All past changes,True,False,False,99.12154410695814,before shock
Borno | Yam,2022-06-01,2022-12-01,6,Last 24 months only,True,False,False,70.03872799885815,before shock
Yobe | Millet,2022-06-01,2022-12-01,6,All past changes,True,False,False,71.99623606895248,before shock
Yobe | Millet,2022-06-01,2022-12-01,6,Last 24 months only,True,False,False,66.68635994539608,before shock
Yobe | Oil (palm),2022-06-01,2022-12-01,6,All past changes,True,False,False,41.77215796885577,before shock
Yobe | Oil (palm),2022-06-01,2022-12-01,6,Last 24 months only,True,False,False,31.199871715038576,before shock
Yobe | Rice (imported),2022-06-01,2022-12-01,6,All past changes,False,True,False,37.85444459393046,before shock
Yobe | Rice (imported),2022-06-01,2022-12-01,6,Last 24 months only,False,True,False,24.994856798977782,before shock
Yobe | Rice (local),2022-06-01,2022-12-01,6,All past changes,True,False,False,53.366181623404366,before shock
Yobe | Rice (local),2022-06-01,2022-12-01,6,Last 24 months only,True,False,False,34.19862619830767,before shock
Yobe | Yam,2022-06-01,2022-12-01,6,All past changes,True,False,False,99.12154410695814,before shock
Yobe | Yam,2022-06-01,2022-12-01,6,Last 24 months only,True,False,False,70.03872799885815,before shock
Borno | Millet,2022-07-01,2023-01-01,6,All past changes,True,False,False,72.70991273411633,before shock
Borno | Millet,2022-07-01,2023-01-01,6,Last 24 months only,True,False,False,63.80540166925317,before shock
Borno | Oil (palm),2022-07-01,2023-01-01,6,All past changes,False,True,False,41.4375516434126,before shock
Borno | Oil (palm),2022-07-01,2023-01-01,6,Last 24 months only,True,False,False,32.842491641627404,before shock
Borno | Rice (imported),2022-07-01,2023-01-01,6,All past changes,False,True,False,40.05527507460703,before shock
Borno | Rice (imported),2022-07-01,2023-01-01,6,Last 24 months only,False,True,False,21.883549358121847,before shock
Borno | Rice (local),2022-07-01,2023-01-01,6,All past changes,True,False,False,53.03896341236125,before shock
Borno | Rice (local),2022-07-01,2023-01-01,6,Last 24 months only,True,False,False,27.812240688486412,before shock
Borno | Yam,2022-07-01,2023-01-01,6,All past changes,True,False,False,100.87117939636873,before shock
Borno | Yam,2022-07-01,2023-01-01,6,Last 24 months only,True,False,False,76.06523323168275,before shock
Yobe | Millet,2022-07-01,2023-01-01,6,All past changes,True,False,False,72.70991273411633,before shock
Yobe | Millet,2022-07-01,2023-01-01,6,Last 24 months only,True,False,False,63.80540166925317,before shock
Yobe | Oil (palm),2022-07-01,2023-01-01,6,All past changes,True,False,False,41.4375516434126,before shock
Yobe | Oil (palm),2022-07-01,2023-01-01,6,Last 24 months only,True,False,False,32.842491641627404,before shock
Yobe | Rice (imported),2022-07-01,2023-01-01,6,All past changes,False,True,False,40.05527507460703,before shock
Yobe | Rice (imported),2022-07-01,2023-01-01,6,Last 24 months only,False,True,False,21.883549358121847,before shock
Yobe | Rice (local),2022-07-01,2023-01-01,6,All past changes,True,False,False,53.03896341236125,before shock
Yobe | Rice (local),2022-07-01,2023-01-01,6,Last 24 months only,True,False,False,27.812240688486412,before shock
Yobe | Yam,2022-07-01,2023-01-01,6,All past changes,True,False,False,100.87117939636873,before shock
Yobe | Yam,2022-07-01,2023-01-01,6,Last 24 months only,True,False,False,76.06523323168275,before shock
Borno | Millet,2022-08-01,2023-02-01,6,All past changes,True,False,False,72.06095621006259,before shock
Borno | Millet,2022-08-01,2023-02-01,6,Last 24 months only,True,False,False,63.455386179429965,before shock
Borno | Oil (palm),2022-08-01,2023-02-01,6,All past changes,True,False,False,40.91426108306793,before shock
Borno | Oil (palm),2022-08-01,2023-02-01,6,Last 24 months only,True,False,False,31.556878379989016,before shock
Borno | Rice (imported),2022-08-01,2023-02-01,6,All past changes,False,True,False,40.35758032094283,before shock
Borno | Rice (imported),2022-08-01,2023-02-01,6,Last 24 months only,False,True,False,26.528050996261832,before shock
Borno | Rice (local),2022-08-01,2023-02-01,6,All past changes,False,True,False,52.24816364487788,before shock
Borno | Rice (local),2022-08-01,2023-02-01,6,Last 24 months only,False,True,False,25.349330421791983,before shock
Borno | Yam,2022-08-01,2023-02-01,6,All past changes,False,False,True,102.09774358049266,before shock
Borno | Yam,2022-08-01,2023-02-01,6,Last 24 months only,False,False,True,78.72147334929005,before shock
Yobe | Millet,2022-08-01,2023-02-01,6,All past changes,True,False,False,72.06095621006259,before shock
Yobe | Millet,2022-08-01,2023-02-01,6,Last 24 months only,True,False,False,63.455386179429965,before shock
Yobe | Oil (palm),2022-08-01,2023-02-01,6,All past changes,True,False,False,40.91426108306793,before shock
Yobe | Oil (palm),2022-08-01,2023-02-01,6,Last 24 months only,True,False,False,31.556878379989016,before shock
Yobe | Rice (imported),2022-08-01,2023-02-01,6,All past changes,False,True,False,40.35758032094283,before shock
Yobe | Rice (imported),2022-08-01,2023-02-01,6,Last 24 months only,False,True,False,26.528050996261832,before shock
Yobe | Rice (local),2022-08-01,2023-02-01,6,All past changes,True,False,False,52.24816364487788,before shock
Yobe | Rice (local),2022-08-01,2023-02-01,6,Last 24 months only,False,True,False,25.349330421791983,before shock
Yobe | Yam,2022-08-01,2023-02-01,6,All past changes,True,False,False,102.09774358049266,before shock
Yobe | Yam,2022-08-01,2023-02-01,6,Last 24 months only,True,False,False,78.72147334929005,before shock
Borno | Millet,2022-09-01,2023-03-01,6,All past changes,True,False,False,71.64652600624699,before shock
Borno | Millet,2022-09-01,2023-03-01,6,Last 24 months only,True,False,False,63.7883327063883,before shock
Borno | Oil (palm),2022-09-01,2023-03-01,6,All past changes,True,False,False,40.20294470093422,before shock
Borno | Oil (palm),2022-09-01,2023-03-01,6,Last 24 months only,True,False,False,31.556878379989016,before shock
Borno | Rice (imported),2022-09-01,2023-03-01,6,All past changes,False,True,False,40.24093617030792,before shock
Borno | Rice (imported),2022-09-01,2023-03-01,6,Last 24 months only,False,True,False,23.730446491421574,before shock
Borno | Rice (local),2022-09-01,2023-03-01,6,All past changes,False,True,False,50.99808686578585,before shock
Borno | Rice (local),2022-09-01,2023-03-01,6,Last 24 months only,False,True,False,26.732649427960474,before shock
Borno | Yam,2022-09-01,2023-03-01,6,All past changes,False,False,True,103.28012848522067,before shock
Borno | Yam,2022-09-01,2023-03-01,6,Last 24 months only,False,False,True,98.54935807603236,before shock
Yobe | Millet,2022-09-01,2023-03-01,6,All past changes,True,False,False,71.64652600624699,before shock
Yobe | Millet,2022-09-01,2023-03-01,6,Last 24 months only,True,False,False,63.7883327063883,before shock
Yobe | Oil (palm),2022-09-01,2023-03-01,6,All past changes,True,False,False,40.20294470093422,before shock
Yobe | Oil (palm),2022-09-01,2023-03-01,6,Last 24 months only,True,False,False,31.556878379989016,before shock
Yobe | Rice (imported),2022-09-01,2023-03-01,6,All past changes,False,True,False,40.24093617030792,before shock
Yobe | Rice (imported),2022-09-01,2023-03-01,6,Last 24 months only,False,True,False,23.730446491421574,before shock
Yobe | Rice (local),2022-09-01,2023-03-01,6,All past changes,True,False,False,50.99808686578585,before shock
Yobe | Rice (local),2022-09-01,2023-03-01,6,Last 24 months only,False,True,False,26.732649427960474,before shock
Yobe | Yam,2022-09-01,2023-03-01,6,All past changes,True,False,False,103.28012848522067,before shock
Yobe | Yam,2022-09-01,2023-03-01,6,Last 24 months only,True,False,False,98.54935807603236,before shock
Borno | Millet,2022-10-01,2023-04-01,6,All past changes,True,False,False,71.23039119850937,before shock
Borno | Millet,2022-10-01,2023-04-01,6,Last 24 months only,True,False,False,64.41682546215004,before shock
Borno | Oil (palm),2022-10-01,2023-04-01,6,All past changes,True,False,False,40.383360461185404,before shock
Borno | Oil (palm),2022-10-01,2023-04-01,6,Last 24 months only,False,False,True,29.330247782780773,before shock
Borno | Rice (imported),2022-10-01,2023-04-01,6,All past changes,False,True,False,40.124213598987865,before shock
Borno | Rice (imported),2022-10-01,2023-04-01,6,Last 24 months only,False,True,False,20.498263294810858,before shock
Borno | Rice (local),2022-10-01,2023-04-01,6,All past changes,False,True,False,50.32888965379685,before shock
Borno | Rice (local),2022-10-01,2023-04-01,6,Last 24 months only,False,True,False,26.732649427960474,before shock
Borno | Yam,2022-10-01,2023-04-01,6,All past changes,False,False,True,110.85856248289348,before shock
Borno | Yam,2022-10-01,2023-04-01,6,Last 24 months only,False,False,True,153.79693018480634,before shock
Yobe | Millet,2022-10-01,2023-04-01,6,All past changes,True,False,False,71.23039119850937,before shock
Yobe | Millet,2022-10-01,2023-04-01,6,Last 24 months only,True,False,False,64.41682546215004,before shock
Yobe | Oil (palm),2022-10-01,2023-04-01,6,All past changes,True,False,False,40.383360461185404,before shock
Yobe | Oil (palm),2022-10-01,2023-04-01,6,Last 24 months only,True,False,False,29.330247782780773,before shock
Yobe | Rice (imported),2022-10-01,2023-04-01,6,All past changes,False,True,False,40.124213598987865,before shock
Yobe | Rice (imported),2022-10-01,2023-04-01,6,Last 24 months only,False,True,False,20.498263294810858,before shock
Yobe | Rice (local),2022-10-01,2023-04-01,6,All past changes,False,True,False,50.32888965379685,before shock
Yobe | Rice (local),2022-10-01,2023-04-01,6,Last 24 months only,False,True,False,26.732649427960474,before shock
Yobe | Yam,2022-10-01,2023-04-01,6,All past changes,True,False,False,110.85856248289348,before shock
Yobe | Yam,2022-10-01,2023-04-01,6,Last 24 months only,True,False,False,153.79693018480634,before shock
Borno | Millet,2022-11-01,2023-05-01,6,All past changes,False,True,False,70.81254348718146,before shock
Borno | Millet,2022-11-01,2023-05-01,6,Last 24 months only,False,True,False,64.41682546215004,before shock
Borno | Oil (palm),2022-11-01,2023-05-01,6,All past changes,True,False,False,40.02618912950467,before shock
Borno | Oil (palm),2022-11-01,2023-05-01,6,Last 24 months only,True,False,False,35.12284499824864,before shock
Borno | Rice (imported),2022-11-01,2023-05-01,6,All past changes,False,True,False,40.00741251932504,before shock
Borno | Rice (imported),2022-11-01,2023-05-01,6,Last 24 months only,False,True,False,19.88216739412474,before shock
Borno | Rice (local),2022-11-01,2023-05-01,6,All past changes,False,True,False,49.32208042722183,before shock
Borno | Rice (local),2022-11-01,2023-05-01,6,Last 24 months only,False,True,False,28.232691511980878,before shock
Borno | Yam,2022-11-01,2023-05-01,6,All past changes,False,False,True,121.23124683478478,before shock
Borno | Yam,2022-11-01,2023-05-01,6,Last 24 months only,False,False,True,153.79693018480634,before shock
Yobe | Millet,2022-11-01,2023-05-01,6,All past changes,True,False,False,70.81254348718146,before shock
Yobe | Millet,2022-11-01,2023-05-01,6,Last 24 months only,True,False,False,64.41682546215004,before shock
Yobe | Oil (palm),2022-11-01,2023-05-01,6,All past changes,True,False,False,40.02618912950467,before shock
Yobe | Oil (palm),2022-11-01,2023-05-01,6,Last 24 months only,True,False,False,35.12284499824864,before shock
Yobe | Rice (imported),2022-11-01,2023-05-01,6,All past changes,False,True,False,40.00741251932504,before shock
Yobe | Rice (imported),2022-11-01,2023-05-01,6,Last 24 months only,False,True,False,19.88216739412474,before shock
Yobe | Rice (local),2022-11-01,2023-05-01,6,All past changes,False,True,False,49.32208042722183,before shock
Yobe | Rice (local),2022-11-01,2023-05-01,6,Last 24 months only,False,True,False,28.232691511980878,before shock
Yobe | Yam,2022-11-01,2023-05-01,6,All past changes,True,False,False,121.23124683478478,before shock
Yobe | Yam,2022-11-01,2023-05-01,6,Last 24 months only,True,False,False,153.79693018480634,before shock
Borno | Millet,2022-12-01,2023-06-01,6,All past changes,False,True,False,70.3929745327519,shock year
Borno | Millet,2022-12-01,2023-06-01,6,Last 24 months only,False,True,False,64.41682546215004,shock year
Borno | Oil (palm),2022-12-01,2023-06-01,6,All past changes,True,False,False,39.74253866919231,shock year
Borno | Oil (palm),2022-12-01,2023-06-01,6,Last 24 months only,False,False,True,35.38664224279581,shock year
Borno | Rice (imported),2022-12-01,2023-06-01,6,All past changes,True,False,False,40.25490057074769,shock year
Borno | Rice (imported),2022-12-01,2023-06-01,6,Last 24 months only,False,True,False,22.76803495073456,shock year
Borno | Rice (local),2022-12-01,2023-06-01,6,All past changes,False,True,False,48.32193328204244,shock year
Borno | Rice (local),2022-12-01,2023-06-01,6,Last 24 months only,False,True,False,28.232691511980878,shock year
Borno | Yam,2022-12-01,2023-06-01,6,All past changes,False,False,True,119.17716170281972,shock year
Borno | Yam,2022-12-01,2023-06-01,6,Last 24 months only,False,False,True,153.79693018480634,shock year
Yobe | Millet,2022-12-01,2023-06-01,6,All past changes,True,False,False,70.3929745327519,shock year
Yobe | Millet,2022-12-01,2023-06-01,6,Last 24 months only,True,False,False,64.41682546215004,shock year
Yobe | Oil (palm),2022-12-01,2023-06-01,6,All past changes,True,False,False,39.74253866919231,shock year
Yobe | Oil (palm),2022-12-01,2023-06-01,6,Last 24 months only,True,False,False,35.38664224279581,shock year
Yobe | Rice (imported),2022-12-01,2023-06-01,6,All past changes,False,True,False,40.25490057074769,shock year
Yobe | Rice (imported),2022-12-01,2023-06-01,6,Last 24 months only,False,True,False,22.76803495073456,shock year
Yobe | Rice (local),2022-12-01,2023-06-01,6,All past changes,False,True,False,48.32193328204244,shock year
Yobe | Rice (local),2022-12-01,2023-06-01,6,Last 24 months only,False,True,False,28.232691511980878,shock year
Yobe | Yam,2022-12-01,2023-06-01,6,All past changes,True,False,False,119.17716170281972,shock year
Yobe | Yam,2022-12-01,2023-06-01,6,Last 24 months only,True,False,False,153.79693018480634,shock year
Borno | Millet,2023-01-01,2023-07-01,6,All past changes,False,True,False,70.13224923278175,shock year
Borno | Millet,2023-01-01,2023-07-01,6,Last 24 months only,False,True,False,63.7883327063883,shock year
Borno | Oil (palm),2023-01-01,2023-07-01,6,All past changes,True,False,False,40.16446365689576,shock year
Borno | Oil (palm),2023-01-01,2023-07-01,6,Last 24 months only,False,False,True,35.38664224279581,shock year
Borno | Rice (imported),2023-01-01,2023-07-01,6,All past changes,True,False,False,40.042695721317735,shock year
Borno | Rice (imported),2023-01-01,2023-07-01,6,Last 24 months only,True,False,False,37.142710012709436,shock year
Borno | Rice (local),2023-01-01,2023-07-01,6,All past changes,False,True,False,47.188666023685464,shock year
Borno | Rice (local),2023-01-01,2023-07-01,6,Last 24 months only,False,True,False,28.232691511980878,shock year
Borno | Yam,2023-01-01,2023-07-01,6,All past changes,False,False,True,116.3029266406357,shock year
Borno | Yam,2023-01-01,2023-07-01,6,Last 24 months only,False,False,True,153.79693018480634,shock year
Yobe | Millet,2023-01-01,2023-07-01,6,All past changes,False,True,False,70.13224923278175,shock year
Yobe | Millet,2023-01-01,2023-07-01,6,Last 24 months only,False,True,False,63.7883327063883,shock year
Yobe | Oil (palm),2023-01-01,2023-07-01,6,All past changes,True,False,False,40.16446365689576,shock year
Yobe | Oil (palm),2023-01-01,2023-07-01,6,Last 24 months only,True,False,False,35.38664224279581,shock year
Yobe | Rice (imported),2023-01-01,2023-07-01,6,All past changes,False,True,False,40.042695721317735,shock year
Yobe | Rice (imported),2023-01-01,2023-07-01,6,Last 24 months only,False,True,False,37.142710012709436,shock year
Yobe | Rice (local),2023-01-01,2023-07-01,6,All past changes,False,True,False,47.188666023685464,shock year
Yobe | Rice (local),2023-01-01,2023-07-01,6,Last 24 months only,False,True,False,28.232691511980878,shock year
Yobe | Yam,2023-01-01,2023-07-01,6,All past changes,False,True,False,116.3029266406357,shock year
Yobe | Yam,2023-01-01,2023-07-01,6,Last 24 months only,True,False,False,153.79693018480634,shock year
Borno | Millet,2023-02-01,2023-08-01,6,All past changes,False,True,False,70.0316419020675,shock year
Borno | Millet,2023-02-01,2023-08-01,6,Last 24 months only,False,True,False,63.21918963361686,shock year
Borno | Oil (palm),2023-02-01,2023-08-01,6,All past changes,True,False,False,40.01373561017374,shock year
Borno | Oil (palm),2023-02-01,2023-08-01,6,Last 24 months only,True,False,False,35.38664224279581,shock year
Borno | Rice (imported),2023-02-01,2023-08-01,6,All past changes,False,False,True,41.73284733857343,shock year
Borno | Rice (imported),2023-02-01,2023-08-01,6,Last 24 months only,False,False,True,42.018633497325666,shock year
Borno | Rice (local),2023-02-01,2023-08-01,6,All past changes,True,False,False,50.77189134671448,shock year
Borno | Rice (local),2023-02-01,2023-08-01,6,Last 24 months only,True,False,False,26.87091553465921,shock year
Borno | Yam,2023-02-01,2023-08-01,6,All past changes,False,True,False,113.89427976348485,shock year
Borno | Yam,2023-02-01,2023-08-01,6,Last 24 months only,False,True,False,155.33724607942577,shock year
Yobe | Millet,2023-02-01,2023-08-01,6,All past changes,False,True,False,70.0316419020675,shock year
Yobe | Millet,2023-02-01,2023-08-01,6,Last 24 months only,False,True,False,63.21918963361686,shock year
Yobe | Oil (palm),2023-02-01,2023-08-01,6,All past changes,True,False,False,40.01373561017374,shock year
Yobe | Oil (palm),2023-02-01,2023-08-01,6,Last 24 months only,True,False,False,35.38664224279581,shock year
Yobe | Rice (imported),2023-02-01,2023-08-01,6,All past changes,True,False,False,41.73284733857343,shock year
Yobe | Rice (imported),2023-02-01,2023-08-01,6,Last 24 months only,True,False,False,42.018633497325666,shock year
Yobe | Rice (local),2023-02-01,2023-08-01,6,All past changes,False,True,False,50.77189134671448,shock year
Yobe | Rice (local),2023-02-01,2023-08-01,6,Last 24 months only,False,True,False,26.87091553465921,shock year
Yobe | Yam,2023-02-01,2023-08-01,6,All past changes,False,True,False,113.89427976348485,shock year
Yobe | Yam,2023-02-01,2023-08-01,6,Last 24 months only,True,False,False,155.33724607942577,shock year
Borno | Millet,2023-03-01,2023-09-01,6,All past changes,False,True,False,69.93100540643846,shock year
Borno | Millet,2023-03-01,2023-09-01,6,Last 24 months only,False,True,False,63.21918963361686,shock year
Borno | Oil (palm),2023-03-01,2023-09-01,6,All past changes,True,False,False,39.86318813397398,shock year
Borno | Oil (palm),2023-03-01,2023-09-01,6,Last 24 months only,True,False,False,35.38664224279581,shock year
Borno | Rice (imported),2023-03-01,2023-09-01,6,All past changes,False,False,True,44.91177240726877,shock year
Borno | Rice (imported),2023-03-01,2023-09-01,6,Last 24 months only,False,False,True,53.44840978652159,shock year
Borno | Rice (local),2023-03-01,2023-09-01,6,All past changes,True,False,False,52.46168300599672,shock year
Borno | Rice (local),2023-03-01,2023-09-01,6,Last 24 months only,False,True,False,30.316854624753553,shock year
Borno | Yam,2023-03-01,2023-09-01,6,All past changes,False,True,False,112.214439783427,shock year
Borno | Yam,2023-03-01,2023-09-01,6,Last 24 months only,False,True,False,158.9726397376281,shock year
Yobe | Millet,2023-03-01,2023-09-01,6,All past changes,False,True,False,69.93100540643846,shock year
Yobe | Millet,2023-03-01,2023-09-01,6,Last 24 months only,False,True,False,63.21918963361686,shock year
Yobe | Oil (palm),2023-03-01,2023-09-01,6,All past changes,True,False,False,39.86318813397398,shock year
Yobe | Oil (palm),2023-03-01,2023-09-01,6,Last 24 months only,True,False,False,35.38664224279581,shock year
Yobe | Rice (imported),2023-03-01,2023-09-01,6,All past changes,True,False,False,44.91177240726877,shock year
Yobe | Rice (imported),2023-03-01,2023-09-01,6,Last 24 months only,True,False,False,53.44840978652159,shock year
Yobe | Rice (local),2023-03-01,2023-09-01,6,All past changes,True,False,False,52.46168300599672,shock year
Yobe | Rice (local),2023-03-01,2023-09-01,6,Last 24 months only,False,True,False,30.316854624753553,shock year
Yobe | Yam,2023-03-01,2023-09-01,6,All past changes,False,True,False,112.214439783427,shock year
Yobe | Yam,2023-03-01,2023-09-01,6,Last 24 months only,True,False,False,158.9726397376281,shock year
Borno | Millet,2023-04-01,2023-10-01,6,All past changes,True,False,False,69.83033971054975,shock year
Borno | Millet,2023-04-01,2023-10-01,6,Last 24 months only,False,True,False,59.20043207844336,shock year
Borno | Oil (palm),2023-04-01,2023-10-01,6,All past changes,True,False,False,39.71282101197502,shock year
Borno | Oil (palm),2023-04-01,2023-10-01,6,Last 24 months only,True,False,False,34.99709345444572,shock year
Borno | Rice (imported),2023-04-01,2023-10-01,6,All past changes,False,False,True,48.961329314479826,shock year
Borno | Rice (imported),2023-04-01,2023-10-01,6,Last 24 months only,False,False,True,53.44840978652159,shock year
Borno | Rice (local),2023-04-01,2023-10-01,6,All past changes,True,False,False,54.30111409420554,shock year
Borno | Rice (local),2023-04-01,2023-10-01,6,Last 24 months only,True,False,False,33.32310628510062,shock year
Borno | Yam,2023-04-01,2023-10-01,6,All past changes,False,True,False,110.48496128888807,shock year
Borno | Yam,2023-04-01,2023-10-01,6,Last 24 months only,False,True,False,143.41525248925393,shock year
Yobe | Millet,2023-04-01,2023-10-01,6,All past changes,True,False,False,69.83033971054975,shock year
Yobe | Millet,2023-04-01,2023-10-01,6,Last 24 months only,False,True,False,59.20043207844336,shock year
Yobe | Oil (palm),2023-04-01,2023-10-01,6,All past changes,True,False,False,39.71282101197502,shock year
Yobe | Oil (palm),2023-04-01,2023-10-01,6,Last 24 months only,True,False,False,34.99709345444572,shock year
Yobe | Rice (imported),2023-04-01,2023-10-01,6,All past changes,True,False,False,48.961329314479826,shock year
Yobe | Rice (imported),2023-04-01,2023-10-01,6,Last 24 months only,True,False,False,53.44840978652159,shock year
Yobe | Rice (local),2023-04-01,2023-10-01,6,All past changes,True,False,False,54.30111409420554,shock year
Yobe | Rice (local),2023-04-01,2023-10-01,6,Last 24 months only,True,False,False,33.32310628510062,shock year
Yobe | Yam,2023-04-01,2023-10-01,6,All past changes,False,True,False,110.48496128888807,shock year
Yobe | Yam,2023-04-01,2023-10-01,6,Last 24 months only,True,False,False,143.41525248925393,shock year
Borno | Millet,2023-05-01,2023-11-01,6,All past changes,True,False,False,69.95429708365937,shock year
Borno | Millet,2023-05-01,2023-11-01,6,Last 24 months only,True,False,False,62.60013475594408,shock year
Borno | Oil (palm),2023-05-01,2023-11-01,6,All past changes,True,False,False,39.56263402811453,shock year
Borno | Oil (palm),2023-05-01,2023-11-01,6,Last 24 months only,True,False,False,34.99709345444572,shock year
Borno | Rice (imported),2023-05-01,2023-11-01,6,All past changes,False,False,True,53.00747457475574,shock year
Borno | Rice (imported),2023-05-01,2023-11-01,6,Last 24 months only,False,False,True,56.537551231345006,shock year
Borno | Rice (local),2023-05-01,2023-11-01,6,All past changes,True,False,False,58.63699580188666,shock year
Borno | Rice (local),2023-05-01,2023-11-01,6,Last 24 months only,True,False,False,39.369560470417774,shock year
Borno | Yam,2023-05-01,2023-11-01,6,All past changes,False,True,False,107.72588699414815,shock year
Borno | Yam,2023-05-01,2023-11-01,6,Last 24 months only,False,True,False,152.43764158595235,shock year
Borno | Millet,2023-06-01,2023-12-01,6,All past changes,True,False,False,70.1203296598932,shock year
Borno | Millet,2023-06-01,2023-12-01,6,Last 24 months only,True,False,False,62.60013475594408,shock year
Borno | Oil (palm),2023-06-01,2023-12-01,6,All past changes,True,False,False,39.44029513456423,shock year
Borno | Oil (palm),2023-06-01,2023-12-01,6,Last 24 months only,True,False,False,35.967041600900906,shock year
Borno | Rice (imported),2023-06-01,2023-12-01,6,All past changes,True,False,False,53.990158878501845,shock year
Borno | Rice (imported),2023-06-01,2023-12-01,6,Last 24 months only,True,False,False,58.755433410544924,shock year
Borno | Rice (local),2023-06-01,2023-12-01,6,All past changes,True,False,False,65.5890664062567,shock year
Borno | Rice (local),2023-06-01,2023-12-01,6,Last 24 months only,True,False,False,53.01730030849259,shock year
Borno | Yam,2023-06-01,2023-12-01,6,All past changes,False,True,False,106.33769221302009,shock year
Borno | Yam,2023-06-01,2023-12-01,6,Last 24 months only,False,True,False,156.85711993470744,shock year
Yobe | Millet,2023-06-01,2023-12-01,6,All past changes,True,False,False,70.1203296598932,shock year
Yobe | Millet,2023-06-01,2023-12-01,6,Last 24 months only,True,False,False,62.60013475594408,shock year
Yobe | Oil (palm),2023-06-01,2023-12-01,6,All past changes,True,False,False,39.44029513456423,shock year
Yobe | Oil (palm),2023-06-01,2023-12-01,6,Last 24 months only,False,False,True,35.967041600900906,shock year
Yobe | Rice (imported),2023-06-01,2023-12-01,6,All past changes,False,True,False,53.990158878501845,shock year
Yobe | Rice (imported),2023-06-01,2023-12-01,6,Last 24 months only,True,False,False,58.755433410544924,shock year
Yobe | Rice (local),2023-06-01,2023-12-01,6,All past changes,True,False,False,65.5890664062567,shock year
Yobe | Rice (local),2023-06-01,2023-12-01,6,Last 24 months only,True,False,False,53.01730030849259,shock year
Yobe | Yam,2023-06-01,2023-12-01,6,All past changes,True,False,False,106.33769221302009,shock year
Yobe | Yam,2023-06-01,2023-12-01,6,Last 24 months only,True,False,False,156.85711993470744,shock year
Borno | Millet,2023-07-01,2024-01-01,6,All past changes,True,False,False,73.195005211773,shock year
Borno | Millet,2023-07-01,2024-01-01,6,Last 24 months only,False,True,False,63.21918963361686,shock year
Borno | Oil (palm),2023-07-01,2024-01-01,6,All past changes,False,True,False,39.345590944397536,shock year
Borno | Oil (palm),2023-07-01,2024-01-01,6,Last 24 months only,True,False,False,36.84838327368338,shock year
Borno | Rice (imported),2023-07-01,2024-01-01,6,All past changes,False,True,False,55.11181899006792,shock year
Borno | Rice (imported),2023-07-01,2024-01-01,6,Last 24 months only,False,True,False,58.755433410544924,shock year
Borno | Rice (local),2023-07-01,2024-01-01,6,All past changes,True,False,False,66.4216555026698,shock year
Borno | Rice (local),2023-07-01,2024-01-01,6,Last 24 months only,True,False,False,55.91846717880591,shock year
Borno | Yam,2023-07-01,2024-01-01,6,All past changes,True,False,False,117.03115806209219,shock year
Borno | Yam,2023-07-01,2024-01-01,6,Last 24 months only,True,False,False,173.0949591218383,shock year
Yobe | Millet,2023-07-01,2024-01-01,6,All past changes,True,False,False,73.195005211773,shock year
Yobe | Millet,2023-07-01,2024-01-01,6,Last 24 months only,True,False,False,63.21918963361686,shock year
Yobe | Oil (palm),2023-07-01,2024-01-01,6,All past changes,True,False,False,39.345590944397536,shock year
Yobe | Oil (palm),2023-07-01,2024-01-01,6,Last 24 months only,True,False,False,36.84838327368338,shock year
Yobe | Rice (imported),2023-07-01,2024-01-01,6,All past changes,False,True,False,55.11181899006792,shock year
Yobe | Rice (imported),2023-07-01,2024-01-01,6,Last 24 months only,False,True,False,58.755433410544924,shock year
Yobe | Rice (local),2023-07-01,2024-01-01,6,All past changes,True,False,False,66.4216555026698,shock year
Yobe | Rice (local),2023-07-01,2024-01-01,6,Last 24 months only,True,False,False,55.91846717880591,shock year
Yobe | Yam,2023-07-01,2024-01-01,6,All past changes,True,False,False,117.03115806209219,shock year
Yobe | Yam,2023-07-01,2024-01-01,6,Last 24 months only,True,False,False,173.0949591218383,shock year
Borno | Millet,2023-08-01,2024-02-01,6,All past changes,True,False,False,73.3666264974097,shock year
Borno | Millet,2023-08-01,2024-02-01,6,Last 24 months only,True,False,False,67.02504416287749,shock year
Borno | Oil (palm),2023-08-01,2024-02-01,6,All past changes,True,False,False,39.2507821003229,shock year
Borno | Oil (palm),2023-08-01,2024-02-01,6,Last 24 months only,True,False,False,36.84838327368338,shock year
Borno | Rice (imported),2023-08-01,2024-02-01,6,All past changes,False,True,False,55.92357408757537,shock year
Borno | Rice (imported),2023-08-01,2024-02-01,6,Last 24 months only,False,True,False,61.98761660715564,shock year
Borno | Rice (local),2023-08-01,2024-02-01,6,All past changes,True,False,False,66.27080166636988,shock year
Borno | Rice (local),2023-08-01,2024-02-01,6,Last 24 months only,True,False,False,55.91846717880591,shock year
Borno | Yam,2023-08-01,2024-02-01,6,All past changes,True,False,False,131.73517622645582,shock year
Borno | Yam,2023-08-01,2024-02-01,6,Last 24 months only,True,False,False,178.81468465579124,shock year
Yobe | Millet,2023-08-01,2024-02-01,6,All past changes,True,False,False,73.3666264974097,shock year
Yobe | Millet,2023-08-01,2024-02-01,6,Last 24 months only,True,False,False,67.02504416287749,shock year
Yobe | Oil (palm),2023-08-01,2024-02-01,6,All past changes,True,False,False,39.2507821003229,shock year
Yobe | Oil (palm),2023-08-01,2024-02-01,6,Last 24 months only,True,False,False,36.84838327368338,shock year
Yobe | Rice (imported),2023-08-01,2024-02-01,6,All past changes,False,True,False,55.92357408757537,shock year
Yobe | Rice (imported),2023-08-01,2024-02-01,6,Last 24 months only,False,True,False,61.98761660715564,shock year
Yobe | Rice (local),2023-08-01,2024-02-01,6,All past changes,True,False,False,66.27080166636988,shock year
Yobe | Rice (local),2023-08-01,2024-02-01,6,Last 24 months only,True,False,False,55.91846717880591,shock year
Yobe | Yam,2023-08-01,2024-02-01,6,All past changes,True,False,False,131.73517622645582,shock year
Yobe | Yam,2023-08-01,2024-02-01,6,Last 24 months only,True,False,False,178.81468465579124,shock year
Borno | Millet,2023-09-01,2024-03-01,6,All past changes,True,False,False,76.10907936543674,shock year
Borno | Millet,2023-09-01,2024-03-01,6,Last 24 months only,True,False,False,83.36950535735077,shock year
Borno | Oil (palm),2023-09-01,2024-03-01,6,All past changes,True,False,False,39.15586848669138,shock year
Borno | Oil (palm),2023-09-01,2024-03-01,6,Last 24 months only,True,False,False,36.84838327368338,shock year
Borno | Rice (imported),2023-09-01,2024-03-01,6,All past changes,False,True,False,56.79126022475421,shock year
Borno | Rice (imported),2023-09-01,2024-03-01,6,Last 24 months only,False,True,False,64.29936646222112,shock year
Borno | Rice (local),2023-09-01,2024-03-01,6,All past changes,True,False,False,66.12009760274834,shock year
Borno | Rice (local),2023-09-01,2024-03-01,6,Last 24 months only,True,False,False,55.91846717880591,shock year
Borno | Yam,2023-09-01,2024-03-01,6,All past changes,True,False,False,134.16792422453864,shock year
Borno | Yam,2023-09-01,2024-03-01,6,Last 24 months only,True,False,False,193.89697339265254,shock year
Yobe | Millet,2023-09-01,2024-03-01,6,All past changes,False,True,False,76.10907936543674,shock year
Yobe | Millet,2023-09-01,2024-03-01,6,Last 24 months only,True,False,False,83.36950535735077,shock year
Yobe | Oil (palm),2023-09-01,2024-03-01,6,All past changes,True,False,False,39.15586848669138,shock year
Yobe | Oil (palm),2023-09-01,2024-03-01,6,Last 24 months only,True,False,False,36.84838327368338,shock year
Yobe | Rice (imported),2023-09-01,2024-03-01,6,All past changes,False,True,False,56.79126022475421,shock year
Yobe | Rice (imported),2023-09-01,2024-03-01,6,Last 24 months only,False,True,False,64.29936646222112,shock year
Yobe | Rice (local),2023-09-01,2024-03-01,6,All past changes,False,True,False,66.12009760274834,shock year
Yobe | Rice (local),2023-09-01,2024-03-01,6,Last 24 months only,False,True,False,55.91846717880591,shock year
Yobe | Yam,2023-09-01,2024-03-01,6,All past changes,True,False,False,134.16792422453864,shock year
Yobe | Yam,2023-09-01,2024-03-01,6,Last 24 months only,True,False,False,193.89697339265254,shock year
Borno | Millet,2023-10-01,2024-04-01,6,All past changes,True,False,False,75.47910048246167,shock year
Borno | Millet,2023-10-01,2024-04-01,6,Last 24 months only,True,False,False,83.36950535735077,shock year
Borno | Oil (palm),2023-10-01,2024-04-01,6,All past changes,True,False,False,39.06084998772623,shock year
Borno | Oil (palm),2023-10-01,2024-04-01,6,Last 24 months only,True,False,False,33.0329632638233,shock year
Borno | Rice (imported),2023-10-01,2024-04-01,6,All past changes,True,False,False,56.90351612361657,shock year
Borno | Rice (imported),2023-10-01,2024-04-01,6,Last 24 months only,True,False,False,64.29936646222112,shock year
Borno | Rice (local),2023-10-01,2024-04-01,6,All past changes,True,False,False,65.96954316199289,shock year
Borno | Rice (local),2023-10-01,2024-04-01,6,Last 24 months only,True,False,False,55.91846717880591,shock year
Borno | Yam,2023-10-01,2024-04-01,6,All past changes,True,False,False,140.43455655437157,shock year
Borno | Yam,2023-10-01,2024-04-01,6,Last 24 months only,True,False,False,204.94507270767716,shock year
Yobe | Millet,2023-10-01,2024-04-01,6,All past changes,False,True,False,75.47910048246167,shock year
Yobe | Millet,2023-10-01,2024-04-01,6,Last 24 months only,False,True,False,83.36950535735077,shock year
Yobe | Oil (palm),2023-10-01,2024-04-01,6,All past changes,True,False,False,39.06084998772623,shock year
Yobe | Oil (palm),2023-10-01,2024-04-01,6,Last 24 months only,True,False,False,33.0329632638233,shock year
Yobe | Rice (imported),2023-10-01,2024-04-01,6,All past changes,False,True,False,56.90351612361657,shock year
Yobe | Rice (imported),2023-10-01,2024-04-01,6,Last 24 months only,False,True,False,64.29936646222112,shock year
Yobe | Rice (local),2023-10-01,2024-04-01,6,All past changes,False,True,False,65.96954316199289,shock year
Yobe | Rice (local),2023-10-01,2024-04-01,6,Last 24 months only,False,True,False,55.91846717880591,shock year
Yobe | Yam,2023-10-01,2024-04-01,6,All past changes,True,False,False,140.43455655437157,shock year
Yobe | Yam,2023-10-01,2024-04-01,6,Last 24 months only,True,False,False,204.94507270767716,shock year
Borno | Millet,2023-11-01,2024-05-01,6,All past changes,False,True,False,75.16491158745045,shock year
Borno | Millet,2023-11-01,2024-05-01,6,Last 24 months only,True,False,False,83.69874705295433,shock year
Borno | Oil (palm),2023-11-01,2024-05-01,6,All past changes,True,False,False,39.01330137002833,shock year
Borno | Oil (palm),2023-11-01,2024-05-01,6,Last 24 months only,True,False,False,33.67083100274765,shock year
Borno | Rice (imported),2023-11-01,2024-05-01,6,All past changes,False,True,False,56.660012727822796,shock year
Borno | Rice (imported),2023-11-01,2024-05-01,6,Last 24 months only,False,True,False,65.11628422212856,shock year
Borno | Rice (local),2023-11-01,2024-05-01,6,All past changes,False,True,False,65.8943220034146,shock year
Borno | Rice (local),2023-11-01,2024-05-01,6,Last 24 months only,False,True,False,56.50437491927129,shock year
Borno | Yam,2023-11-01,2024-05-01,6,All past changes,True,False,False,148.59067054461468,shock year
Borno | Yam,2023-11-01,2024-05-01,6,Last 24 months only,True,False,False,205.56767654458525,shock year
Yobe | Millet,2023-11-01,2024-05-01,6,All past changes,False,True,False,75.16491158745045,shock year
Yobe | Millet,2023-11-01,2024-05-01,6,Last 24 months only,False,True,False,83.69874705295433,shock year
Yobe | Oil (palm),2023-11-01,2024-05-01,6,All past changes,True,False,False,39.01330137002833,shock year
Yobe | Oil (palm),2023-11-01,2024-05-01,6,Last 24 months only,True,False,False,33.67083100274765,shock year
Yobe | Rice (imported),2023-11-01,2024-05-01,6,All past changes,True,False,False,56.660012727822796,shock year
Yobe | Rice (imported),2023-11-01,2024-05-01,6,Last 24 months only,True,False,False,65.11628422212856,shock year
Yobe | Rice (local),2023-11-01,2024-05-01,6,All past changes,False,True,False,65.8943220034146,shock year
Yobe | Rice (local),2023-11-01,2024-05-01,6,Last 24 months only,False,True,False,56.50437491927129,shock year
Yobe | Yam,2023-11-01,2024-05-01,6,All past changes,True,False,False,148.59067054461468,shock year
Yobe | Yam,2023-11-01,2024-05-01,6,Last 24 months only,True,False,False,205.56767654458525,shock year
Borno | Millet,2023-12-01,2024-06-01,6,All past changes,False,True,False,74.75455294367654,shock year
Borno | Millet,2023-12-01,2024-06-01,6,Last 24 months only,False,True,False,83.10904331080928,shock year
Borno | Oil (palm),2023-12-01,2024-06-01,6,All past changes,True,False,False,38.65557314496797,shock year
Borno | Oil (palm),2023-12-01,2024-06-01,6,Last 24 months only,True,False,False,33.878864520769305,shock year
Borno | Rice (imported),2023-12-01,2024-06-01,6,All past changes,False,True,False,56.78512240566831,shock year
Borno | Rice (imported),2023-12-01,2024-06-01,6,Last 24 months only,True,False,False,65.11628422212856,shock year
Borno | Rice (local),2023-12-01,2024-06-01,6,All past changes,False,True,False,65.05022456294407,shock year
Borno | Rice (local),2023-12-01,2024-06-01,6,Last 24 months only,False,True,False,53.07603280877543,shock year
Borno | Yam,2023-12-01,2024-06-01,6,All past changes,True,False,False,150.75085249743145,shock year
Borno | Yam,2023-12-01,2024-06-01,6,Last 24 months only,True,False,False,205.56767654458525,shock year
Yobe | Millet,2023-12-01,2024-06-01,6,All past changes,False,True,False,74.75455294367654,shock year
Yobe | Millet,2023-12-01,2024-06-01,6,Last 24 months only,False,True,False,83.10904331080928,shock year
Yobe | Oil (palm),2023-12-01,2024-06-01,6,All past changes,True,False,False,38.65557314496797,shock year
Yobe | Oil (palm),2023-12-01,2024-06-01,6,Last 24 months only,True,False,False,33.878864520769305,shock year
Yobe | Rice (imported),2023-12-01,2024-06-01,6,All past changes,True,False,False,56.78512240566831,shock year
Yobe | Rice (imported),2023-12-01,2024-06-01,6,Last 24 months only,True,False,False,65.11628422212856,shock year
Yobe | Rice (local),2023-12-01,2024-06-01,6,All past changes,True,False,False,65.05022456294407,shock year
Yobe | Rice (local),2023-12-01,2024-06-01,6,Last 24 months only,True,False,False,53.07603280877543,shock year
Yobe | Yam,2023-12-01,2024-06-01,6,All past changes,True,False,False,150.75085249743145,shock year
Yobe | Yam,2023-12-01,2024-06-01,6,Last 24 months only,True,False,False,205.56767654458525,shock year
Yobe | Millet,2024-01-01,2024-07-01,6,All past changes,False,True,False,74.34518071058432,after
Yobe | Millet,2024-01-01,2024-07-01,6,Last 24 months only,False,True,False,80.55775345469088,after
Yobe | Oil (palm),2024-01-01,2024-07-01,6,All past changes,True,False,False,39.013140598549214,after
Yobe | Oil (palm),2024-01-01,2024-07-01,6,Last 24 months only,True,False,False,33.878864520769305,after
Yobe | Rice (imported),2024-01-01,2024-07-01,6,All past changes,True,False,False,58.398748304334326,after
Yobe | Rice (imported),2024-01-01,2024-07-01,6,Last 24 months only,True,False,False,76.60650096039228,after
Yobe | Rice (local),2024-01-01,2024-07-01,6,All past changes,False,True,False,64.20809637434922,after
Yobe | Rice (local),2024-01-01,2024-07-01,6,Last 24 months only,False,True,False,53.07603280877543,after
Yobe | Yam,2024-01-01,2024-07-01,6,All past changes,True,False,False,150.1521488615664,after
Yobe | Yam,2024-01-01,2024-07-01,6,Last 24 months only,True,False,False,205.56767654458525,after
Borno | Millet,2024-02-01,2024-08-01,6,All past changes,False,True,False,73.93679235038958,after
Borno | Millet,2024-02-01,2024-08-01,6,Last 24 months only,False,True,False,80.55775345469088,after
Borno | Oil (palm),2024-02-01,2024-08-01,6,All past changes,True,False,False,39.01306021269711,after
Borno | Oil (palm),2024-02-01,2024-08-01,6,Last 24 months only,True,False,False,33.878864520769305,after
Borno | Rice (imported),2024-02-01,2024-08-01,6,All past changes,True,False,False,61.176053209187884,after
Borno | Rice (imported),2024-02-01,2024-08-01,6,Last 24 months only,True,False,False,85.14554861531076,after
Borno | Rice (local),2024-02-01,2024-08-01,6,All past changes,False,True,False,63.36792512131543,after
Borno | Rice (local),2024-02-01,2024-08-01,6,Last 24 months only,False,True,False,53.07603280877543,after
Borno | Yam,2024-02-01,2024-08-01,6,All past changes,True,False,False,149.55481217049748,after
Borno | Yam,2024-02-01,2024-08-01,6,Last 24 months only,True,False,False,205.56767654458525,after
Yobe | Millet,2024-02-01,2024-08-01,6,All past changes,False,True,False,73.93679235038958,after
Yobe | Millet,2024-02-01,2024-08-01,6,Last 24 months only,False,True,False,80.55775345469088,after
Yobe | Oil (palm),2024-02-01,2024-08-01,6,All past changes,True,False,False,39.01306021269711,after
Yobe | Oil (palm),2024-02-01,2024-08-01,6,Last 24 months only,True,False,False,33.878864520769305,after
Yobe | Rice (imported),2024-02-01,2024-08-01,6,All past changes,True,False,False,61.176053209187884,after
Yobe | Rice (imported),2024-02-01,2024-08-01,6,Last 24 months only,True,False,False,85.14554861531076,after
Yobe | Rice (local),2024-02-01,2024-08-01,6,All past changes,True,False,False,63.36792512131543,after
Yobe | Rice (local),2024-02-01,2024-08-01,6,Last 24 months only,True,False,False,53.07603280877543,after
Yobe | Yam,2024-02-01,2024-08-01,6,All past changes,True,False,False,149.55481217049748,after
Yobe | Yam,2024-02-01,2024-08-01,6,Last 24 months only,True,False,False,205.56767654458525,after
Borno | Millet,2024-03-01,2024-09-01,6,All past changes,True,False,False,75.65262837360721,after
Borno | Millet,2024-03-01,2024-09-01,6,Last 24 months only,True,False,False,80.55775345469088,after
Borno | Oil (palm),2024-03-01,2024-09-01,6,All past changes,True,False,False,39.01297982676999,after
Borno | Oil (palm),2024-03-01,2024-09-01,6,Last 24 months only,True,False,False,33.878864520769305,after
Borno | Rice (imported),2024-03-01,2024-09-01,6,All past changes,True,False,False,65.31937648861312,after
Borno | Rice (imported),2024-03-01,2024-09-01,6,Last 24 months only,True,False,False,88.77042503822561,after
Borno | Rice (local),2024-03-01,2024-09-01,6,All past changes,True,False,False,65.14246391101409,after
Borno | Rice (local),2024-03-01,2024-09-01,6,Last 24 months only,True,False,False,56.39155566239321,after
Borno | Yam,2024-03-01,2024-09-01,6,All past changes,True,False,False,148.9588388790243,after
Borno | Yam,2024-03-01,2024-09-01,6,Last 24 months only,True,False,False,205.56767654458525,after
Yobe | Millet,2024-03-01,2024-09-01,6,All past changes,True,False,False,75.65262837360721,after
Yobe | Millet,2024-03-01,2024-09-01,6,Last 24 months only,True,False,False,80.55775345469088,after
Yobe | Oil (palm),2024-03-01,2024-09-01,6,All past changes,True,False,False,39.01297982676999,after
Yobe | Oil (palm),2024-03-01,2024-09-01,6,Last 24 months only,True,False,False,33.878864520769305,after
Yobe | Rice (imported),2024-03-01,2024-09-01,6,All past changes,True,False,False,65.31937648861312,after
Yobe | Rice (imported),2024-03-01,2024-09-01,6,Last 24 months only,True,False,False,88.77042503822561,after
Yobe | Rice (local),2024-03-01,2024-09-01,6,All past changes,True,False,False,65.14246391101409,after
Yobe | Rice (local),2024-03-01,2024-09-01,6,Last 24 months only,True,False,False,56.39155566239321,after
Yobe | Yam,2024-03-01,2024-09-01,6,All past changes,True,False,False,148.9588388790243,after
Yobe | Yam,2024-03-01,2024-09-01,6,Last 24 months only,True,False,False,205.56767654458525,after
Borno | Millet,2024-04-01,2024-10-01,6,All past changes,True,False,False,77.95309852114643,after
Borno | Millet,2024-04-01,2024-10-01,6,Last 24 months only,True,False,False,81.14831371322411,after
Borno | Oil (palm),2024-04-01,2024-10-01,6,All past changes,True,False,False,39.012899440767846,after
Borno | Oil (palm),2024-04-01,2024-10-01,6,Last 24 months only,True,False,False,29.050674848303625,after
Borno | Rice (imported),2024-04-01,2024-10-01,6,All past changes,True,False,False,71.08317214700185,after
Borno | Rice (imported),2024-04-01,2024-10-01,6,Last 24 months only,True,False,False,88.77042503822561,after
Borno | Rice (local),2024-04-01,2024-10-01,6,All past changes,False,True,False,65.51468121545983,after
Borno | Rice (local),2024-04-01,2024-10-01,6,Last 24 months only,True,False,False,60.17693105059402,after
Borno | Yam,2024-04-01,2024-10-01,6,All past changes,False,True,False,148.3642254508311,after
Borno | Yam,2024-04-01,2024-10-01,6,Last 24 months only,True,False,False,204.83746739674444,after
Yobe | Millet,2024-04-01,2024-10-01,6,All past changes,True,False,False,77.95309852114643,after
Yobe | Millet,2024-04-01,2024-10-01,6,Last 24 months only,True,False,False,81.14831371322411,after
Yobe | Oil (palm),2024-04-01,2024-10-01,6,All past changes,True,False,False,39.012899440767846,after
Yobe | Oil (palm),2024-04-01,2024-10-01,6,Last 24 months only,True,False,False,29.050674848303625,after
Yobe | Rice (imported),2024-04-01,2024-10-01,6,All past changes,True,False,False,71.08317214700185,after
Yobe | Rice (imported),2024-04-01,2024-10-01,6,Last 24 months only,True,False,False,88.77042503822561,after
Yobe | Rice (local),2024-04-01,2024-10-01,6,All past changes,True,False,False,65.51468121545983,after
Yobe | Rice (local),2024-04-01,2024-10-01,6,Last 24 months only,True,False,False,60.17693105059402,after
Yobe | Yam,2024-04-01,2024-10-01,6,All past changes,True,False,False,148.3642254508311,after
Yobe | Yam,2024-04-01,2024-10-01,6,Last 24 months only,True,False,False,204.83746739674444,after
Borno | Millet,2024-05-01,2024-11-01,6,All past changes,True,False,False,87.6449358378848,after
Borno | Millet,2024-05-01,2024-11-01,6,Last 24 months only,True,False,False,84.92780267733502,after
Borno | Oil (palm),2024-05-01,2024-11-01,6,All past changes,True,False,False,38.56102494532505,after
Borno | Oil (palm),2024-05-01,2024-11-01,6,Last 24 months only,True,False,False,25.24764887928933,after
Borno | Rice (imported),2024-05-01,2024-11-01,6,All past changes,True,False,False,69.52163322374439,after
Borno | Rice (imported),2024-05-01,2024-11-01,6,Last 24 months only,True,False,False,88.77042503822561,after
Borno | Rice (local),2024-05-01,2024-11-01,6,All past changes,True,False,False,69.0182512042851,after
Borno | Rice (local),2024-05-01,2024-11-01,6,Last 24 months only,True,False,False,60.17693105059402,after
Borno | Yam,2024-05-01,2024-11-01,6,All past changes,True,False,False,146.48873796203495,after
Borno | Yam,2024-05-01,2024-11-01,6,Last 24 months only,True,False,False,204.83746739674444,after
Yobe | Millet,2024-05-01,2024-11-01,6,All past changes,True,False,False,87.6449358378848,after
Yobe | Millet,2024-05-01,2024-11-01,6,Last 24 months only,True,False,False,84.92780267733502,after
Yobe | Oil (palm),2024-05-01,2024-11-01,6,All past changes,False,True,False,38.56102494532505,after
Yobe | Oil (palm),2024-05-01,2024-11-01,6,Last 24 months only,False,True,False,25.24764887928933,after
Yobe | Rice (imported),2024-05-01,2024-11-01,6,All past changes,True,False,False,69.52163322374439,after
Yobe | Rice (imported),2024-05-01,2024-11-01,6,Last 24 months only,True,False,False,88.77042503822561,after
Yobe | Rice (local),2024-05-01,2024-11-01,6,All past changes,True,False,False,69.0182512042851,after
Yobe | Rice (local),2024-05-01,2024-11-01,6,Last 24 months only,True,False,False,60.17693105059402,after
Yobe | Yam,2024-05-01,2024-11-01,6,All past changes,True,False,False,146.48873796203495,after
Yobe | Yam,2024-05-01,2024-11-01,6,Last 24 months only,True,False,False,204.83746739674444,after
Borno | Millet,2024-06-01,2024-12-01,6,All past changes,True,False,False,89.08446408953633,after
Borno | Millet,2024-06-01,2024-12-01,6,Last 24 months only,True,False,False,89.41125189703489,after
Borno | Oil (palm),2024-06-01,2024-12-01,6,All past changes,False,True,False,38.10964021467446,after
Borno | Oil (palm),2024-06-01,2024-12-01,6,Last 24 months only,False,True,False,24.350247581360264,after
Borno | Rice (imported),2024-06-01,2024-12-01,6,All past changes,True,False,False,67.97399831513951,after
Borno | Rice (imported),2024-06-01,2024-12-01,6,Last 24 months only,True,False,False,85.9931569800289,after
Borno | Rice (local),2024-06-01,2024-12-01,6,All past changes,True,False,False,70.20695958847595,after
Borno | Rice (local),2024-06-01,2024-12-01,6,Last 24 months only,True,False,False,58.48146797494409,after
Borno | Yam,2024-06-01,2024-12-01,6,All past changes,True,False,False,144.62903362824505,after
Borno | Yam,2024-06-01,2024-12-01,6,Last 24 months only,True,False,False,203.169239471815,after
Yobe | Millet,2024-06-01,2024-12-01,6,All past changes,True,False,False,89.08446408953633,after
Yobe | Millet,2024-06-01,2024-12-01,6,Last 24 months only,False,False,True,89.41125189703489,after
Yobe | Oil (palm),2024-06-01,2024-12-01,6,All past changes,False,True,False,38.10964021467446,after
Yobe | Oil (palm),2024-06-01,2024-12-01,6,Last 24 months only,False,True,False,24.350247581360264,after
Yobe | Rice (imported),2024-06-01,2024-12-01,6,All past changes,True,False,False,67.97399831513951,after
Yobe | Rice (imported),2024-06-01,2024-12-01,6,Last 24 months only,True,False,False,85.9931569800289,after
Yobe | Rice (local),2024-06-01,2024-12-01,6,All past changes,True,False,False,70.20695958847595,after
Yobe | Rice (local),2024-06-01,2024-12-01,6,Last 24 months only,True,False,False,58.48146797494409,after
Yobe | Yam,2024-06-01,2024-12-01,6,All past changes,True,False,False,144.62903362824505,after
Yobe | Yam,2024-06-01,2024-12-01,6,Last 24 months only,True,False,False,203.169239471815,after
Borno | Millet,2024-07-01,2025-01-01,6,All past changes,True,False,False,89.43206525178168,after
Borno | Millet,2024-07-01,2025-01-01,6,Last 24 months only,False,False,True,92.32434896671045,after
Borno | Oil (palm),2024-07-01,2025-01-01,6,All past changes,False,True,False,37.88413081241961,after
Borno | Oil (palm),2024-07-01,2025-01-01,6,Last 24 months only,False,True,False,24.53177015129401,after
Borno | Rice (imported),2024-07-01,2025-01-01,6,All past changes,True,False,False,67.2053536540749,after
Borno | Rice (imported),2024-07-01,2025-01-01,6,Last 24 months only,True,False,False,83.33790388461941,after
Borno | Rice (local),2024-07-01,2025-01-01,6,All past changes,True,False,False,71.10942177387982,after
Borno | Rice (local),2024-07-01,2025-01-01,6,Last 24 months only,False,False,True,55.62849617992547,after
Borno | Yam,2024-07-01,2025-01-01,6,All past changes,True,False,False,144.3838614060089,after
Borno | Yam,2024-07-01,2025-01-01,6,Last 24 months only,True,False,False,197.50213433364397,after
Yobe | Millet,2024-07-01,2025-01-01,6,All past changes,False,False,True,89.43206525178168,after
Yobe | Millet,2024-07-01,2025-01-01,6,Last 24 months only,False,False,True,92.32434896671045,after
Yobe | Oil (palm),2024-07-01,2025-01-01,6,All past changes,False,True,False,37.88413081241961,after
Yobe | Oil (palm),2024-07-01,2025-01-01,6,Last 24 months only,False,True,False,24.53177015129401,after
Yobe | Rice (imported),2024-07-01,2025-01-01,6,All past changes,True,False,False,67.2053536540749,after
Yobe | Rice (imported),2024-07-01,2025-01-01,6,Last 24 months only,True,False,False,83.33790388461941,after
Yobe | Rice (local),2024-07-01,2025-01-01,6,All past changes,True,False,False,71.10942177387982,after
Yobe | Rice (local),2024-07-01,2025-01-01,6,Last 24 months only,False,False,True,55.62849617992547,after
Yobe | Yam,2024-07-01,2025-01-01,6,All past changes,True,False,False,144.3838614060089,after
Yobe | Yam,2024-07-01,2025-01-01,6,Last 24 months only,True,False,False,197.50213433364397,after
Borno | Millet,2024-08-01,2025-02-01,6,All past changes,False,False,True,89.5244990141868,after
Borno | Millet,2024-08-01,2025-02-01,6,Last 24 months only,False,False,True,88.90375544687015,after
Borno | Oil (palm),2024-08-01,2025-02-01,6,All past changes,False,True,False,37.433476538599145,after
Borno | Oil (palm),2024-08-01,2025-02-01,6,Last 24 months only,False,True,False,24.53177015129401,after
Borno | Rice (imported),2024-08-01,2025-02-01,6,All past changes,True,False,False,65.67832817349701,after
Borno | Rice (imported),2024-08-01,2025-02-01,6,Last 24 months only,True,False,False,77.71284547847469,after
Borno | Rice (local),2024-08-01,2025-02-01,6,All past changes,True,False,False,71.50254354836571,after
Borno | Rice (local),2024-08-01,2025-02-01,6,Last 24 months only,False,False,True,54.98149673285611,after
Borno | Yam,2024-08-01,2025-02-01,6,All past changes,True,False,False,144.51191480547024,after
Borno | Yam,2024-08-01,2025-02-01,6,Last 24 months only,True,False,False,197.50213433364397,after
Yobe | Millet,2024-08-01,2025-02-01,6,All past changes,False,False,True,89.5244990141868,after
Yobe | Millet,2024-08-01,2025-02-01,6,Last 24 months only,False,False,True,88.90375544687015,after
Yobe | Oil (palm),2024-08-01,2025-02-01,6,All past changes,False,True,False,37.433476538599145,after
Yobe | Oil (palm),2024-08-01,2025-02-01,6,Last 24 months only,False,True,False,24.53177015129401,after
Yobe | Rice (imported),2024-08-01,2025-02-01,6,All past changes,True,False,False,65.67832817349701,after
Yobe | Rice (imported),2024-08-01,2025-02-01,6,Last 24 months only,True,False,False,77.71284547847469,after
Yobe | Rice (local),2024-08-01,2025-02-01,6,All past changes,True,False,False,71.50254354836571,after
Yobe | Rice (local),2024-08-01,2025-02-01,6,Last 24 months only,False,False,True,54.98149673285611,after
Yobe | Yam,2024-08-01,2025-02-01,6,All past changes,True,False,False,144.51191480547024,after
Yobe | Yam,2024-08-01,2025-02-01,6,Last 24 months only,True,False,False,197.50213433364397,after
Borno | Millet,2024-09-01,2025-03-01,6,All past changes,False,False,True,89.4299945310862,after
Borno | Millet,2024-09-01,2025-03-01,6,Last 24 months only,False,False,True,86.43633904986505,after
Borno | Oil (palm),2024-09-01,2025-03-01,6,All past changes,False,True,False,36.98330644775667,after
Borno | Oil (palm),2024-09-01,2025-03-01,6,Last 24 months only,False,True,False,24.53177015129401,after
Borno | Rice (imported),2024-09-01,2025-03-01,6,All past changes,True,False,False,64.16487972018852,after
Borno | Rice (imported),2024-09-01,2025-03-01,6,Last 24 months only,False,False,True,71.25457273773101,after
Borno | Rice (local),2024-09-01,2025-03-01,6,All past changes,False,False,True,71.40686423095556,after
Borno | Rice (local),2024-09-01,2025-03-01,6,Last 24 months only,False,False,True,51.97452691174402,after
Borno | Yam,2024-09-01,2025-03-01,6,All past changes,True,False,False,143.4233004319719,after
Borno | Yam,2024-09-01,2025-03-01,6,Last 24 months only,True,False,False,197.50213433364397,after
Yobe | Millet,2024-09-01,2025-03-01,6,All past changes,False,False,True,89.4299945310862,after
Yobe | Millet,2024-09-01,2025-03-01,6,Last 24 months only,False,False,True,86.43633904986505,after
Yobe | Oil (palm),2024-09-01,2025-03-01,6,All past changes,True,False,False,36.98330644775667,after
Yobe | Oil (palm),2024-09-01,2025-03-01,6,Last 24 months only,True,False,False,24.53177015129401,after
Yobe | Rice (imported),2024-09-01,2025-03-01,6,All past changes,False,False,True,64.16487972018852,after
Yobe | Rice (imported),2024-09-01,2025-03-01,6,Last 24 months only,False,False,True,71.25457273773101,after
Yobe | Rice (local),2024-09-01,2025-03-01,6,All past changes,False,False,True,71.40686423095556,after
Yobe | Rice (local),2024-09-01,2025-03-01,6,Last 24 months only,False,False,True,51.97452691174402,after
Yobe | Yam,2024-09-01,2025-03-01,6,All past changes,True,False,False,143.4233004319719,after
Yobe | Yam,2024-09-01,2025-03-01,6,Last 24 months only,True,False,False,197.50213433364397,after
Borno | Millet,2024-10-01,2025-04-01,6,All past changes,False,False,True,89.36122929437606,after
Borno | Millet,2024-10-01,2025-04-01,6,Last 24 months only,False,False,True,82.42589945677477,after
Borno | Oil (palm),2024-10-01,2025-04-01,6,All past changes,False,True,False,36.5831256139174,after
Borno | Oil (palm),2024-10-01,2025-04-01,6,Last 24 months only,False,True,False,23.35022167534393,after
Borno | Rice (imported),2024-10-01,2025-04-01,6,All past changes,True,False,False,64.16103055729327,after
Borno | Rice (imported),2024-10-01,2025-04-01,6,Last 24 months only,False,False,True,71.10564582870602,after
Borno | Rice (local),2024-10-01,2025-04-01,6,All past changes,False,False,True,71.25141459345873,after
Borno | Rice (local),2024-10-01,2025-04-01,6,Last 24 months only,False,False,True,50.94984040610173,after
Borno | Yam,2024-10-01,2025-04-01,6,All past changes,True,False,False,147.47387875827852,after
Borno | Yam,2024-10-01,2025-04-01,6,Last 24 months only,True,False,False,183.23875485889042,after
Yobe | Millet,2024-10-01,2025-04-01,6,All past changes,True,False,False,89.36122929437606,after
Yobe | Millet,2024-10-01,2025-04-01,6,Last 24 months only,False,False,True,82.42589945677477,after
Yobe | Oil (palm),2024-10-01,2025-04-01,6,All past changes,True,False,False,36.5831256139174,after
Yobe | Oil (palm),2024-10-01,2025-04-01,6,Last 24 months only,True,False,False,23.35022167534393,after
Yobe | Rice (imported),2024-10-01,2025-04-01,6,All past changes,False,False,True,64.16103055729327,after
Yobe | Rice (imported),2024-10-01,2025-04-01,6,Last 24 months only,False,False,True,71.10564582870602,after
Yobe | Rice (local),2024-10-01,2025-04-01,6,All past changes,True,False,False,71.25141459345873,after
Yobe | Rice (local),2024-10-01,2025-04-01,6,Last 24 months only,False,False,True,50.94984040610173,after
Yobe | Yam,2024-10-01,2025-04-01,6,All past changes,True,False,False,147.47387875827852,after
Yobe | Yam,2024-10-01,2025-04-01,6,Last 24 months only,True,False,False,183.23875485889042,after
Borno | Millet,2024-11-01,2025-05-01,6,All past changes,False,False,True,89.31828550638218,after
Borno | Millet,2024-11-01,2025-05-01,6,Last 24 months only,False,False,True,80.68803232150886,after
Borno | Oil (palm),2024-11-01,2025-05-01,6,All past changes,False,True,False,37.36963847043785,after
Borno | Oil (palm),2024-11-01,2025-05-01,6,Last 24 months only,False,True,False,21.198198061397733,after
Borno | Rice (imported),2024-11-01,2025-05-01,6,All past changes,True,False,False,63.62438407574877,after
Borno | Rice (imported),2024-11-01,2025-05-01,6,Last 24 months only,False,False,True,54.83767355901625,after
Borno | Rice (local),2024-11-01,2025-05-01,6,All past changes,True,False,False,71.0363237898833,after
Borno | Rice (local),2024-11-01,2025-05-01,6,Last 24 months only,False,False,True,50.6737622844623,after
Borno | Yam,2024-11-01,2025-05-01,6,All past changes,True,False,False,145.9352303592272,after
Borno | Yam,2024-11-01,2025-05-01,6,Last 24 months only,True,False,False,183.23875485889042,after
Yobe | Millet,2024-11-01,2025-05-01,6,All past changes,True,False,False,89.31828550638218,after
Yobe | Millet,2024-11-01,2025-05-01,6,Last 24 months only,False,False,True,80.68803232150886,after
Yobe | Oil (palm),2024-11-01,2025-05-01,6,All past changes,True,False,False,37.36963847043785,after
Yobe | Oil (palm),2024-11-01,2025-05-01,6,Last 24 months only,True,False,False,21.198198061397733,after
Yobe | Rice (imported),2024-11-01,2025-05-01,6,All past changes,False,False,True,63.62438407574877,after
Yobe | Rice (imported),2024-11-01,2025-05-01,6,Last 24 months only,False,False,True,54.83767355901625,after
Yobe | Rice (local),2024-11-01,2025-05-01,6,All past changes,True,False,False,71.0363237898833,after
Yobe | Rice (local),2024-11-01,2025-05-01,6,Last 24 months only,False,False,True,50.6737622844623,after
Yobe | Yam,2024-11-01,2025-05-01,6,All past changes,True,False,False,145.9352303592272,after
Yobe | Yam,2024-11-01,2025-05-01,6,Last 24 months only,True,False,False,183.23875485889042,after
Borno | Millet,2024-12-01,2025-06-01,6,All past changes,False,False,True,89.27534813731215,after
Borno | Millet,2024-12-01,2025-06-01,6,Last 24 months only,False,False,True,86.43633904986505,after
Borno | Oil (palm),2024-12-01,2025-06-01,6,All past changes,True,False,False,37.77624241513092,after
Borno | Oil (palm),2024-12-01,2025-06-01,6,Last 24 months only,True,False,False,22.47635018175478,after
Borno | Rice (imported),2024-12-01,2025-06-01,6,All past changes,False,False,True,63.086735515382856,after
Borno | Rice (imported),2024-12-01,2025-06-01,6,Last 24 months only,False,False,True,54.83767355901625,after
Borno | Rice (local),2024-12-01,2025-06-01,6,All past changes,True,False,False,70.82136711026483,after
Borno | Rice (local),2024-12-01,2025-06-01,6,Last 24 months only,False,False,True,50.197286325286505,after
Borno | Yam,2024-12-01,2025-06-01,6,All past changes,True,False,False,144.3989383638867,after
Borno | Yam,2024-12-01,2025-06-01,6,Last 24 months only,True,False,False,183.23875485889042,after
Yobe | Millet,2024-12-01,2025-06-01,6,All past changes,True,False,False,89.27534813731215,after
Yobe | Millet,2024-12-01,2025-06-01,6,Last 24 months only,False,False,True,86.43633904986505,after
Yobe | Oil (palm),2024-12-01,2025-06-01,6,All past changes,True,False,False,37.77624241513092,after
Yobe | Oil (palm),2024-12-01,2025-06-01,6,Last 24 months only,True,False,False,22.47635018175478,after
Yobe | Rice (imported),2024-12-01,2025-06-01,6,All past changes,False,False,True,63.086735515382856,after
Yobe | Rice (imported),2024-12-01,2025-06-01,6,Last 24 months only,False,False,True,54.83767355901625,after
Yobe | Rice (local),2024-12-01,2025-06-01,6,All past changes,False,False,True,70.82136711026483,after
Yobe | Rice (local),2024-12-01,2025-06-01,6,Last 24 months only,False,False,True,50.197286325286505,after
Yobe | Yam,2024-12-01,2025-06-01,6,All past changes,True,False,False,144.3989383638867,after
Yobe | Yam,2024-12-01,2025-06-01,6,Last 24 months only,True,False,False,183.23875485889042,after
Borno | Millet,2025-01-01,2025-07-01,6,All past changes,False,False,True,89.39497190580448,after
Borno | Millet,2025-01-01,2025-07-01,6,Last 24 months only,False,False,True,91.6995899692143,after
Borno | Oil (palm),2025-01-01,2025-07-01,6,All past changes,True,False,False,38.31814890276348,after
Borno | Oil (palm),2025-01-01,2025-07-01,6,Last 24 months only,False,False,True,29.736889599269677,after
Borno | Rice (imported),2025-01-01,2025-07-01,6,All past changes,False,False,True,62.54807961565593,after
Borno | Rice (imported),2025-01-01,2025-07-01,6,Last 24 months only,False,False,True,56.303497037473264,after
Borno | Rice (local),2025-01-01,2025-07-01,6,All past changes,False,False,True,70.6065443596674,after
Borno | Rice (local),2025-01-01,2025-07-01,6,Last 24 months only,False,False,True,50.47455712954538,after
Borno | Yam,2025-01-01,2025-07-01,6,All past changes,True,False,False,142.8649557149177,after
Borno | Yam,2025-01-01,2025-07-01,6,Last 24 months only,True,False,False,183.23875485889042,after
Yobe | Millet,2025-01-01,2025-07-01,6,All past changes,True,False,False,89.39497190580448,after
Yobe | Millet,2025-01-01,2025-07-01,6,Last 24 months only,True,False,False,91.6995899692143,after
Yobe | Oil (palm),2025-01-01,2025-07-01,6,All past changes,True,False,False,38.31814890276348,after
Yobe | Oil (palm),2025-01-01,2025-07-01,6,Last 24 months only,False,False,True,29.736889599269677,after
Yobe | Rice (imported),2025-01-01,2025-07-01,6,All past changes,False,False,True,62.54807961565593,after
Yobe | Rice (imported),2025-01-01,2025-07-01,6,Last 24 months only,False,False,True,56.303497037473264,after
Yobe | Rice (local),2025-01-01,2025-07-01,6,All past changes,False,False,True,70.6065443596674,after
Yobe | Rice (local),2025-01-01,2025-07-01,6,Last 24 months only,False,False,True,50.47455712954538,after
Yobe | Yam,2025-01-01,2025-07-01,6,All past changes,True,False,False,142.8649557149177,after
Yobe | Yam,2025-01-01,2025-07-01,6,Last 24 months only,True,False,False,183.23875485889042,after
Borno | Millet,2025-02-01,2025-08-01,6,All past changes,False,False,True,89.80842609875107,after
Borno | Millet,2025-02-01,2025-08-01,6,Last 24 months only,False,False,True,95.21112382376872,after
Borno | Oil (palm),2025-02-01,2025-08-01,6,All past changes,True,False,False,40.32838206160759,after
Borno | Oil (palm),2025-02-01,2025-08-01,6,Last 24 months only,False,False,True,43.749582366053886,after
Borno | Rice (imported),2025-02-01,2025-08-01,6,All past changes,False,False,True,62.00841109778408,after
Borno | Rice (imported),2025-02-01,2025-08-01,6,Last 24 months only,False,False,True,62.11920932031547,after
Borno | Rice (local),2025-02-01,2025-08-01,6,All past changes,False,False,True,70.3918553433218,after
Borno | Rice (local),2025-02-01,2025-08-01,6,Last 24 months only,False,False,True,53.13654765759597,after
Borno | Yam,2025-02-01,2025-08-01,6,All past changes,True,False,False,141.33323535576247,after
Borno | Yam,2025-02-01,2025-08-01,6,Last 24 months only,True,False,False,169.23675325353435,after
Yobe | Millet,2025-02-01,2025-08-01,6,All past changes,False,False,True,89.80842609875107,after
Yobe | Millet,2025-02-01,2025-08-01,6,Last 24 months only,False,False,True,95.21112382376872,after
Yobe | Oil (palm),2025-02-01,2025-08-01,6,All past changes,True,False,False,40.32838206160759,after
Yobe | Oil (palm),2025-02-01,2025-08-01,6,Last 24 months only,False,False,True,43.749582366053886,after
Yobe | Rice (imported),2025-02-01,2025-08-01,6,All past changes,False,False,True,62.00841109778408,after
Yobe | Rice (imported),2025-02-01,2025-08-01,6,Last 24 months only,False,False,True,62.11920932031547,after
Yobe | Rice (local),2025-02-01,2025-08-01,6,All past changes,False,False,True,70.3918553433218,after
Yobe | Rice (local),2025-02-01,2025-08-01,6,Last 24 months only,False,False,True,53.13654765759597,after
Yobe | Yam,2025-02-01,2025-08-01,6,All past changes,True,False,False,141.33323535576247,after
Yobe | Yam,2025-02-01,2025-08-01,6,Last 24 months only,True,False,False,169.23675325353435,after
Borno | Millet,2025-03-01,2025-09-01,6,All past changes,True,False,False,90.28866256838171,after
Borno | Millet,2025-03-01,2025-09-01,6,Last 24 months only,True,False,False,108.95264065930715,after
Borno | Oil (palm),2025-03-01,2025-09-01,6,All past changes,True,False,False,40.62225683765208,after
Borno | Oil (palm),2025-03-01,2025-09-01,6,Last 24 months only,True,False,False,43.749582366053886,after
Borno | Rice (imported),2025-03-01,2025-09-01,6,All past changes,True,False,False,63.118147364357654,after
Borno | Rice (imported),2025-03-01,2025-09-01,6,Last 24 months only,False,False,True,75.27861208204908,after
Borno | Rice (local),2025-03-01,2025-09-01,6,All past changes,False,False,True,70.6841691208789,after
Borno | Rice (local),2025-03-01,2025-09-01,6,Last 24 months only,False,False,True,64.06299646680984,after
Borno | Yam,2025-03-01,2025-09-01,6,All past changes,True,False,False,140.28834809550196,after
Borno | Yam,2025-03-01,2025-09-01,6,Last 24 months only,False,False,True,151.67563749617577,after
Yobe | Millet,2025-03-01,2025-09-01,6,All past changes,False,False,True,90.28866256838171,after
Yobe | Millet,2025-03-01,2025-09-01,6,Last 24 months only,False,False,True,108.95264065930715,after
Yobe | Oil (palm),2025-03-01,2025-09-01,6,All past changes,True,False,False,40.62225683765208,after
Yobe | Oil (palm),2025-03-01,2025-09-01,6,Last 24 months only,True,False,False,43.749582366053886,after
Yobe | Rice (imported),2025-03-01,2025-09-01,6,All past changes,True,False,False,63.118147364357654,after
Yobe | Rice (imported),2025-03-01,2025-09-01,6,Last 24 months only,False,False,True,75.27861208204908,after
Yobe | Rice (local),2025-03-01,2025-09-01,6,All past changes,False,False,True,70.6841691208789,after
Yobe | Rice (local),2025-03-01,2025-09-01,6,Last 24 months only,False,False,True,64.06299646680984,after
Yobe | Yam,2025-03-01,2025-09-01,6,All past changes,True,False,False,140.28834809550196,after
Yobe | Yam,2025-03-01,2025-09-01,6,Last 24 months only,False,False,True,151.67563749617577,after
Borno | Millet,2025-04-01,2025-10-01,6,All past changes,False,False,True,91.5874272148392,after
Borno | Millet,2025-04-01,2025-10-01,6,Last 24 months only,False,False,True,112.14300539400499,after
Borno | Oil (palm),2025-04-01,2025-10-01,6,All past changes,True,False,False,40.556106777226056,after
Borno | Oil (palm),2025-04-01,2025-10-01,6,Last 24 months only,True,False,False,43.749582366053886,after
Borno | Rice (imported),2025-04-01,2025-10-01,6,All past changes,False,False,True,63.30093683198391,after
Borno | Rice (imported),2025-04-01,2025-10-01,6,Last 24 months only,False,False,True,77.6100701379606,after
Borno | Rice (local),2025-04-01,2025-10-01,6,All past changes,False,False,True,70.46126438402726,after
Borno | Rice (local),2025-04-01,2025-10-01,6,Last 24 months only,False,False,True,67.81704550504544,after
Borno | Yam,2025-04-01,2025-10-01,6,All past changes,True,False,False,139.72939484998759,after
Borno | Yam,2025-04-01,2025-10-01,6,Last 24 months only,True,False,False,151.67563749617577,after
Yobe | Millet,2025-04-01,2025-10-01,6,All past changes,False,False,True,91.5874272148392,after
Yobe | Millet,2025-04-01,2025-10-01,6,Last 24 months only,False,False,True,112.14300539400499,after
Yobe | Oil (palm),2025-04-01,2025-10-01,6,All past changes,True,False,False,40.556106777226056,after
Yobe | Oil (palm),2025-04-01,2025-10-01,6,Last 24 months only,True,False,False,43.749582366053886,after
Yobe | Rice (imported),2025-04-01,2025-10-01,6,All past changes,False,False,True,63.30093683198391,after
Yobe | Rice (imported),2025-04-01,2025-10-01,6,Last 24 months only,False,False,True,77.6100701379606,after
Yobe | Rice (local),2025-04-01,2025-10-01,6,All past changes,False,False,True,70.46126438402726,after
Yobe | Rice (local),2025-04-01,2025-10-01,6,Last 24 months only,False,False,True,67.81704550504544,after
Yobe | Yam,2025-04-01,2025-10-01,6,All past changes,True,False,False,139.72939484998759,after
Yobe | Yam,2025-04-01,2025-10-01,6,Last 24 months only,False,False,True,151.67563749617577,after
Borno | Millet,2025-05-01,2025-11-01,6,All past changes,False,False,True,92.68929674845275,after
Borno | Millet,2025-05-01,2025-11-01,6,Last 24 months only,False,False,True,112.57957467343343,after
Borno | Oil (palm),2025-05-01,2025-11-01,6,All past changes,True,False,False,40.47260429505426,after
Borno | Oil (palm),2025-05-01,2025-11-01,6,Last 24 months only,True,False,False,42.55876671277543,after
Borno | Rice (imported),2025-05-01,2025-11-01,6,All past changes,False,False,True,63.22914622898973,after
Borno | Rice (imported),2025-05-01,2025-11-01,6,Last 24 months only,False,False,True,74.05020056259795,after
Borno | Rice (local),2025-05-01,2025-11-01,6,All past changes,False,False,True,70.22148658073452,after
Borno | Rice (local),2025-05-01,2025-11-01,6,Last 24 months only,False,False,True,67.26060023369104,after
Borno | Yam,2025-05-01,2025-11-01,6,All past changes,True,False,False,139.17146372529092,after
Borno | Yam,2025-05-01,2025-11-01,6,Last 24 months only,False,False,True,148.44536477291376,after
Yobe | Millet,2025-05-01,2025-11-01,6,All past changes,False,False,True,92.68929674845275,after
Yobe | Millet,2025-05-01,2025-11-01,6,Last 24 months only,False,False,True,112.57957467343343,after
Yobe | Oil (palm),2025-05-01,2025-11-01,6,All past changes,True,False,False,40.47260429505426,after
Yobe | Oil (palm),2025-05-01,2025-11-01,6,Last 24 months only,False,False,True,42.55876671277543,after
Yobe | Rice (imported),2025-05-01,2025-11-01,6,All past changes,False,False,True,63.22914622898973,after
Yobe | Rice (imported),2025-05-01,2025-11-01,6,Last 24 months only,True,False,False,74.05020056259795,after
Yobe | Rice (local),2025-05-01,2025-11-01,6,All past changes,False,False,True,70.22148658073452,after
Yobe | Rice (local),2025-05-01,2025-11-01,6,Last 24 months only,False,False,True,67.26060023369104,after
Yobe | Yam,2025-05-01,2025-11-01,6,All past changes,True,False,False,139.17146372529092,after
Yobe | Yam,2025-05-01,2025-11-01,6,Last 24 months only,False,False,True,148.44536477291376,after
Borno | Millet,2025-06-01,2025-12-01,6,All past changes,False,False,True,93.32367736434023,after
Borno | Millet,2025-06-01,2025-12-01,6,Last 24 months only,False,False,True,112.85128389143672,after
Borno | Oil (palm),2025-06-01,2025-12-01,6,All past changes,False,True,False,40.28131633458143,after
Borno | Oil (palm),2025-06-01,2025-12-01,6,Last 24 months only,True,False,False,42.55876671277543,after
Borno | Rice (imported),2025-06-01,2025-12-01,6,All past changes,False,False,True,63.128769205608094,after
Borno | Rice (imported),2025-06-01,2025-12-01,6,Last 24 months only,False,False,True,74.69277072384216,after
Borno | Rice (local),2025-06-01,2025-12-01,6,All past changes,False,False,True,69.98201714865007,after
Borno | Rice (local),2025-06-01,2025-12-01,6,Last 24 months only,False,False,True,69.01923276172985,after
Borno | Yam,2025-06-01,2025-12-01,6,All past changes,True,False,False,138.61455211531722,after
Borno | Yam,2025-06-01,2025-12-01,6,Last 24 months only,False,False,True,148.33678372734147,after
Yobe | Millet,2025-06-01,2025-12-01,6,All past changes,False,False,True,93.32367736434023,after
Yobe | Millet,2025-06-01,2025-12-01,6,Last 24 months only,False,False,True,112.85128389143672,after
Yobe | Oil (palm),2025-06-01,2025-12-01,6,All past changes,True,False,False,40.28131633458143,after
Yobe | Oil (palm),2025-06-01,2025-12-01,6,Last 24 months only,False,False,True,42.55876671277543,after
Yobe | Rice (imported),2025-06-01,2025-12-01,6,All past changes,False,False,True,63.128769205608094,after
Yobe | Rice (imported),2025-06-01,2025-12-01,6,Last 24 months only,False,False,True,74.69277072384216,after
Yobe | Rice (local),2025-06-01,2025-12-01,6,All past changes,False,False,True,69.98201714865007,after
Yobe | Rice (local),2025-06-01,2025-12-01,6,Last 24 months only,False,False,True,69.01923276172985,after
Yobe | Yam,2025-06-01,2025-12-01,6,All past changes,True,False,False,138.61455211531722,after
Yobe | Yam,2025-06-01,2025-12-01,6,Last 24 months only,False,False,True,148.33678372734147,after
Borno | Millet,2025-07-01,2026-01-01,6,All past changes,False,False,True,93.6518194137588,after
Borno | Millet,2025-07-01,2026-01-01,6,Last 24 months only,True,False,False,109.35177505966527,after
Borno | Oil (palm),2025-07-01,2026-01-01,6,All past changes,True,False,False,40.08972930662325,after
Borno | Oil (palm),2025-07-01,2026-01-01,6,Last 24 months only,False,False,True,43.184185984287346,after
Borno | Rice (imported),2025-07-01,2026-01-01,6,All past changes,False,False,True,63.438229613176,after
Borno | Rice (imported),2025-07-01,2026-01-01,6,Last 24 months only,False,False,True,79.35763307978557,after
Borno | Rice (local),2025-07-01,2026-01-01,6,All past changes,False,False,True,69.98349464113278,after
Borno | Rice (local),2025-07-01,2026-01-01,6,Last 24 months only,False,False,True,71.08720335499896,after
Borno | Yam,2025-07-01,2026-01-01,6,All past changes,True,False,False,138.058657419634,after
Borno | Yam,2025-07-01,2026-01-01,6,Last 24 months only,True,False,False,147.4847443716951,after
Yobe | Millet,2025-07-01,2026-01-01,6,All past changes,False,False,True,93.6518194137588,after
Yobe | Millet,2025-07-01,2026-01-01,6,Last 24 months only,False,False,True,109.35177505966527,after
Yobe | Oil (palm),2025-07-01,2026-01-01,6,All past changes,True,False,False,40.08972930662325,after
Yobe | Oil (palm),2025-07-01,2026-01-01,6,Last 24 months only,False,False,True,43.184185984287346,after
Yobe | Rice (imported),2025-07-01,2026-01-01,6,All past changes,False,False,True,63.438229613176,after
Yobe | Rice (imported),2025-07-01,2026-01-01,6,Last 24 months only,False,False,True,79.35763307978557,after
Yobe | Rice (local),2025-07-01,2026-01-01,6,All past changes,False,False,True,69.98349464113278,after
Yobe | Rice (local),2025-07-01,2026-01-01,6,Last 24 months only,False,False,True,71.08720335499896,after
Yobe | Yam,2025-07-01,2026-01-01,6,All past changes,False,False,True,138.058657419634,after
Yobe | Yam,2025-07-01,2026-01-01,6,Last 24 months only,False,False,True,147.4847443716951,after
Borno | Millet,2025-08-01,2026-02-01,6,All past changes,True,False,False,94.7745599414407,after
Borno | Millet,2025-08-01,2026-02-01,6,Last 24 months only,True,False,False,106.63497995068934,after
Borno | Oil (palm),2025-08-01,2026-02-01,6,All past changes,True,False,False,39.91498680404322,after
Borno | Oil (palm),2025-08-01,2026-02-01,6,Last 24 months only,False,False,True,44.938009011646216,after
Borno | Rice (imported),2025-08-01,2026-02-01,6,All past changes,True,False,False,64.29554928725975,after
Borno | Rice (imported),2025-08-01,2026-02-01,6,Last 24 months only,True,False,False,79.35763307978557,after
Borno | Rice (local),2025-08-01,2026-02-01,6,All past changes,False,False,True,70.87113562544415,after
Borno | Rice (local),2025-08-01,2026-02-01,6,Last 24 months only,False,False,True,71.92125136258936,after
Borno | Yam,2025-08-01,2026-02-01,6,All past changes,True,False,False,137.3149751583207,after
Borno | Yam,2025-08-01,2026-02-01,6,Last 24 months only,True,False,False,129.0745769520618,after
Yobe | Millet,2025-08-01,2026-02-01,6,All past changes,True,False,False,94.7745599414407,after
Yobe | Millet,2025-08-01,2026-02-01,6,Last 24 months only,True,False,False,106.63497995068934,after
Yobe | Oil (palm),2025-08-01,2026-02-01,6,All past changes,True,False,False,39.91498680404322,after
Yobe | Oil (palm),2025-08-01,2026-02-01,6,Last 24 months only,False,False,True,44.938009011646216,after
Yobe | Rice (imported),2025-08-01,2026-02-01,6,All past changes,False,False,True,64.29554928725975,after
Yobe | Rice (imported),2025-08-01,2026-02-01,6,Last 24 months only,True,False,False,79.35763307978557,after
Yobe | Rice (local),2025-08-01,2026-02-01,6,All past changes,True,False,False,70.87113562544415,after
Yobe | Rice (local),2025-08-01,2026-02-01,6,Last 24 months only,False,False,True,71.92125136258936,after
Yobe | Yam,2025-08-01,2026-02-01,6,All past changes,True,False,False,137.3149751583207,after
Yobe | Yam,2025-08-01,2026-02-01,6,Last 24 months only,False,False,True,129.0745769520618,after
Borno | Millet,2025-09-01,2026-03-01,6,All past changes,True,False,False,94.2751622491824,after
Borno | Millet,2025-09-01,2026-03-01,6,Last 24 months only,True,False,False,102.10228528590429,after
Borno | Oil (palm),2025-09-01,2026-03-01,6,All past changes,True,False,False,39.75712815797667,after
Borno | Oil (palm),2025-09-01,2026-03-01,6,Last 24 months only,False,False,True,43.79464157471589,after
Borno | Rice (imported),2025-09-01,2026-03-01,6,All past changes,True,False,False,64.16863073453254,after
Borno | Rice (imported),2025-09-01,2026-03-01,6,Last 24 months only,True,False,False,76.90861253436252,after
Borno | Rice (local),2025-09-01,2026-03-01,6,All past changes,False,False,True,71.6526995205086,after
Borno | Rice (local),2025-09-01,2026-03-01,6,Last 24 months only,False,False,True,74.83370219669465,after
Borno | Yam,2025-09-01,2026-03-01,6,All past changes,True,False,False,136.37835152640864,after
Borno | Yam,2025-09-01,2026-03-01,6,Last 24 months only,True,False,False,120.65946572100242,after
Yobe | Millet,2025-09-01,2026-03-01,6,All past changes,True,False,False,94.2751622491824,after
Yobe | Millet,2025-09-01,2026-03-01,6,Last 24 months only,True,False,False,102.10228528590429,after
Yobe | Oil (palm),2025-09-01,2026-03-01,6,All past changes,False,False,True,39.75712815797667,after
Yobe | Oil (palm),2025-09-01,2026-03-01,6,Last 24 months only,False,False,True,43.79464157471589,after
Yobe | Rice (imported),2025-09-01,2026-03-01,6,All past changes,True,False,False,64.16863073453254,after
Yobe | Rice (imported),2025-09-01,2026-03-01,6,Last 24 months only,True,False,False,76.90861253436252,after
Yobe | Rice (local),2025-09-01,2026-03-01,6,All past changes,True,False,False,71.6526995205086,after
Yobe | Rice (local),2025-09-01,2026-03-01,6,Last 24 months only,True,False,False,74.83370219669465,after
Yobe | Yam,2025-09-01,2026-03-01,6,All past changes,True,False,False,136.37835152640864,after
Yobe | Yam,2025-09-01,2026-03-01,6,Last 24 months only,False,False,True,120.65946572100242,after
Borno | Millet,2025-10-01,2026-04-01,6,All past changes,True,False,False,94.8016135318208,after
Borno | Millet,2025-10-01,2026-04-01,6,Last 24 months only,True,False,False,102.62563313795687,after
Borno | Oil (palm),2025-10-01,2026-04-01,6,All past changes,True,False,False,39.59902207065183,after
Borno | Oil (palm),2025-10-01,2026-04-01,6,Last 24 months only,False,False,True,43.79464157471589,after
Borno | Rice (imported),2025-10-01,2026-04-01,6,All past changes,True,False,False,64.98458830653131,after
Borno | Rice (imported),2025-10-01,2026-04-01,6,Last 24 months only,True,False,False,79.95294477755702,after
Borno | Rice (local),2025-10-01,2026-04-01,6,All past changes,True,False,False,72.24469872399297,after
Borno | Rice (local),2025-10-01,2026-04-01,6,Last 24 months only,True,False,False,79.18502733671154,after
Borno | Yam,2025-10-01,2026-04-01,6,All past changes,True,False,False,135.43582241520403,after
Borno | Yam,2025-10-01,2026-04-01,6,Last 24 months only,True,False,False,117.99796976850931,after
Yobe | Millet,2025-10-01,2026-04-01,6,All past changes,True,False,False,94.8016135318208,after
Yobe | Millet,2025-10-01,2026-04-01,6,Last 24 months only,True,False,False,102.62563313795687,after
Yobe | Oil (palm),2025-10-01,2026-04-01,6,All past changes,False,False,True,39.59902207065183,after
Yobe | Oil (palm),2025-10-01,2026-04-01,6,Last 24 months only,False,False,True,43.79464157471589,after
Yobe | Rice (imported),2025-10-01,2026-04-01,6,All past changes,True,False,False,64.98458830653131,after
Yobe | Rice (imported),2025-10-01,2026-04-01,6,Last 24 months only,True,False,False,79.95294477755702,after
Yobe | Rice (local),2025-10-01,2026-04-01,6,All past changes,True,False,False,72.24469872399297,after
Yobe | Rice (local),2025-10-01,2026-04-01,6,Last 24 months only,True,False,False,79.18502733671154,after
Yobe | Yam,2025-10-01,2026-04-01,6,All past changes,True,False,False,135.43582241520403,after
Yobe | Yam,2025-10-01,2026-04-01,6,Last 24 months only,True,False,False,117.99796976850931,after
Borno | Millet,2025-11-01,2026-05-01,6,All past changes,True,False,False,95.21154563553392,after
Borno | Millet,2025-11-01,2026-05-01,6,Last 24 months only,True,False,False,102.90591972918594,after
Borno | Oil (palm),2025-11-01,2026-05-01,6,All past changes,True,False,False,39.44066812846625,after
Borno | Oil (palm),2025-11-01,2026-05-01,6,Last 24 months only,False,False,True,44.520480329763345,after
Borno | Rice (imported),2025-11-01,2026-05-01,6,All past changes,True,False,False,65.7998438109329,after
Borno | Rice (imported),2025-11-01,2026-05-01,6,Last 24 months only,True,False,False,81.7725292079925,after
Borno | Rice (local),2025-11-01,2026-05-01,6,All past changes,True,False,False,72.90686203861246,after
Borno | Rice (local),2025-11-01,2026-05-01,6,Last 24 months only,True,False,False,82.87547853131596,after
Borno | Yam,2025-11-01,2026-05-01,6,All past changes,True,False,False,134.48732916530753,after
Borno | Yam,2025-11-01,2026-05-01,6,Last 24 months only,True,False,False,110.64694486410771,after
Yobe | Millet,2025-11-01,2026-05-01,6,All past changes,True,False,False,95.21154563553392,after
Yobe | Millet,2025-11-01,2026-05-01,6,Last 24 months only,True,False,False,102.90591972918594,after
Yobe | Oil (palm),2025-11-01,2026-05-01,6,All past changes,False,False,True,39.44066812846625,after
Yobe | Oil (palm),2025-11-01,2026-05-01,6,Last 24 months only,False,False,True,44.520480329763345,after
Yobe | Rice (imported),2025-11-01,2026-05-01,6,All past changes,True,False,False,65.7998438109329,after
Yobe | Rice (imported),2025-11-01,2026-05-01,6,Last 24 months only,True,False,False,81.7725292079925,after
Yobe | Rice (local),2025-11-01,2026-05-01,6,All past changes,True,False,False,72.90686203861246,after
Yobe | Rice (local),2025-11-01,2026-05-01,6,Last 24 months only,True,False,False,82.87547853131596,after
Yobe | Yam,2025-11-01,2026-05-01,6,All past changes,True,False,False,134.48732916530753,after
Yobe | Yam,2025-11-01,2026-05-01,6,Last 24 months only,True,False,False,110.64694486410771,after
Borno | Millet,2025-12-01,2026-06-01,6,All past changes,True,False,False,95.82497474675004,after
Borno | Millet,2025-12-01,2026-06-01,6,Last 24 months only,True,False,False,104.47513194012927,after
Borno | Oil (palm),2025-12-01,2026-06-01,6,All past changes,False,False,True,39.336196111396674,after
Borno | Oil (palm),2025-12-01,2026-06-01,6,Last 24 months only,False,False,True,44.520480329763345,after
Borno | Rice (imported),2025-12-01,2026-06-01,6,All past changes,True,False,False,67.32487071623507,after
Borno | Rice (imported),2025-12-01,2026-06-01,6,Last 24 months only,True,False,False,81.7725292079925,after
Borno | Rice (local),2025-12-01,2026-06-01,6,All past changes,True,False,False,73.05345758389011,after
Borno | Rice (local),2025-12-01,2026-06-01,6,Last 24 months only,True,False,False,83.31595270648918,after
Borno | Yam,2025-12-01,2026-06-01,6,All past changes,True,False,False,135.0649383569473,after
Borno | Yam,2025-12-01,2026-06-01,6,Last 24 months only,True,False,False,103.45743686256084,after
Yobe | Millet,2025-12-01,2026-06-01,6,All past changes,True,False,False,95.82497474675004,after
Yobe | Millet,2025-12-01,2026-06-01,6,Last 24 months only,True,False,False,104.47513194012927,after
Yobe | Oil (palm),2025-12-01,2026-06-01,6,All past changes,False,False,True,39.336196111396674,after
Yobe | Oil (palm),2025-12-01,2026-06-01,6,Last 24 months only,False,False,True,44.520480329763345,after
Yobe | Rice (imported),2025-12-01,2026-06-01,6,All past changes,True,False,False,67.32487071623507,after
Yobe | Rice (imported),2025-12-01,2026-06-01,6,Last 24 months only,True,False,False,81.7725292079925,after
Yobe | Rice (local),2025-12-01,2026-06-01,6,All past changes,True,False,False,73.05345758389011,after
Yobe | Rice (local),2025-12-01,2026-06-01,6,Last 24 months only,True,False,False,83.31595270648918,after
Yobe | Yam,2025-12-01,2026-06-01,6,All past changes,True,False,False,135.0649383569473,after
Yobe | Yam,2025-12-01,2026-06-01,6,Last 24 months only,True,False,False,103.45743686256084,after
Borno | Millet,2026-01-01,2026-07-01,6,All past changes,True,False,False,96.20460246038924,after
Borno | Millet,2026-01-01,2026-07-01,6,Last 24 months only,True,False,False,105.61389107880035,after
Borno | Oil (palm),2026-01-01,2026-07-01,6,All past changes,True,False,False,39.241428657246956,after
Borno | Oil (palm),2026-01-01,2026-07-01,6,Last 24 months only,True,False,False,45.90228906360757,after
Borno | Rice (imported),2026-01-01,2026-07-01,6,All past changes,True,False,False,68.21027352550213,after
Borno | Rice (imported),2026-01-01,2026-07-01,6,Last 24 months only,True,False,False,77.44302435342986,after
Borno | Rice (local),2026-01-01,2026-07-01,6,All past changes,True,False,False,75.76420678721601,after
Borno | Rice (local),2026-01-01,2026-07-01,6,Last 24 months only,True,False,False,85.39631005791333,after
Borno | Yam,2026-01-01,2026-07-01,6,All past changes,True,False,False,135.4914858137898,after
Borno | Yam,2026-01-01,2026-07-01,6,Last 24 months only,True,False,False,104.53262599402792,after
Yobe | Millet,2026-01-01,2026-07-01,6,All past changes,True,False,False,96.20460246038924,after
Yobe | Millet,2026-01-01,2026-07-01,6,Last 24 months only,True,False,False,105.61389107880035,after
Yobe | Oil (palm),2026-01-01,2026-07-01,6,All past changes,True,False,False,39.241428657246956,after
Yobe | Oil (palm),2026-01-01,2026-07-01,6,Last 24 months only,True,False,False,45.90228906360757,after
Yobe | Rice (imported),2026-01-01,2026-07-01,6,All past changes,True,False,False,68.21027352550213,after
Yobe | Rice (imported),2026-01-01,2026-07-01,6,Last 24 months only,True,False,False,77.44302435342986,after
Yobe | Rice (local),2026-01-01,2026-07-01,6,All past changes,True,False,False,75.76420678721601,after
Yobe | Rice (local),2026-01-01,2026-07-01,6,Last 24 months only,True,False,False,85.39631005791333,after
Yobe | Yam,2026-01-01,2026-07-01,6,All past changes,True,False,False,135.4914858137898,after
Yobe | Yam,2026-01-01,2026-07-01,6,Last 24 months only,True,False,False,104.53262599402792,after
Borno | Millet,2026-02-01,2026-08-01,6,All past changes,True,False,False,96.03520842256646,after
Borno | Millet,2026-02-01,2026-08-01,6,Last 24 months only,True,False,False,105.61389107880035,after
Borno | Oil (palm),2026-02-01,2026-08-01,6,All past changes,True,False,False,39.228459722934474,after
Borno | Oil (palm),2026-02-01,2026-08-01,6,Last 24 months only,True,False,False,47.07654711374211,after
Borno | Rice (imported),2026-02-01,2026-08-01,6,All past changes,False,False,True,67.65499031498926,after
Borno | Rice (imported),2026-02-01,2026-08-01,6,Last 24 months only,False,False,True,70.58234089190618,after
Borno | Rice (local),2026-02-01,2026-08-01,6,All past changes,True,False,False,75.62957771835399,after
Borno | Rice (local),2026-02-01,2026-08-01,6,Last 24 months only,True,False,False,85.39631005791333,after
Borno | Yam,2026-02-01,2026-08-01,6,All past changes,True,False,False,133.58206334648847,after
Borno | Yam,2026-02-01,2026-08-01,6,Last 24 months only,True,False,False,104.53262599402792,after
Yobe | Millet,2026-02-01,2026-08-01,6,All past changes,True,False,False,96.03520842256646,after
Yobe | Millet,2026-02-01,2026-08-01,6,Last 24 months only,True,False,False,105.61389107880035,after
Yobe | Oil (palm),2026-02-01,2026-08-01,6,All past changes,False,True,False,39.228459722934474,after
Yobe | Oil (palm),2026-02-01,2026-08-01,6,Last 24 months only,True,False,False,47.07654711374211,after
Yobe | Rice (imported),2026-02-01,2026-08-01,6,All past changes,True,False,False,67.65499031498926,after
Yobe | Rice (imported),2026-02-01,2026-08-01,6,Last 24 months only,True,False,False,70.58234089190618,after
Yobe | Rice (local),2026-02-01,2026-08-01,6,All past changes,True,False,False,75.62957771835399,after
Yobe | Rice (local),2026-02-01,2026-08-01,6,Last 24 months only,True,False,False,85.39631005791333,after
Yobe | Yam,2026-02-01,2026-08-01,6,All past changes,True,False,False,133.58206334648847,after
Yobe | Yam,2026-02-01,2026-08-01,6,Last 24 months only,True,False,False,104.53262599402792,after
Borno | Millet,2026-03-01,2026-09-01,6,All past changes,True,False,False,95.86560307201471,after
Borno | Millet,2026-03-01,2026-09-01,6,Last 24 months only,True,False,False,105.61389107880035,after
Borno | Oil (palm),2026-03-01,2026-09-01,6,All past changes,True,False,False,39.59902207065183,after
Borno | Oil (palm),2026-03-01,2026-09-01,6,Last 24 months only,True,False,False,49.385747284511474,after
Borno | Rice (imported),2026-03-01,2026-09-01,6,All past changes,False,False,True,67.10104067868717,after
Borno | Rice (imported),2026-03-01,2026-09-01,6,Last 24 months only,False,False,True,68.29786135789165,after
Borno | Rice (local),2026-03-01,2026-09-01,6,All past changes,True,False,False,75.14542903889998,after
Borno | Rice (local),2026-03-01,2026-09-01,6,Last 24 months only,True,False,False,84.34533382920364,after
Borno | Yam,2026-03-01,2026-09-01,6,All past changes,True,False,False,131.68303134256897,after
Borno | Yam,2026-03-01,2026-09-01,6,Last 24 months only,True,False,False,104.53262599402792,after
